group,channel,iteration,max_density,peak_background_ratio,peak_x_mm,peak_y_mm,peak_z_mm,p99_density,p999_density,volume_weighted_p999_density,background_mean,background_cv,tiny_mass_fraction,source_z_leakage,total_integral,integral_recovery
baseline,440_ComptonOnly,50,2144706.25,3284.1923828125,-231.3510865670048,-63.84884293600199,58.5,1257.3067626953125,10290.7783203125,2048.401302142409,653.0391845703125,0.401339365575284,0.007759086254407956,0.31868474679095465,3560204653.961963,1.0082862736358835
baseline,440_ComptonOnly,100,2777579.5,3685.986083984375,-231.3510865670048,-63.84884293600199,58.5,1530.9923095703125,22652.28515625,3476.2619160535096,753.55126953125,0.43161891156004156,0.013393297417169926,0.26266546549074254,3557582708.895686,1.0075437120481352
baseline,440_ComptonOnly,150,2895617.0,3590.648681640625,-231.3510865670048,-63.84884293600199,58.5,1689.0323486328125,29996.0078125,4157.7396491517775,806.432861328125,0.458429478960834,0.018912694485899287,0.23422013663030855,3555639498.7608147,1.0069933751163522
baseline,440_ComptonOnly,200,2947700.5,3518.17236328125,-231.3510865670048,-63.84884293600199,58.5,1774.2091064453125,33064.5078125,4066.960026868861,837.8499145507812,0.48694983213418075,0.024013718206480517,0.21777082859612257,3554422194.2167974,1.0066486220524515
baseline,440_ComptonOnly,250,2977872.0,3471.495849609375,-231.3510865670048,-63.84884293600199,58.5,1824.06640625,33725.04296875,3837.0036789053556,857.8065795898438,0.5154385813369756,0.028580108826024624,0.20755485599909004,3553656365.624506,1.0064317315833302
baseline,440_ComptonOnly,300,2996496.0,3439.829345703125,-231.3510865670048,-63.84884293600199,58.5,1858.955322265625,34717.3046875,3870.9501099867925,871.1176147460938,0.5431592015661566,0.03262229184818896,0.20085658691966066,3553174920.0597854,1.0062953812884474
baseline,440_ComptonOnly,350,3008554.75,3417.450439453125,-231.3510865670048,-63.84884293600199,58.5,1895.7584228515625,36096.61328125,4029.381532872347,880.3506469726562,0.570334238905299,0.03618971424707588,0.19625971175354723,3552871724.2876935,1.0062095131530626
baseline,440_ComptonOnly,400,3016778.75,3401.215087890625,-231.3510865670048,-63.84884293600199,58.5,1911.7000732421875,36202.4296875,4145.932569783882,886.9708862304688,0.597431787533432,0.039343529612615294,0.19297466793519086,3552680469.506093,1.0061553478480314
baseline,440_ComptonOnly,450,3022679.75,3389.190185546875,-231.3510865670048,-63.84884293600199,58.5,1928.581787109375,35918.9375,4232.199801927886,891.8590087890625,0.6248489449035047,0.04214307370581873,0.19053761665896282,3552559930.9020276,1.006121210085814
baseline,440_ComptonOnly,500,3027105.25,3380.10107421875,-231.3510865670048,-63.84884293600199,58.5,1943.5562744140625,33408.05859375,4365.761471377755,895.5664672851562,0.6528348981504142,0.044640019135028644,0.1886643369882928,3552484360.2633085,1.0060998077100753
baseline,440_ComptonOnly,550,3054390.5,3399.620849609375,102.27463389889029,-140.76895702124088,58.5,1955.250244140625,33645.4765625,4487.154188912016,898.4503173828125,0.6815042720178585,0.04687713512810118,0.18717467674140403,3552437384.0965223,1.0060865035804643
baseline,440_ComptonOnly,600,3166097.75,3514.964599609375,102.27463389889029,-140.76895702124088,58.5,1969.106201171875,33621.671875,4619.809952767822,900.7481079101562,0.7108729946360098,0.0488891436328292,0.1859512838622286,3552408399.049781,1.006078294719567
baseline,440_ComptonOnly,650,3255250.0,3606.441162109375,102.27463389889029,-140.76895702124088,58.5,1993.62939453125,33643.4140625,4689.205462211305,902.6211547851562,0.7408924272130896,0.05070425665854538,0.1849160133984985,3552390464.1791277,1.0060732153812546
baseline,440_ComptonOnly,700,3326647.75,3679.181396484375,102.27463389889029,-140.76895702124088,58.5,2004.5634765625,33777.2265625,4793.069252370455,904.1815185546875,0.771475842963229,0.052345706132391596,0.18401588643764352,3552378908.8852024,1.006069942804146
baseline,440_ComptonOnly,750,3384034.75,3737.165771484375,102.27463389889029,-140.76895702124088,58.5,2027.955322265625,32759.83984375,4899.672300671137,905.5083618164062,0.8025180089120616,0.05383292986347368,0.18321444758531621,3552370670.011922,1.0060676094711927
baseline,440_ComptonOnly,800,3430338.5,3783.496826171875,102.27463389889029,-140.76895702124088,58.5,2044.583740234375,31356.958984375,4979.099489926419,906.658203125,0.8339076525875199,0.05518253370050804,0.18248632000911466,3552363722.41079,1.0060656418396836
baseline,440_ComptonOnly,850,3467854.5,3820.603515625,102.27463389889029,-140.76895702124088,58.5,2068.240478515625,30124.44921875,5093.485998886678,907.6719360351562,0.8655356019047968,0.0564088764289344,0.18181366401124252,3552356756.5463085,1.0060636690358076
baseline,440_ComptonOnly,900,3498381.0,3850.3837890625,102.27463389889029,-140.76895702124088,58.5,2100.775146484375,31197.181640625,5165.302166201717,908.579833984375,0.8972987817150037,0.05752454988932224,0.1811838385497696,3552348992.953223,1.0060614703070538
baseline,440_ComptonOnly,950,3523347.25,3874.34716796875,102.27463389889029,-140.76895702124088,58.5,2128.427001953125,31587.091796875,5235.3858934706495,909.4041137695312,0.9291029597487247,0.05854069230121316,0.18058786041265554,3552339975.6949067,1.0060589165275187
baseline,440_ComptonOnly,1000,3543884.0,3893.685546875,102.27463389889029,-140.76895702124088,58.5,2154.292724609375,32842.06640625,5292.57411809241,910.161865234375,0.9608647130127684,0.05946699987890328,0.18001920363048438,3552329499.882228,1.0060559496705102
baseline,440_ComptonOnly,1050,3560893.0,3909.35107421875,102.27463389889029,-140.76895702124088,58.5,2186.39697265625,32135.474609375,5388.26611886073,910.865478515625,0.9925095251688263,0.06031238243940257,0.17947341067760667,3552317590.8692183,1.0060525769165487
baseline,440_ComptonOnly,1100,3575088.75,3922.0966796875,102.27463389889029,-140.76895702124088,58.5,2213.0458984375,31004.162109375,5493.25197556871,911.52490234375,1.0239726687818693,0.06108483396965442,0.17894727410399258,3552304359.4537396,1.006048829644719
baseline,440_ComptonOnly,1150,3587046.5,3932.52880859375,102.27463389889029,-140.76895702124088,58.5,2238.285400390625,30671.095703125,5586.792626863239,912.1475219726562,1.0551980394288916,0.06179150979693414,0.17843852112580522,3552290008.886771,1.0060447654177715
baseline,440_ComptonOnly,1200,3597231.75,3941.1376953125,102.27463389889029,-140.76895702124088,58.5,2261.375732421875,32167.96875,5677.869473721154,912.7394409179688,1.08613836948687,0.0624388030731969,0.17794553640299768,3552274806.1600513,1.0060404598504902
baseline,440_ComptonOnly,1250,3606016.75,3948.3154296875,102.27463389889029,-140.76895702124088,58.5,2285.2265625,31606.015625,5743.867108471966,913.3051147460938,1.11675299064242,0.06303247052667554,0.17746719925790214,3552259002.4070377,1.0060359840664315
baseline,440_ComptonOnly,1300,3613704.5,3954.3818359375,102.27463389889029,-140.76895702124088,58.5,2306.8408203125,32221.1640625,5845.375548208253,913.84814453125,1.1470078987540346,0.06357768239671634,0.17700271914958884,3552242865.6304655,1.0060314139667041
baseline,440_ComptonOnly,1350,3620535.5,3959.58935546875,102.27463389889029,-140.76895702124088,58.5,2322.90625,32171.8359375,5942.863258256708,914.3714599609375,1.1768743764627634,0.06407907603880977,0.17655152674163135,3552226640.0603204,1.0060268187197312
baseline,440_ComptonOnly,1400,3626694.5,3964.1328125,102.27463389889029,-140.76895702124088,58.5,2353.355224609375,31620.34375,6000.109652796804,914.8771362304688,1.2063294018078305,0.06454081436042958,0.1761131862883102,3552210542.925871,1.0060222598470572
baseline,440_ComptonOnly,1450,3632331.0,3968.169677734375,102.27463389889029,-140.76895702124088,58.5,2385.310302734375,30634.041015625,6103.5988161918385,915.3668823242188,1.2353538496847214,0.0649666310411981,0.17568732404051476,3552194748.8207884,1.0060177867953912
baseline,440_ComptonOnly,1500,3637555.75,3971.814697265625,102.27463389889029,-140.76895702124088,58.5,2410.32470703125,29570.0625,6203.690926646017,915.84228515625,1.2639314742395282,0.06535986286292039,0.17527361623531934,3552179378.9595175,1.0060134338939
baseline,440_ComptonOnly,1550,3642455.25,3975.15966796875,102.27463389889029,-140.76895702124088,58.5,2433.157958984375,28451.6171875,6265.78535099789,916.3041381835938,1.2920505381866998,0.06572350312320092,0.17487172988119068,3552164556.634715,1.0060092360603219
baseline,440_ComptonOnly,1600,3647095.5,3978.273681640625,102.27463389889029,-140.76895702124088,58.5,2457.546630859375,28706.013671875,6284.522157613626,916.7532958984375,1.3197017646902953,0.06606024976291289,0.17448134714045252,3552150329.3036537,1.0060052067350402
baseline,440_ComptonOnly,1650,3651519.25,3981.201904296875,102.27463389889029,-140.76895702124088,58.5,2475.951171875,29482.25,6346.091699762258,917.190185546875,1.3468781101844092,0.06637248637399862,0.17410210990452096,3552136744.1123366,1.0060013592702843
baseline,440_ComptonOnly,1700,3655758.5,3983.97607421875,102.27463389889029,-140.76895702124088,58.5,2494.6162109375,29672.990234375,6434.0762587133195,917.6156005859375,1.3735744349521697,0.0666623821275425,0.17373366618352953,3552123776.1462917,1.0059976866100215
baseline,440_ComptonOnly,1750,3659834.25,3986.6181640625,102.27463389889029,-140.76895702124088,58.5,2519.8759765625,29413.802734375,6549.011783231698,918.02978515625,1.3997881789774616,0.06693188466155896,0.17337564676902092,3552111461.3826714,1.0059941989433483
baseline,440_ComptonOnly,1800,3663758.0,3989.139892578125,102.27463389889029,-140.76895702124088,58.5,2542.832763671875,28961.890625,6576.838108901774,918.4330444335938,1.4255182235952866,0.06718271840589712,0.1730276672548574,3552099759.5247087,1.0059908848578094
baseline,440_ComptonOnly,1850,3667540.25,3991.5517578125,102.27463389889029,-140.76895702124088,58.5,2583.530029296875,28275.734375,6639.0973946483255,918.82568359375,1.4507653759389505,0.06741647173460781,0.17268936319075912,3552088619.518974,1.0059877298945523
baseline,440_ComptonOnly,1900,3671185.0,3993.857177734375,102.27463389889029,-140.76895702124088,58.5,2612.763427734375,28132.265625,6697.235624766806,919.2078857421875,1.4755305703697044,0.0676345864985918,0.17236036719506875,3552078035.9405646,1.0059847325171898
baseline,440_ComptonOnly,1950,3674694.25,3996.05712890625,102.27463389889029,-140.76895702124088,58.5,2652.226318359375,28363.1171875,6757.192298413073,919.5800170898438,1.4998169104641395,0.06783833479969414,0.17204029109350708,3552067913.337964,1.0059818656928783
baseline,440_ComptonOnly,2000,3678066.25,3998.14892578125,102.27463389889029,-140.76895702124088,58.5,2674.0283203125,28502.83203125,6809.954783336631,919.9422607421875,1.5236283909313582,0.06802889873094847,0.17172879446975534,3552058260.4543476,1.0059791318977744
cut3,440_ComptonOnly,50,35529.9453125,54.898826599121094,-231.3510865670048,-63.84884293600199,58.5,1209.0550537109375,3296.184814453125,1497.2713540821746,647.1895141601562,0.39775493176673893,0.00124157072308109,0.31660315288090984,3559400220.306809,1.0080584498191711
cut3,440_ComptonOnly,100,151874.46875,204.142822265625,-231.3510865670048,-63.84884293600199,58.5,1542.605712890625,9536.625,2837.772161926372,743.9618530273438,0.43138545997475936,0.002596289453654193,0.2622452066762275,3556101178.3532786,1.0071241274862703
cut3,440_ComptonOnly,150,310288.84375,389.88861083984375,-231.3510865670048,-63.84884293600199,58.5,1770.6563720703125,15955.7900390625,4108.945551442228,795.8397216796875,0.4601622834445302,0.004099219536825354,0.23465181947583544,3554132839.0195656,1.0065666737090466
cut3,440_ComptonOnly,200,499452.4375,603.7609252929688,-231.3510865670048,-63.84884293600199,58.5,1923.21875,22296.271484375,4862.296607265123,827.2354736328125,0.48984175661563356,0.005790534172731479,0.2184708348008377,3552988759.4378157,1.0062426587013864
cut3,440_ComptonOnly,250,699243.5625,825.087890625,-231.3510865670048,-63.84884293600199,58.5,2018.673583984375,25924.376953125,5555.038273258724,847.4776611328125,0.519473392795746,0.007568254957985014,0.20822457931622193,3552284990.1998324,1.0060433440744376
cut3,440_ComptonOnly,300,889930.9375,1033.462890625,-231.3510865670048,-63.84884293600199,58.5,2068.796875,29325.900390625,5770.812259023656,861.115478515625,0.5483568222199982,0.009371743308470418,0.201375379327369,3551843219.697963,1.0059182301620573
cut3,440_ComptonOnly,350,1059751.375,1217.239501953125,-231.3510865670048,-63.84884293600199,58.5,2113.194091796875,31490.857421875,5967.2892820439665,870.6185913085938,0.5765922975782404,0.011171801851561672,0.19659836316832857,3551562684.9575176,1.005838779861987
cut3,440_ComptonOnly,400,1204670.75,1372.96044921875,-231.3510865670048,-63.84884293600199,58.5,2142.77099609375,33929.984375,6026.435284317636,877.4256591796875,0.6045749151591618,0.01295350170409719,0.19314394690135422,3551383400.071035,1.0057880045533514
cut3,440_ComptonOnly,450,1325446.625,1502.060791015625,-231.3510865670048,-63.84884293600199,58.5,2148.093017578125,35612.0546875,5753.6061823383725,882.4187622070312,0.632689330674238,0.014707799975491641,0.19056248738461942,3551268326.7779675,1.005755414622957
cut3,440_ComptonOnly,500,1424997.375,1608.0565185546875,-231.3510865670048,-63.84884293600199,58.5,2163.426513671875,37232.71484375,5538.838979866382,886.1612548828125,0.6612077692569103,0.01642811690919675,0.1885722626912294,3551193922.4175496,1.0057343425491299
cut3,440_ComptonOnly,550,1506823.5,1694.9183349609375,-231.3510865670048,-63.84884293600199,58.5,2159.833251953125,38940.8984375,5320.120209290297,889.0242309570312,0.6902813877437195,0.01810905342769893,0.18699082034661482,3551145006.4675446,1.0057204890531246
cut3,440_ComptonOnly,600,1574243.625,1766.314208984375,-231.3510865670048,-63.84884293600199,58.5,2166.91455078125,41960.98828125,5382.802566842467,891.2590942382812,0.7199624664155981,0.019745914250005825,0.18569693572834753,3551111619.720149,1.005711033585703
cut3,440_ComptonOnly,650,1630121.875,1825.3642578125,-231.3510865670048,-63.84884293600199,58.5,2177.750732421875,43759.87890625,5399.794734684918,893.0392456054688,0.7502344761031893,0.021334606814736565,0.18460845973816412,3551087398.023462,1.0057041737541292
cut3,440_ComptonOnly,700,1676809.625,1874.6055908203125,-231.3510865670048,-63.84884293600199,58.5,2172.342529296875,44319.015625,5591.024355720882,894.4866333007812,0.7810360901597917,0.022871642698888233,0.18366885785202808,3551068184.384807,1.0056987322556747
cut3,440_ComptonOnly,750,1716183.25,1916.0496826171875,-231.3510865670048,-63.84884293600199,58.5,2192.664794921875,44770.20703125,5505.915829722936,895.6882934570312,0.8122808128160103,0.0243542015006939,0.18283879386209287,3551051384.2656302,1.0056939742905553
cut3,440_ComptonOnly,800,1749708.25,1951.2603759765625,-231.3510865670048,-63.84884293600199,58.5,2222.461181640625,46349.52734375,5515.055821259395,896.7067260742188,0.843870219280444,0.025780209385434336,0.18209065778822733,3551035406.4070005,1.0056894491980102
cut3,440_ComptonOnly,850,1812198.25,2018.9652099609375,102.27463389889029,-140.76895702124088,58.5,2239.723876953125,46017.0078125,5514.1179256673895,897.587646484375,0.8757033487383038,0.02714836232101428,0.18140496244454007,3551019355.055838,1.0056849032916304
cut3,440_ComptonOnly,900,1899697.75,2114.61865234375,102.27463389889029,-140.76895702124088,58.5,2248.104736328125,46147.53125,5590.17584716216,898.3641967773438,0.9076822776097425,0.02845810033908521,0.180767897784413,3551002751.2447944,1.0056802009229766
cut3,440_ComptonOnly,950,1978494.75,2200.622802734375,102.27463389889029,-140.76895702124088,58.5,2261.03369140625,45690.71875,5686.120278764487,899.061279296875,0.9397144102396299,0.029709568398339485,0.18016964230050395,3550985423.688956,1.0056752935824145
cut3,440_ComptonOnly,1000,2049240.5,2277.70166015625,102.27463389889029,-140.76895702124088,58.5,2282.70068359375,46060.1328125,5756.893687482577,899.6965942382812,0.971716742887973,0.030903490950186255,0.17960318276387827,3550967378.6384597,1.0056701830400467
cut3,440_ComptonOnly,1050,2112641.0,2346.638427734375,102.27463389889029,-140.76895702124088,58.5,2299.933349609375,46280.7421875,5862.846281777959,900.2839965820312,1.0036136329322622,0.03204107834597409,0.17906349692378212,3550948760.6758037,1.0056649102431112
cut3,440_ComptonOnly,1100,2169407.0,2408.22265625,102.27463389889029,-140.76895702124088,58.5,2329.720703125,47351.01953125,5960.160531801637,900.8331909179688,1.035339462686826,0.03312391709473599,0.1785469424994266,3550929753.6856804,1.0056595272696287
cut3,440_ComptonOnly,1150,2220223.75,2463.215576171875,102.27463389889029,-140.76895702124088,58.5,2362.634033203125,47651.7734375,6072.932377251679,901.351806640625,1.0668356475205292,0.03415381829578313,0.17805085250156913,3550910555.40189,1.0056540901198285
cut3,440_ComptonOnly,1200,2265737.0,2512.335205078125,102.27463389889029,-140.76895702124088,58.5,2377.898681640625,46958.8203125,6160.475314542816,901.8450317382812,1.098052772538177,0.03513278973176249,0.17757324545779649,3550891346.634798,1.0056486500010502
cut3,440_ComptonOnly,1250,2306541.25,2556.2421875,102.27463389889029,-140.76895702124088,58.5,2398.513671875,47014.890625,6264.31475580132,902.3171997070312,1.128947517056948,0.03606290203532712,0.17711258848871617,3550872296.9334,1.0056432549312992
cut3,440_ComptonOnly,1300,2343170.0,2595.5302734375,102.27463389889029,-140.76895702124088,58.5,2431.13720703125,48136.89453125,6379.893336235135,902.7711791992188,1.1594835049387793,0.03694625863345674,0.1766676838258204,3550853535.1011295,1.0056379413890213
cut3,440_ComptonOnly,1350,2376104.0,2630.7353515625,102.27463389889029,-140.76895702124088,58.5,2463.66064453125,48512.05078125,6530.352122730473,903.2090454101562,1.1896301821501392,0.03778495473308753,0.17623753738325618,3550835154.377879,1.0056327357807053
cut3,440_ComptonOnly,1400,2405763.0,2662.32373046875,102.27463389889029,-140.76895702124088,58.5,2478.676513671875,47370.44140625,6553.593503579686,903.6327514648438,1.2193617626443936,0.038581044046964816,0.17582130892660688,3550817247.591933,1.0056276643962685
cut3,440_ComptonOnly,1450,2432519.5,2690.71142578125,102.27463389889029,-140.76895702124088,58.5,2517.13232421875,46808.03125,6596.176866064288,904.043212890625,1.2486577633412828,0.0393365244988581,0.1754182696276895,3550799857.129753,1.0056227392399888
cut3,440_ComptonOnly,1500,2456698.0,2716.259521484375,102.27463389889029,-140.76895702124088,58.5,2539.565673828125,47476.234375,6691.427090841448,904.4415893554688,1.2775003406244856,0.04005333764520122,0.17502776016953542,3550782996.2144966,1.0056179640567995
cut3,440_ComptonOnly,1550,2478582.0,2739.2841796875,102.27463389889029,-140.76895702124088,58.5,2561.849853515625,47996.64453125,6761.2260733689345,904.828369140625,1.305876783542718,0.04073335050112601,0.1746491817830739,3550766670.0626054,1.0056133403240501
cut3,440_ComptonOnly,1600,2498415.75,2760.057373046875,102.27463389889029,-140.76895702124088,58.5,2586.4775390625,46378.9921875,6872.235100201173,905.2042846679688,1.3337761035818068,0.041378361493188257,0.17428198406805523,3550750885.7061515,1.005608870033295
cut3,440_ComptonOnly,1650,2516414.5,2778.81884765625,102.27463389889029,-140.76895702124088,58.5,2622.720703125,45878.5390625,6988.885875355468,905.56982421875,1.3611909423398056,0.04199009943243237,0.17392564018364812,3550735619.050045,1.0056045463605592
cut3,440_ComptonOnly,1700,2532764.0,2795.77587890625,102.27463389889029,-140.76895702124088,58.5,2655.119384765625,45497.0859375,7064.928451566333,905.92529296875,1.3881162970568657,0.04257023467875543,0.17357967794004134,3550720861.8668423,1.0056003669757465
cut3,440_ComptonOnly,1750,2547626.5,2811.108642578125,102.27463389889029,-140.76895702124088,58.5,2682.457275390625,45695.66015625,7146.5984051760515,906.2711181640625,1.4145487989032584,0.04312037521485849,0.17324363949376223,3550706571.574236,1.0055963198191131
cut3,440_ComptonOnly,1800,2561143.75,2824.975341796875,102.27463389889029,-140.76895702124088,58.5,2712.43212890625,45895.7421875,7188.460888100588,906.6074829101562,1.4404875447501615,0.04364204730167103,0.17291710741121924,3550692750.818329,1.0055924056400627
cut3,440_ComptonOnly,1850,2573441.5,2837.51513671875,102.27463389889029,-140.76895702124088,58.5,2748.991943359375,46389.59765625,7139.739464835091,906.9348754882812,1.4659335102425626,0.04413675091841479,0.1725996751449331,3550679355.689665,1.0055886120029889
cut3,440_ComptonOnly,1900,2584626.5,2848.846923828125,102.27463389889029,-140.76895702124088,58.5,2771.84423828125,47092.58203125,7200.670272748995,907.2535400390625,1.4908881207918872,0.04460589145002044,0.17229098453483385,3550666374.9687333,1.005584935730412
cut3,440_ComptonOnly,1950,2594799.5,2859.08251953125,102.27463389889029,-140.76895702124088,58.5,2797.6494140625,47819.53515625,7246.952108070485,907.5636596679688,1.5153548637706804,0.04505084101137468,0.17199068038991758,3550653771.76372,1.0055813663741942
cut3,440_ComptonOnly,2000,2604043.75,2868.313720703125,102.27463389889029,-140.76895702124088,58.5,2822.7919921875,48697.16796875,7305.978588761514,907.86572265625,1.53933800137578,0.04547290822738246,0.17169844484016,3550641555.9536934,1.005577906732188
baseline,440_SinglePlusCompton,50,34599.35546875,96.12043762207031,-231.3510865670048,-63.84884293600199,58.5,502.87017822265625,545.641845703125,540.2141071440315,359.9583740234375,0.22739731851725747,0.0004559179163740954,0.4569374294960781,3394307988.4626603,0.961302645748435
baseline,440_SinglePlusCompton,100,169488.46875,391.7364196777344,-231.3510865670048,-63.84884293600199,58.5,677.0842895507812,823.6067504882812,769.3060807611055,432.6594543457031,0.28633404538284035,0.0012196666618050928,0.4203054122465368,3432937887.1567597,0.9722430271003497
baseline,440_SinglePlusCompton,150,408064.6875,834.393310546875,-231.3510865670048,-63.84884293600199,58.5,830.9208984375,1409.792236328125,987.6740473807547,489.0555725097656,0.33097217144337293,0.0024487291253533655,0.389674710266523,3452333749.521328,0.9777361331682163
baseline,440_SinglePlusCompton,200,705303.75,1320.7823486328125,-231.3510865670048,-63.84884293600199,58.5,958.860107421875,2084.46142578125,1183.4759718036414,534.0045166015625,0.3643860875309888,0.003734072575381331,0.36412640176552674,3463651279.381117,0.9809413730682288
baseline,440_SinglePlusCompton,250,1019461.75,1787.4837646484375,-231.3510865670048,-63.84884293600199,58.5,1069.349853515625,2855.8076171875,1369.4778663863553,570.3334350585938,0.3887036787926128,0.00490022617732245,0.3428572385188512,3470407753.771352,0.9828548755345168
baseline,440_SinglePlusCompton,300,1320070.875,2199.51708984375,-231.3510865670048,-63.84884293600199,58.5,1158.1309814453125,3654.095458984375,1539.6226690875783,600.1639404296875,0.4063999338559634,0.005910755536583018,0.3250901797160073,3474368356.2499595,0.983976558556324
baseline,440_SinglePlusCompton,350,1588060.625,2540.526123046875,-231.3510865670048,-63.84884293600199,58.5,1240.614501953125,4665.07763671875,1694.5904752397437,625.0912475585938,0.4195092610990876,0.006773530092218963,0.31013103209521015,3476595179.619763,0.984607217649218
baseline,440_SinglePlusCompton,400,1814812.125,2808.05517578125,-231.3510865670048,-63.84884293600199,58.5,1314.5672607421875,5904.20849609375,1852.7507977144078,646.2879028320312,0.4294866897332186,0.0075103989016513184,0.29740573233857226,3477754934.0160007,0.9849356719242311
baseline,440_SinglePlusCompton,450,1999501.5,3008.555908203125,-231.3510865670048,-63.84884293600199,58.5,1379.115234375,6914.22705078125,1982.0769705420162,664.6050415039062,0.4373127965580327,0.008147482827426864,0.2864606683080152,3478266666.5277853,0.9850805997914625
baseline,440_SinglePlusCompton,500,2145879.75,3152.6484375,-231.3510865670048,-63.84884293600199,58.5,1438.575439453125,8613.4287109375,2136.708978172009,680.6593627929688,0.44363268110800264,0.008710261536178921,0.2769447127607804,3478392423.19164,0.9851162153614387
baseline,440_SinglePlusCompton,550,2259651.5,3251.760009765625,-231.3510865670048,-63.84884293600199,58.5,1495.9979248046875,9890.5048828125,2278.2959550929572,694.9010620117188,0.44886822513216434,0.009220821762785172,0.26858775759693804,3478295139.4324713,0.9850886636085056
baseline,440_SinglePlusCompton,600,2346850.5,3316.344482421875,-231.3510865670048,-63.84884293600199,58.5,1544.0389404296875,11126.8193359375,2454.6658188906376,707.661865234375,0.45329804252629646,0.009696779475306895,0.2611816663652936,3478075383.970269,0.9850264266200087
baseline,440_SinglePlusCompton,650,2412991.75,3355.1484375,-231.3510865670048,-63.84884293600199,58.5,1580.7408447265625,12390.7138671875,2634.3033470554883,719.1907348632812,0.4571093082273514,0.010151300514860857,0.25456503587078644,3477794545.0403924,0.9849468901703885
baseline,440_SinglePlusCompton,700,2462765.5,3375.144775390625,-231.3510865670048,-63.84884293600199,58.5,1615.2200927734375,13791.3740234375,2778.1740927471437,729.677001953125,0.4604321713006444,0.010593700668666477,0.248611549473965,3477489462.8392286,0.984860487779048
baseline,440_SinglePlusCompton,750,2499992.25,3381.713134765625,-231.3510865670048,-63.84884293600199,58.5,1653.5955810546875,14835.4091796875,2927.753274663628,739.2680053710938,0.46336018979923244,0.011030230442513868,0.24322125917924634,3477181684.865063,0.9847733219172953
baseline,440_SinglePlusCompton,800,2527685.25,3378.89599609375,-231.3510865670048,-63.84884293600199,58.5,1685.016357421875,16067.478515625,3018.4304240324477,748.0802001953125,0.46596361650337703,0.011464827967376318,0.23831412593743945,3476883282.896518,0.9846888114359736
baseline,440_SinglePlusCompton,850,2548197.0,3369.7041015625,-231.3510865670048,-63.84884293600199,58.5,1711.2156982421875,16938.888671875,3175.8867601565717,756.2079467773438,0.46829683920795245,0.011899782755628347,0.2338252751429911,3476600549.189853,0.9846087383662395
baseline,440_SinglePlusCompton,900,2563336.5,3356.343994140625,-231.3510865670048,-63.84884293600199,58.5,1736.83740234375,18248.81640625,3276.7381437957238,763.728759765625,0.4704038190249895,0.01233622638307198,0.22970142008611422,3476336289.561602,0.9845338973439558
baseline,440_SinglePlusCompton,950,2574476.75,3340.40478515625,-231.3510865670048,-63.84884293600199,58.5,1761.4139404296875,19141.83984375,3430.891350397316,770.7080078125,0.47232052350149833,0.012774435676161456,0.2258980665636687,3476091347.2161,0.9844645271731914
baseline,440_SinglePlusCompton,1000,2582656.75,3323.025634765625,-231.3510865670048,-63.84884293600199,58.5,1780.2513427734375,19711.98046875,3543.3670721344592,777.2003784179688,0.47407726974769454,0.013214286987047422,0.22237826624039567,3475865336.6780496,0.9844005186834098
baseline,440_SinglePlusCompton,1050,2588669.0,3305.021484375,-231.3510865670048,-63.84884293600199,58.5,1798.9979248046875,20193.07421875,3697.4513737370044,783.2532958984375,0.47569949929953054,0.013655384453650462,0.2191107951892231,3475657233.9349093,0.9843415818638142
baseline,440_SinglePlusCompton,1100,2593097.0,3286.946533203125,-231.3510865670048,-63.84884293600199,58.5,1815.1712646484375,21113.892578125,3809.8561861636326,788.9075927734375,0.47720928660035516,0.01409718488689354,0.21606899780918576,3475465743.6850657,0.9842873498717747
baseline,440_SinglePlusCompton,1150,2596381.75,3269.180419921875,-231.3510865670048,-63.84884293600199,58.5,1827.137939453125,21734.365234375,3933.225568993992,794.1995849609375,0.4786253111126925,0.01453901565620027,0.21322969861537958,3475289527.186393,0.9842374435618657
baseline,440_SinglePlusCompton,1200,2598849.75,3251.97314453125,-231.3510865670048,-63.84884293600199,58.5,1843.1048583984375,21683.767578125,4071.2303312473764,799.160888671875,0.4799638399407582,0.014980228045781169,0.21057303268446942,3475127251.395751,0.9841914854026723
baseline,440_SinglePlusCompton,1250,2600739.75,3235.477294921875,-231.3510865670048,-63.84884293600199,58.5,1863.239501953125,22433.0703125,4172.054713812299,803.8195190429688,0.48123897902918494,0.015420234047204507,0.20808180106217544,3474977615.543317,0.9841491070029124
baseline,440_SinglePlusCompton,1300,2602224.0,3219.77490234375,-231.3510865670048,-63.84884293600199,58.5,1865.739501953125,23446.927734375,4296.223355227424,808.2006225585938,0.48246263902913544,0.01585849805010907,0.20574093592723275,3474839435.6647077,0.9841099730517954
baseline,440_SinglePlusCompton,1350,2603438.0,3204.9150390625,-231.3510865670048,-63.84884293600199,58.5,1876.8377685546875,24062.50390625,4402.091872823884,812.32666015625,0.48364554938102783,0.016294442439103825,0.2035369904259057,3474711634.775593,0.9840737785363736
baseline,440_SinglePlusCompton,1400,2604478.75,3190.9111328125,-231.3510865670048,-63.84884293600199,58.5,1884.6124267578125,24533.55078125,4507.77520723351,816.2178955078125,0.4847968064402418,0.016727537355657168,0.20145812535329588,3474593325.282342,0.9840402720810767
baseline,440_SinglePlusCompton,1450,2605411.75,3177.748291015625,-231.3510865670048,-63.84884293600199,58.5,1894.183349609375,25439.2109375,4605.2138199865285,819.8923950195312,0.48592437630074986,0.017157415521136213,0.19949399345193713,3474483616.956042,0.9840092015639959
baseline,440_SinglePlusCompton,1500,2606272.75,3165.385498046875,-231.3510865670048,-63.84884293600199,58.5,1902.1845703125,25897.88671875,4696.814604051183,823.3666381835938,0.48703532287786566,0.01758376047371422,0.1976353330907707,3474381739.815781,0.983980348918683
baseline,440_SinglePlusCompton,1550,2607089.25,3153.7802734375,-231.3510865670048,-63.84884293600199,58.5,1907.9019775390625,26637.958984375,4732.328243878157,826.6553344726562,0.48813585814624877,0.018006310317829344,0.19587383797145633,3474287000.0788903,0.983953517658809
baseline,440_SinglePlusCompton,1600,2607881.0,3142.887451171875,-231.3510865670048,-63.84884293600199,58.5,1907.2171630859375,27000.216796875,4799.864920946561,829.7723388671875,0.4892313271285966,0.018424852531857664,0.19420204593101287,3474198806.7442946,0.9839285404068412
baseline,440_SinglePlusCompton,1650,2608653.5,3132.6533203125,-231.3510865670048,-63.84884293600199,58.5,1911.90869140625,27466.755859375,4863.226912352658,832.729736328125,0.49032674594479225,0.018839197688352766,0.19261320058303855,3474116638.219427,0.983905269442444
baseline,440_SinglePlusCompton,1700,2609411.5,3123.028564453125,-231.3510865670048,-63.84884293600199,58.5,1917.7276611328125,27921.84765625,4951.7813059745,835.538818359375,0.49142640166878654,0.019249202599234436,0.19110121428825094,3474040005.8642197,0.983883566377766
baseline,440_SinglePlusCompton,1750,2610154.75,3113.962890625,-231.3510865670048,-63.84884293600199,58.5,1924.7470703125,28452.919921875,5069.95461285057,838.2099609375,0.49253409539720877,0.01965475014060931,0.18966055397671244,3473968504.715608,0.9838633165231364
baseline,440_SinglePlusCompton,1800,2610880.75,3105.409423828125,-231.3510865670048,-63.84884293600199,58.5,1923.63671875,29104.259765625,5180.743153785316,840.7525024414062,0.4936533426875527,0.0200557454333841,0.18828619650277204,3473901722.342787,0.9838444030739443
baseline,440_SinglePlusCompton,1850,2611594.0,3097.3330078125,-231.3510865670048,-63.84884293600199,58.5,1930.702880859375,29205.845703125,5252.992977293151,843.1751098632812,0.49478728308878855,0.020452120167824626,0.18697355676140281,3473839345.296856,0.9838267372582636
baseline,440_SinglePlusCompton,1900,2612287.75,3089.688232421875,-231.3510865670048,-63.84884293600199,58.5,1933.0052490234375,29368.001953125,5296.015632768382,845.48583984375,0.4959385855488275,0.0208438235623467,0.18571846112058196,3473781043.6420197,0.9838102256349118
baseline,440_SinglePlusCompton,1950,2612961.0,3082.442626953125,-231.3510865670048,-63.84884293600199,58.5,1937.361572265625,29824.671875,5358.235721246617,847.6917114257812,0.49710996393368045,0.021230820427908838,0.18451708287740481,3473726536.623821,0.9837947886913626
baseline,440_SinglePlusCompton,2000,2613605.5,3075.5546875,-231.3510865670048,-63.84884293600199,58.5,1936.68115234375,29853.96484375,5419.469355169817,849.7996826171875,0.4983036845626102,0.021613087316613416,0.18336591118122017,3473675571.1085496,0.9837803547375674
cut3,440_SinglePlusCompton,50,671.1442260742188,1.8568669557571411,33.941125496954285,33.941125496954285,25.5,502.48858642578125,541.9326171875,541.3372526725256,361.4390563964844,0.2264774497018863,0.00024094625950496327,0.4551434152567273,3396089836.751852,0.9618072833595607
cut3,440_SinglePlusCompton,100,1153.2122802734375,2.6523215770721436,-47.409040348566606,7.5088543219310875,-10.5,671.1216430664062,769.6047973632812,764.9696439785632,434.7935485839844,0.28387348774137444,0.00022139903821112263,0.41728741894557114,3436062831.0204015,0.9731280430783178
cut3,440_SinglePlusCompton,150,1649.3604736328125,3.3606419563293457,-47.409040348566606,7.5088543219310875,-10.5,814.9566040039062,982.9884033203125,973.9226315393395,490.7873229980469,0.32734762751102636,0.0002547867418973114,0.3861313888354805,3455743124.542734,0.9787017029513846
cut3,440_SinglePlusCompton,200,2941.31005859375,5.500181674957275,-231.3510865670048,-63.84884293600199,58.5,931.8719482421875,1176.6824951171875,1158.2504459942093,534.7659912109375,0.36025878132388056,0.00034415713559429165,0.3606038032441279,3466670650.346945,0.9817964897246466
cut3,440_SinglePlusCompton,250,6054.24462890625,10.62028694152832,-231.3510865670048,-63.84884293600199,58.5,1024.9158935546875,1367.084228515625,1323.6218492369069,570.0641479492188,0.3845893240538929,0.00048304393933248116,0.33956904094497753,3472903612.2202315,0.9835617281060798
cut3,440_SinglePlusCompton,300,10691.03125,17.847471237182617,-231.3510865670048,-63.84884293600199,58.5,1114.4822998046875,1561.412353515625,1477.534018095426,599.0221557617188,0.40254946339447456,0.0006531118351149038,0.3220340740103958,3476465982.277573,0.9845706276440409
cut3,440_SinglePlusCompton,350,16868.72265625,27.065658569335938,-231.3510865670048,-63.84884293600199,58.5,1183.6053466796875,1800.242431640625,1619.2731949638892,623.2518920898438,0.4159850809280136,0.0008350207195526394,0.3072353594998289,3478450518.12626,0.9851326684395166
cut3,440_SinglePlusCompton,400,24505.609375,38.05954360961914,-231.3510865670048,-63.84884293600199,58.5,1250.2347412109375,2115.664794921875,1754.9788302547963,643.8755493164062,0.42626722431731445,0.001015503755903496,0.29460645534413554,3479472869.975108,0.9854222089115433
cut3,440_SinglePlusCompton,450,33462.0859375,50.57023620605469,-231.3510865670048,-63.84884293600199,58.5,1312.027099609375,2646.677978515625,1886.4460182604423,661.6952514648438,0.43436067820811597,0.001187851018289696,0.2837213954601406,3479899778.080926,0.9855431136417591
cut3,440_SinglePlusCompton,500,43566.34765625,64.32371520996094,-231.3510865670048,-63.84884293600199,58.5,1368.7860107421875,3073.218994140625,2005.8219380641328,677.29833984375,0.44092263610521754,0.0013498177784561924,0.27425231417500223,3479961118.9939313,0.9855604860140261
cut3,440_SinglePlusCompton,550,54636.16796875,79.05435180664062,-231.3510865670048,-63.84884293600199,58.5,1419.9769287109375,3569.435302734375,2117.8460679294253,691.12158203125,0.446392255780452,0.001501610023293691,0.2659427714028527,3479805093.9565268,0.98551629813191
cut3,440_SinglePlusCompton,600,66496.46875,94.5232925415039,-231.3510865670048,-63.84884293600199,58.5,1468.001953125,3953.9072265625,2249.1033896862305,703.492919921875,0.45106089452498294,0.0016445739489578254,0.2585905375256047,3479527698.7777762,0.9854377369877365
cut3,440_SinglePlusCompton,650,78992.4375,110.53136444091797,-231.3510865670048,-63.84884293600199,58.5,1509.87353515625,4453.63818359375,2389.800363300665,714.6608276367188,0.45512239598879595,0.0017804588372439087,0.2520354142003367,3479190368.7847075,0.9853422016927871
cut3,440_SinglePlusCompton,700,91996.203125,126.92362976074219,-231.3510865670048,-63.84884293600199,58.5,1554.52099609375,5026.70361328125,2540.698431329842,724.8154296875,0.45870808637974914,0.0019110333168624039,0.24615001411895387,3478831452.087171,0.9852405528229385
cut3,440_SinglePlusCompton,750,105407.90625,143.5870819091797,-231.3510865670048,-63.84884293600199,58.5,1600.487060546875,5670.21728515625,2683.1543447967097,734.1043701171875,0.46190925079937206,0.0020379021611062454,0.24083254996232414,3478473978.6325016,0.9851393126941916
cut3,440_SinglePlusCompton,800,119153.7265625,160.4453582763672,-231.3510865670048,-63.84884293600199,58.5,1636.8218994140625,6313.29931640625,2794.4827745445946,742.6436767578125,0.4647922814546388,0.002162428853338542,0.2360011406311521,3478131038.2960615,0.9850421884927714
cut3,440_SinglePlusCompton,850,133181.609375,177.4510040283203,-231.3510865670048,-63.84884293600199,58.5,1685.004150390625,6960.94287109375,2929.8719016474383,750.526123046875,0.46740762908831857,0.002285722520946119,0.23158939154477257,3477809352.710829,0.9849510838537008
cut3,440_SinglePlusCompton,900,147456.78125,194.57830810546875,-231.3510865670048,-63.84884293600199,58.5,1717.3218994140625,7550.23681640625,3066.94266156222,757.8274536132812,0.4697950950549059,0.0024086486929531894,0.2275429350266758,3477511739.4158463,0.9848667967327769
cut3,440_SinglePlusCompton,950,161956.109375,211.81515502929688,-231.3510865670048,-63.84884293600199,58.5,1750.3143310546875,8046.90771484375,3189.522275273958,764.610595703125,0.4719873588890893,0.0025318590593128,0.2238168058374467,3477238668.7102823,0.9847894603235213
cut3,440_SinglePlusCompton,1000,176665.8125,229.1598663330078,-231.3510865670048,-63.84884293600199,58.5,1782.387939453125,8501.4775390625,3311.201873819564,770.92822265625,0.47401231805713107,0.0026558226811985003,0.22037342073371033,3476989314.8882294,0.9847188407775986
cut3,440_SinglePlusCompton,1050,191576.078125,246.61392211914062,-231.3510865670048,-63.84884293600199,58.5,1813.166748046875,8938.5107421875,3434.7411219236847,776.8258666992188,0.4758937231659126,0.002780858058930518,0.21718105761258807,3476762178.797789,0.9846545135198992
cut3,440_SinglePlusCompton,1100,206681.28125,264.1826477050781,-231.3510865670048,-63.84884293600199,58.5,1832.722900390625,9518.6513671875,3553.9754319946214,782.3424072265625,0.47765249809290106,0.0029071648616283796,0.21421268348667002,3476555484.143951,0.984595975485557
cut3,440_SinglePlusCompton,1150,221975.9375,281.869873046875,-231.3510865670048,-63.84884293600199,58.5,1854.8377685546875,10331.4970703125,3674.925107270031,787.5121459960938,0.47930692103195643,0.0030348481306018893,0.21144507949404848,3476367376.994392,0.9845427016220273
cut3,440_SinglePlusCompton,1200,237454.859375,299.67852783203125,-231.3510865670048,-63.84884293600199,58.5,1879.1732177734375,10934.49609375,3781.6262714894415,792.3652954101562,0.4808730289129358,0.0031639405732543356,0.2088581393067877,3476196088.124056,0.9844941908667272
cut3,440_SinglePlusCompton,1250,253111.984375,317.6093444824219,-231.3510865670048,-63.84884293600199,58.5,1894.9322509765625,11411.9794921875,3951.046666431985,796.9286499023438,0.4823649280965229,0.0032944231836698947,0.2064343522984739,3476039970.3043475,0.9844499767077162
cut3,440_SinglePlusCompton,1300,268940.84375,335.6615905761719,-231.3510865670048,-63.84884293600199,58.5,1916.1077880859375,12067.7265625,4067.134083216777,801.2261352539062,0.4837952451568637,0.003426237106479173,0.2041583744842725,3475897502.317531,0.9844096283206145
cut3,440_SinglePlusCompton,1350,284931.3125,353.8292541503906,-231.3510865670048,-63.84884293600199,58.5,1940.411376953125,12882.15234375,4178.832792345209,805.2791137695312,0.4851748483157824,0.0035592960581908935,0.2020167058783929,3475767351.0370083,0.9843727681503708
cut3,440_SinglePlusCompton,1400,301073.78125,372.10638427734375,-231.3510865670048,-63.84884293600199,58.5,1961.0413818359375,13236.8642578125,4286.886727250311,809.1067504882812,0.48651357589029604,0.003693499779787138,0.1999973985887852,3475648294.5999413,0.9843390501529661
cut3,440_SinglePlusCompton,1450,317357.03125,390.4843444824219,-231.3510865670048,-63.84884293600199,58.5,1977.0635986328125,13724.919921875,4406.199307441019,812.7266235351562,0.4878199537643985,0.0038287375271974233,0.19808986403969728,3475539274.97109,0.9843081746820278
cut3,440_SinglePlusCompton,1500,333767.0,408.950927734375,-231.3510865670048,-63.84884293600199,58.5,1997.9736328125,14515.9736328125,4516.505927889212,816.1541748046875,0.489101599103192,0.003964892537001474,0.19628466492769273,3475439329.242287,0.984279869032141
cut3,440_SinglePlusCompton,1550,350289.5,427.4931335449219,-231.3510865670048,-63.84884293600199,58.5,2010.6187744140625,15159.099609375,4647.644928819989,819.40380859375,0.49036510831343527,0.004101849659611633,0.19457337354065926,3475347606.2110333,0.9842538921340751
cut3,440_SinglePlusCompton,1600,366909.59375,446.0969543457031,-231.3510865670048,-63.84884293600199,58.5,2028.83837890625,15520.2509765625,4726.771577911733,822.4884643554688,0.4916165089167121,0.004239497081989771,0.19294844796192975,3475263356.804982,0.9842300318429009
cut3,440_SinglePlusCompton,1650,383611.09375,464.7466735839844,-231.3510865670048,-63.84884293600199,58.5,2045.3448486328125,15938.1181640625,4841.2395162855155,825.4197998046875,0.4928610397260272,0.004377726948361918,0.19140311560730708,3475185901.717862,0.984208095772153
cut3,440_SinglePlusCompton,1700,400379.0,483.42779541015625,-231.3510865670048,-63.84884293600199,58.5,2057.09423828125,16262.4375,4943.674568266257,828.20849609375,0.49410352051768364,0.004516439219497107,0.18993127181056046,3475114641.785305,0.9841879142323706
cut3,440_SinglePlusCompton,1750,417195.40625,502.1220703125,-231.3510865670048,-63.84884293600199,58.5,2064.223388671875,16648.68359375,5030.288414033462,830.864501953125,0.495348083477388,0.004655541014882196,0.18852742164611597,3475049034.0866137,0.9841693334628742
cut3,440_SinglePlusCompton,1800,434043.96875,520.8131713867188,-231.3510865670048,-63.84884293600199,58.5,2079.14892578125,16887.359375,5156.910072717786,833.3966674804688,0.4965985617352861,0.004794944818738696,0.1871865838715676,3474988592.0092854,0.9841522156500394
cut3,440_SinglePlusCompton,1850,450907.375,539.4834594726562,-231.3510865670048,-63.84884293600199,58.5,2088.60205078125,17569.373046875,5264.9392850984905,835.8131713867188,0.49785832632963883,0.0049345734719939815,0.18590425953901116,3474932871.37407,0.9841364349977717
cut3,440_SinglePlusCompton,1900,467769.78125,558.1167602539062,-231.3510865670048,-63.84884293600199,58.5,2091.117919921875,18272.724609375,5407.218163297888,838.1217041015625,0.49913044814418167,0.005074357610156986,0.18467635298068422,3474881481.3678274,0.9841218808238034
cut3,440_SinglePlusCompton,1950,484615.28125,576.6970825195312,-231.3510865670048,-63.84884293600199,58.5,2104.02734375,18758.138671875,5481.377270705953,840.3290405273438,0.5004176728984582,0.005214233810362597,0.18349913976168142,3474834057.4501185,0.9841084498865637
cut3,440_SinglePlusCompton,2000,501427.59375,595.2076416015625,-231.3510865670048,-63.84884293600199,58.5,2105.88330078125,19580.0078125,5607.522870551585,842.4414672851562,0.5017226151001977,0.005354146556199411,0.18236922656568583,3474790282.4709964,0.9840960523659524
