variant,result,channel,peak_over_final_background,peak_over_expected_background,inner_z_peak_over_final_background,volume_weighted_p999_over_final_background,tiny_cells_integral_fraction,outside_source_z_integral_fraction,background_cv,background_bias,emitted_photon_integral_recovery,peak_x_mm,peak_y_mm,peak_z_mm,peak_ellipse_fraction
baseline,NEMA_Body_H60_5e9_1644876,440_SinglePhoton,34.61674931603004,31.911852094015245,34.61674931603004,6.918922190918273,2.061215137223381e-05,0.0611891952750776,0.7020358222941738,-0.0781383947210269,0.9943013444370742,27.239429984372798,-53.46039145130208,4.5,1.0
baseline,NEMA_Body_H60_5e9_1644876,440_ComptonOnly,4016.4856191626523,3612.546866253508,450.6346458416121,28.582083730583186,0.07311792833968951,0.1575875814782459,3.2001775386163507,-0.10057019773255316,1.005883210156087,-102.27463389889034,-140.76895702124085,58.5,0.02307665729309257
baseline,NEMA_Body_H60_5e9_1644876,440_SinglePlusCompton,3231.1105004640553,2877.347239372095,62.79777842981816,9.821377672020617,0.048520301308878,0.13599508993348344,0.9507024420469364,-0.10948658705456005,0.9834635134961985,102.27463389889029,-140.76895702124088,58.5,0.02307665729309159
baseline,NEMA_Body_H60_5e9_1644876,218_SinglePhoton_CrossTalkCorrected,24.346042719401254,23.19120955638831,24.346042719401254,5.025637663481476,1.9788701861066916e-05,0.030328913910265386,0.6685851422638148,-0.04743412210037168,0.9929222023556112,-24.515486985935535,-48.11435230617186,4.5,1.0
baseline,NEMA_Body_H60_5e9_1644876,440SinglePlus218Single,23.967842922451386,22.319956596738745,23.967842922451386,5.126512454266473,2.037045012737739e-05,0.05213099797492952,0.5229225479455902,-0.0687540522960044,0.9938961373182821,29.96337298281008,-58.806430596432286,4.5,1.0
baseline,NEMA_Body_H60_5e9_1644876,440SingleComptonPlus218Single,2196.7928650151657,1997.9363564103173,42.95852216623023,7.038658080975405,0.03417381705381587,0.1047389643104024,0.6811409392836361,-0.09052128299018103,0.9862425777875019,102.27463389889029,-140.76895702124088,58.5,0.02307665729309159
bind_f010,NEMA_Body_H60_5e9_bind_f010_formal_1651956_0,440_SinglePhoton,34.61666956235294,31.911953809264084,34.61666956235294,6.918852015873341,2.4169778742203164e-05,0.06118856039219853,0.7020314564114293,-0.0781333325037814,0.994302320305061,27.239429984372798,-53.46039145130208,4.5,1.0
bind_f010,NEMA_Body_H60_5e9_bind_f010_formal_1651956_0,440_ComptonOnly,781.5441034828265,706.6572732323083,196.44310614356533,29.951675732943354,6.385578720005393e-07,0.15621368629590177,3.1888763916863287,-0.09581907139571144,1.005955425145935,-68.97624523354169,-146.5819824994952,58.5,0.11197964116005223
bind_f010,NEMA_Body_H60_5e9_bind_f010_formal_1651956_0,440_SinglePlusCompton,501.0417550753993,446.5602008073574,62.68441597665092,10.293580064777704,8.251411808714033e-06,0.1364659646867983,0.9530747680469888,-0.10873655482035272,0.9834519781091717,-68.97624523354169,-146.5819824994952,58.5,0.11197964116005223
bind_f010,NEMA_Body_H60_5e9_bind_f010_formal_1651956_0,218_SinglePhoton_CrossTalkCorrected,24.345810677070666,23.191034101729205,24.345810677070666,5.025696857538375,1.8530618754923885e-05,0.030328624468216613,0.6685834772152106,-0.047432249870777654,0.992922828788125,-24.515486985935535,-48.11435230617186,4.5,1.0
bind_f010,NEMA_Body_H60_5e9_bind_f010_formal_1651956_0,440SinglePlus218Single,23.96773421368385,22.319951365056678,23.96773421368385,5.126509013372303,2.2514556885479708e-05,0.052130466690536954,0.5229189820445327,-0.0687500467894211,0.9938970110459603,29.96337298281008,-58.806430596432286,4.5,1.0
bind_f010,NEMA_Body_H60_5e9_bind_f010_formal_1651956_0,440SingleComptonPlus218Single,340.74450278184605,310.0775271169303,42.89275483966477,7.453739861820367,1.129203455041741e-05,0.1050701950836281,0.6829773442317117,-0.08999991317409328,0.98623461584135,-68.97624523354169,-146.5819824994952,58.5,0.11197964116005223
huber_weak,NEMA_Body_H60_5e9_huber_weak_formal_1651956_1,440_SinglePhoton,3.5861935617452034,3.1442264811591514,3.5861935617452034,3.013275276795973,2.3585163703770353e-05,0.10327329278713854,0.402758265141116,-0.12324127880341496,0.993670174248113,27.239429984372798,-53.46039145130208,-1.5,1.0
huber_weak,NEMA_Body_H60_5e9_huber_weak_formal_1651956_1,440_ComptonOnly,467.1931796684841,418.6694275078539,13.577928929656924,6.313010505429276,0.011083742820480302,0.17297592450256147,0.5564763380864901,-0.10386228710586531,1.0055365481141894,-231.3510865670048,-63.84884293600199,58.5,0.00996895082253595
huber_weak,NEMA_Body_H60_5e9_huber_weak_formal_1651956_1,440_SinglePlusCompton,57.36490075843294,49.22003528394813,3.803721372677658,3.8059024170612115,0.0015947333805640422,0.17044717688359098,0.3945436021245974,-0.14198343179888573,0.9833725265743793,-231.3510865670048,-63.84884293600199,58.5,0.00996895082253595
huber_weak,NEMA_Body_H60_5e9_huber_weak_formal_1651956_1,218_SinglePhoton_CrossTalkCorrected,3.1100276652616405,2.8140485398072745,3.1100276652616405,2.4604994644968388,2.0543152178880072e-05,0.06365577446348694,0.28600614921535283,-0.09516929021577236,0.9928216442513,-27.239429984372816,-53.460391451302065,1.5,1.0
huber_weak,NEMA_Body_H60_5e9_huber_weak_formal_1651956_1,440SinglePlus218Single,2.8664645335398613,2.5377912041210977,2.8664645335398613,2.4252871016129838,2.269192715324866e-05,0.09164026137677235,0.3300489008526487,-0.11466157197238291,0.9934208671265803,27.239429984372798,-53.46039145130208,-1.5,1.0
huber_weak,NEMA_Body_H60_5e9_huber_weak_formal_1651956_1,440SingleComptonPlus218Single,39.17897872655449,34.17678448319965,3.004293672224104,2.827255574188113,0.0011290897254883857,0.13885840359224902,0.32580096961143856,-0.12767546286152898,0.986148778781793,-231.3510865670048,-63.84884293600199,58.5,0.00996895082253595
