id,x_mm,y1_mm,y2_mm,z_mm,radius_mm
1,-145.966,-46.5,4,-61.3145985879,1.25
2,-140.066,-46.5,4,-61.3145985879,1.25
3,-134.166,-46.5,4,-61.3145985879,1.25
4,-128.266,-46.5,4,-61.3145985879,1.25
5,-122.366,-46.5,4,-61.3145985879,1.25
6,-116.466,-46.5,4,-61.3145985879,1.25
7,-110.566,-46.5,4,-61.3145985879,1.25
8,-104.666,-46.5,4,-61.3145985879,1.25
9,-98.766,-46.5,4,-61.3145985879,1.25
10,-92.866,-46.5,4,-61.3145985879,1.25
11,-86.966,-46.5,4,-61.3145985879,1.25
12,-81.066,-46.5,4,-61.3145985879,1.25
13,-75.166,-46.5,4,-61.3145985879,1.25
14,-69.266,-46.5,4,-61.3145985879,1.25
15,-63.366,-46.5,4,-61.3145985879,1.25
16,-57.466,-46.5,4,-61.3145985879,1.25
17,-51.566,-46.5,4,-61.3145985879,1.25
18,-45.666,-46.5,4,-61.3145985879,1.25
19,-39.766,-46.5,4,-61.3145985879,1.25
20,-33.866,-46.5,4,-61.3145985879,1.25
21,-27.966,-46.5,4,-61.3145985879,1.25
22,-22.066,-46.5,4,-61.3145985879,1.25
23,-16.166,-46.5,4,-61.3145985879,1.25
24,-10.266,-46.5,4,-61.3145985879,1.25
25,-4.366,-46.5,4,-61.3145985879,1.25
26,1.534,-46.5,4,-61.3145985879,1.25
27,7.434,-46.5,4,-61.3145985879,1.25
28,13.334,-46.5,4,-61.3145985879,1.25
29,19.234,-46.5,4,-61.3145985879,1.25
30,25.134,-46.5,4,-61.3145985879,1.25
31,31.034,-46.5,4,-61.3145985879,1.25
32,36.934,-46.5,4,-61.3145985879,1.25
33,42.834,-46.5,4,-61.3145985879,1.25
34,48.734,-46.5,4,-61.3145985879,1.25
35,54.634,-46.5,4,-61.3145985879,1.25
36,60.534,-46.5,4,-61.3145985879,1.25
37,66.434,-46.5,4,-61.3145985879,1.25
38,72.334,-46.5,4,-61.3145985879,1.25
39,78.234,-46.5,4,-61.3145985879,1.25
40,84.134,-46.5,4,-61.3145985879,1.25
41,90.034,-46.5,4,-61.3145985879,1.25
42,95.934,-46.5,4,-61.3145985879,1.25
43,101.834,-46.5,4,-61.3145985879,1.25
44,107.734,-46.5,4,-61.3145985879,1.25
45,113.634,-46.5,4,-61.3145985879,1.25
46,119.534,-46.5,4,-61.3145985879,1.25
47,125.434,-46.5,4,-61.3145985879,1.25
48,131.334,-46.5,4,-61.3145985879,1.25
49,137.234,-46.5,4,-61.3145985879,1.25
50,143.134,-46.5,4,-61.3145985879,1.25
51,-143.016,-46.5,4,-56.2050487056,1.25
52,-137.116,-46.5,4,-56.2050487056,1.25
53,-131.216,-46.5,4,-56.2050487056,1.25
54,-125.316,-46.5,4,-56.2050487056,1.25
55,-119.416,-46.5,4,-56.2050487056,1.25
56,-113.516,-46.5,4,-56.2050487056,1.25
57,-107.616,-46.5,4,-56.2050487056,1.25
58,-101.716,-46.5,4,-56.2050487056,1.25
59,-95.816,-46.5,4,-56.2050487056,1.25
60,-89.916,-46.5,4,-56.2050487056,1.25
61,-84.016,-46.5,4,-56.2050487056,1.25
62,-78.116,-46.5,4,-56.2050487056,1.25
63,-72.216,-46.5,4,-56.2050487056,1.25
64,-66.316,-46.5,4,-56.2050487056,1.25
65,-60.416,-46.5,4,-56.2050487056,1.25
66,-54.516,-46.5,4,-56.2050487056,1.25
67,-48.616,-46.5,4,-56.2050487056,1.25
68,-42.716,-46.5,4,-56.2050487056,1.25
69,-36.816,-46.5,4,-56.2050487056,1.25
70,-30.916,-46.5,4,-56.2050487056,1.25
71,-25.016,-46.5,4,-56.2050487056,1.25
72,-19.116,-46.5,4,-56.2050487056,1.25
73,-13.216,-46.5,4,-56.2050487056,1.25
74,-7.316,-46.5,4,-56.2050487056,1.25
75,-1.416,-46.5,4,-56.2050487056,1.25
76,4.484,-46.5,4,-56.2050487056,1.25
77,10.384,-46.5,4,-56.2050487056,1.25
78,16.284,-46.5,4,-56.2050487056,1.25
79,22.184,-46.5,4,-56.2050487056,1.25
80,28.084,-46.5,4,-56.2050487056,1.25
81,33.984,-46.5,4,-56.2050487056,1.25
82,39.884,-46.5,4,-56.2050487056,1.25
83,45.784,-46.5,4,-56.2050487056,1.25
84,51.684,-46.5,4,-56.2050487056,1.25
85,57.584,-46.5,4,-56.2050487056,1.25
86,63.484,-46.5,4,-56.2050487056,1.25
87,69.384,-46.5,4,-56.2050487056,1.25
88,75.284,-46.5,4,-56.2050487056,1.25
89,81.184,-46.5,4,-56.2050487056,1.25
90,87.084,-46.5,4,-56.2050487056,1.25
91,92.984,-46.5,4,-56.2050487056,1.25
92,98.884,-46.5,4,-56.2050487056,1.25
93,104.784,-46.5,4,-56.2050487056,1.25
94,110.684,-46.5,4,-56.2050487056,1.25
95,116.584,-46.5,4,-56.2050487056,1.25
96,122.484,-46.5,4,-56.2050487056,1.25
97,128.384,-46.5,4,-56.2050487056,1.25
98,134.284,-46.5,4,-56.2050487056,1.25
99,140.184,-46.5,4,-56.2050487056,1.25
100,146.084,-46.5,4,-56.2050487056,1.25
101,-145.966,-46.5,4,-51.0954988233,1.25
102,-140.066,-46.5,4,-51.0954988233,1.25
103,-134.166,-46.5,4,-51.0954988233,1.25
104,-128.266,-46.5,4,-51.0954988233,1.25
105,-122.366,-46.5,4,-51.0954988233,1.25
106,-116.466,-46.5,4,-51.0954988233,1.25
107,-110.566,-46.5,4,-51.0954988233,1.25
108,-104.666,-46.5,4,-51.0954988233,1.25
109,-98.766,-46.5,4,-51.0954988233,1.25
110,-92.866,-46.5,4,-51.0954988233,1.25
111,-86.966,-46.5,4,-51.0954988233,1.25
112,-81.066,-46.5,4,-51.0954988233,1.25
113,-75.166,-46.5,4,-51.0954988233,1.25
114,-69.266,-46.5,4,-51.0954988233,1.25
115,-63.366,-46.5,4,-51.0954988233,1.25
116,-57.466,-46.5,4,-51.0954988233,1.25
117,-51.566,-46.5,4,-51.0954988233,1.25
118,-45.666,-46.5,4,-51.0954988233,1.25
119,-39.766,-46.5,4,-51.0954988233,1.25
120,-33.866,-46.5,4,-51.0954988233,1.25
121,-27.966,-46.5,4,-51.0954988233,1.25
122,-22.066,-46.5,4,-51.0954988233,1.25
123,-16.166,-46.5,4,-51.0954988233,1.25
124,-10.266,-46.5,4,-51.0954988233,1.25
125,-4.366,-46.5,4,-51.0954988233,1.25
126,1.534,-46.5,4,-51.0954988233,1.25
127,7.434,-46.5,4,-51.0954988233,1.25
128,13.334,-46.5,4,-51.0954988233,1.25
129,19.234,-46.5,4,-51.0954988233,1.25
130,25.134,-46.5,4,-51.0954988233,1.25
131,31.034,-46.5,4,-51.0954988233,1.25
132,36.934,-46.5,4,-51.0954988233,1.25
133,42.834,-46.5,4,-51.0954988233,1.25
134,48.734,-46.5,4,-51.0954988233,1.25
135,54.634,-46.5,4,-51.0954988233,1.25
136,60.534,-46.5,4,-51.0954988233,1.25
137,66.434,-46.5,4,-51.0954988233,1.25
138,72.334,-46.5,4,-51.0954988233,1.25
139,78.234,-46.5,4,-51.0954988233,1.25
140,84.134,-46.5,4,-51.0954988233,1.25
141,90.034,-46.5,4,-51.0954988233,1.25
142,95.934,-46.5,4,-51.0954988233,1.25
143,101.834,-46.5,4,-51.0954988233,1.25
144,107.734,-46.5,4,-51.0954988233,1.25
145,113.634,-46.5,4,-51.0954988233,1.25
146,119.534,-46.5,4,-51.0954988233,1.25
147,125.434,-46.5,4,-51.0954988233,1.25
148,131.334,-46.5,4,-51.0954988233,1.25
149,137.234,-46.5,4,-51.0954988233,1.25
150,143.134,-46.5,4,-51.0954988233,1.25
151,-143.016,-46.5,4,-45.985948941,1.25
152,-137.116,-46.5,4,-45.985948941,1.25
153,-131.216,-46.5,4,-45.985948941,1.25
154,-125.316,-46.5,4,-45.985948941,1.25
155,-119.416,-46.5,4,-45.985948941,1.25
156,-113.516,-46.5,4,-45.985948941,1.25
157,-107.616,-46.5,4,-45.985948941,1.25
158,-101.716,-46.5,4,-45.985948941,1.25
159,-95.816,-46.5,4,-45.985948941,1.25
160,-89.916,-46.5,4,-45.985948941,1.25
161,-84.016,-46.5,4,-45.985948941,1.25
162,-78.116,-46.5,4,-45.985948941,1.25
163,-72.216,-46.5,4,-45.985948941,1.25
164,-66.316,-46.5,4,-45.985948941,1.25
165,-60.416,-46.5,4,-45.985948941,1.25
166,-54.516,-46.5,4,-45.985948941,1.25
167,-48.616,-46.5,4,-45.985948941,1.25
168,-42.716,-46.5,4,-45.985948941,1.25
169,-36.816,-46.5,4,-45.985948941,1.25
170,-30.916,-46.5,4,-45.985948941,1.25
171,-25.016,-46.5,4,-45.985948941,1.25
172,-19.116,-46.5,4,-45.985948941,1.25
173,-13.216,-46.5,4,-45.985948941,1.25
174,-7.316,-46.5,4,-45.985948941,1.25
175,-1.416,-46.5,4,-45.985948941,1.25
176,4.484,-46.5,4,-45.985948941,1.25
177,10.384,-46.5,4,-45.985948941,1.25
178,16.284,-46.5,4,-45.985948941,1.25
179,22.184,-46.5,4,-45.985948941,1.25
180,28.084,-46.5,4,-45.985948941,1.25
181,33.984,-46.5,4,-45.985948941,1.25
182,39.884,-46.5,4,-45.985948941,1.25
183,45.784,-46.5,4,-45.985948941,1.25
184,51.684,-46.5,4,-45.985948941,1.25
185,57.584,-46.5,4,-45.985948941,1.25
186,63.484,-46.5,4,-45.985948941,1.25
187,69.384,-46.5,4,-45.985948941,1.25
188,75.284,-46.5,4,-45.985948941,1.25
189,81.184,-46.5,4,-45.985948941,1.25
190,87.084,-46.5,4,-45.985948941,1.25
191,92.984,-46.5,4,-45.985948941,1.25
192,98.884,-46.5,4,-45.985948941,1.25
193,104.784,-46.5,4,-45.985948941,1.25
194,110.684,-46.5,4,-45.985948941,1.25
195,116.584,-46.5,4,-45.985948941,1.25
196,122.484,-46.5,4,-45.985948941,1.25
197,128.384,-46.5,4,-45.985948941,1.25
198,134.284,-46.5,4,-45.985948941,1.25
199,140.184,-46.5,4,-45.985948941,1.25
200,146.084,-46.5,4,-45.985948941,1.25
201,-145.966,-46.5,4,-40.8763990586,1.25
202,-140.066,-46.5,4,-40.8763990586,1.25
203,-134.166,-46.5,4,-40.8763990586,1.25
204,-128.266,-46.5,4,-40.8763990586,1.25
205,-122.366,-46.5,4,-40.8763990586,1.25
206,-116.466,-46.5,4,-40.8763990586,1.25
207,-110.566,-46.5,4,-40.8763990586,1.25
208,-104.666,-46.5,4,-40.8763990586,1.25
209,-98.766,-46.5,4,-40.8763990586,1.25
210,-92.866,-46.5,4,-40.8763990586,1.25
211,-86.966,-46.5,4,-40.8763990586,1.25
212,-81.066,-46.5,4,-40.8763990586,1.25
213,-75.166,-46.5,4,-40.8763990586,1.25
214,-69.266,-46.5,4,-40.8763990586,1.25
215,-63.366,-46.5,4,-40.8763990586,1.25
216,-57.466,-46.5,4,-40.8763990586,1.25
217,-51.566,-46.5,4,-40.8763990586,1.25
218,-45.666,-46.5,4,-40.8763990586,1.25
219,-39.766,-46.5,4,-40.8763990586,1.25
220,-33.866,-46.5,4,-40.8763990586,1.25
221,-27.966,-46.5,4,-40.8763990586,1.25
222,-22.066,-46.5,4,-40.8763990586,1.25
223,-16.166,-46.5,4,-40.8763990586,1.25
224,-10.266,-46.5,4,-40.8763990586,1.25
225,-4.366,-46.5,4,-40.8763990586,1.25
226,1.534,-46.5,4,-40.8763990586,1.25
227,7.434,-46.5,4,-40.8763990586,1.25
228,13.334,-46.5,4,-40.8763990586,1.25
229,19.234,-46.5,4,-40.8763990586,1.25
230,25.134,-46.5,4,-40.8763990586,1.25
231,31.034,-46.5,4,-40.8763990586,1.25
232,36.934,-46.5,4,-40.8763990586,1.25
233,42.834,-46.5,4,-40.8763990586,1.25
234,48.734,-46.5,4,-40.8763990586,1.25
235,54.634,-46.5,4,-40.8763990586,1.25
236,60.534,-46.5,4,-40.8763990586,1.25
237,66.434,-46.5,4,-40.8763990586,1.25
238,72.334,-46.5,4,-40.8763990586,1.25
239,78.234,-46.5,4,-40.8763990586,1.25
240,84.134,-46.5,4,-40.8763990586,1.25
241,90.034,-46.5,4,-40.8763990586,1.25
242,95.934,-46.5,4,-40.8763990586,1.25
243,101.834,-46.5,4,-40.8763990586,1.25
244,107.734,-46.5,4,-40.8763990586,1.25
245,113.634,-46.5,4,-40.8763990586,1.25
246,119.534,-46.5,4,-40.8763990586,1.25
247,125.434,-46.5,4,-40.8763990586,1.25
248,131.334,-46.5,4,-40.8763990586,1.25
249,137.234,-46.5,4,-40.8763990586,1.25
250,143.134,-46.5,4,-40.8763990586,1.25
251,-143.016,-46.5,4,-35.7668491763,1.25
252,-137.116,-46.5,4,-35.7668491763,1.25
253,-131.216,-46.5,4,-35.7668491763,1.25
254,-125.316,-46.5,4,-35.7668491763,1.25
255,-119.416,-46.5,4,-35.7668491763,1.25
256,-113.516,-46.5,4,-35.7668491763,1.25
257,-107.616,-46.5,4,-35.7668491763,1.25
258,-101.716,-46.5,4,-35.7668491763,1.25
259,-95.816,-46.5,4,-35.7668491763,1.25
260,-89.916,-46.5,4,-35.7668491763,1.25
261,-84.016,-46.5,4,-35.7668491763,1.25
262,-78.116,-46.5,4,-35.7668491763,1.25
263,-72.216,-46.5,4,-35.7668491763,1.25
264,-66.316,-46.5,4,-35.7668491763,1.25
265,-60.416,-46.5,4,-35.7668491763,1.25
266,-54.516,-46.5,4,-35.7668491763,1.25
267,-48.616,-46.5,4,-35.7668491763,1.25
268,-42.716,-46.5,4,-35.7668491763,1.25
269,-36.816,-46.5,4,-35.7668491763,1.25
270,-30.916,-46.5,4,-35.7668491763,1.25
271,-25.016,-46.5,4,-35.7668491763,1.25
272,-19.116,-46.5,4,-35.7668491763,1.25
273,-13.216,-46.5,4,-35.7668491763,1.25
274,-7.316,-46.5,4,-35.7668491763,1.25
275,-1.416,-46.5,4,-35.7668491763,1.25
276,4.484,-46.5,4,-35.7668491763,1.25
277,10.384,-46.5,4,-35.7668491763,1.25
278,16.284,-46.5,4,-35.7668491763,1.25
279,22.184,-46.5,4,-35.7668491763,1.25
280,28.084,-46.5,4,-35.7668491763,1.25
281,33.984,-46.5,4,-35.7668491763,1.25
282,39.884,-46.5,4,-35.7668491763,1.25
283,45.784,-46.5,4,-35.7668491763,1.25
284,51.684,-46.5,4,-35.7668491763,1.25
285,57.584,-46.5,4,-35.7668491763,1.25
286,63.484,-46.5,4,-35.7668491763,1.25
287,69.384,-46.5,4,-35.7668491763,1.25
288,75.284,-46.5,4,-35.7668491763,1.25
289,81.184,-46.5,4,-35.7668491763,1.25
290,87.084,-46.5,4,-35.7668491763,1.25
291,92.984,-46.5,4,-35.7668491763,1.25
292,98.884,-46.5,4,-35.7668491763,1.25
293,104.784,-46.5,4,-35.7668491763,1.25
294,110.684,-46.5,4,-35.7668491763,1.25
295,116.584,-46.5,4,-35.7668491763,1.25
296,122.484,-46.5,4,-35.7668491763,1.25
297,128.384,-46.5,4,-35.7668491763,1.25
298,134.284,-46.5,4,-35.7668491763,1.25
299,140.184,-46.5,4,-35.7668491763,1.25
300,146.084,-46.5,4,-35.7668491763,1.25
301,-145.966,-46.5,4,-30.657299294,1.25
302,-140.066,-46.5,4,-30.657299294,1.25
303,-134.166,-46.5,4,-30.657299294,1.25
304,-128.266,-46.5,4,-30.657299294,1.25
305,-122.366,-46.5,4,-30.657299294,1.25
306,-116.466,-46.5,4,-30.657299294,1.25
307,-110.566,-46.5,4,-30.657299294,1.25
308,-104.666,-46.5,4,-30.657299294,1.25
309,-98.766,-46.5,4,-30.657299294,1.25
310,-92.866,-46.5,4,-30.657299294,1.25
311,-86.966,-46.5,4,-30.657299294,1.25
312,-81.066,-46.5,4,-30.657299294,1.25
313,-75.166,-46.5,4,-30.657299294,1.25
314,-69.266,-46.5,4,-30.657299294,1.25
315,-63.366,-46.5,4,-30.657299294,1.25
316,-57.466,-46.5,4,-30.657299294,1.25
317,-51.566,-46.5,4,-30.657299294,1.25
318,-45.666,-46.5,4,-30.657299294,1.25
319,-39.766,-46.5,4,-30.657299294,1.25
320,-33.866,-46.5,4,-30.657299294,1.25
321,-27.966,-46.5,4,-30.657299294,1.25
322,-22.066,-46.5,4,-30.657299294,1.25
323,-16.166,-46.5,4,-30.657299294,1.25
324,-10.266,-46.5,4,-30.657299294,1.25
325,-4.366,-46.5,4,-30.657299294,1.25
326,1.534,-46.5,4,-30.657299294,1.25
327,7.434,-46.5,4,-30.657299294,1.25
328,13.334,-46.5,4,-30.657299294,1.25
329,19.234,-46.5,4,-30.657299294,1.25
330,25.134,-46.5,4,-30.657299294,1.25
331,31.034,-46.5,4,-30.657299294,1.25
332,36.934,-46.5,4,-30.657299294,1.25
333,42.834,-46.5,4,-30.657299294,1.25
334,48.734,-46.5,4,-30.657299294,1.25
335,54.634,-46.5,4,-30.657299294,1.25
336,60.534,-46.5,4,-30.657299294,1.25
337,66.434,-46.5,4,-30.657299294,1.25
338,72.334,-46.5,4,-30.657299294,1.25
339,78.234,-46.5,4,-30.657299294,1.25
340,84.134,-46.5,4,-30.657299294,1.25
341,90.034,-46.5,4,-30.657299294,1.25
342,95.934,-46.5,4,-30.657299294,1.25
343,101.834,-46.5,4,-30.657299294,1.25
344,107.734,-46.5,4,-30.657299294,1.25
345,113.634,-46.5,4,-30.657299294,1.25
346,119.534,-46.5,4,-30.657299294,1.25
347,125.434,-46.5,4,-30.657299294,1.25
348,131.334,-46.5,4,-30.657299294,1.25
349,137.234,-46.5,4,-30.657299294,1.25
350,143.134,-46.5,4,-30.657299294,1.25
351,-143.016,-46.5,4,-25.5477494116,1.25
352,-137.116,-46.5,4,-25.5477494116,1.25
353,-131.216,-46.5,4,-25.5477494116,1.25
354,-125.316,-46.5,4,-25.5477494116,1.25
355,-119.416,-46.5,4,-25.5477494116,1.25
356,-113.516,-46.5,4,-25.5477494116,1.25
357,-107.616,-46.5,4,-25.5477494116,1.25
358,-101.716,-46.5,4,-25.5477494116,1.25
359,-95.816,-46.5,4,-25.5477494116,1.25
360,-89.916,-46.5,4,-25.5477494116,1.25
361,-84.016,-46.5,4,-25.5477494116,1.25
362,-78.116,-46.5,4,-25.5477494116,1.25
363,-72.216,-46.5,4,-25.5477494116,1.25
364,-66.316,-46.5,4,-25.5477494116,1.25
365,-60.416,-46.5,4,-25.5477494116,1.25
366,-54.516,-46.5,4,-25.5477494116,1.25
367,-48.616,-46.5,4,-25.5477494116,1.25
368,-42.716,-46.5,4,-25.5477494116,1.25
369,-36.816,-46.5,4,-25.5477494116,1.25
370,-30.916,-46.5,4,-25.5477494116,1.25
371,-25.016,-46.5,4,-25.5477494116,1.25
372,-19.116,-46.5,4,-25.5477494116,1.25
373,-13.216,-46.5,4,-25.5477494116,1.25
374,-7.316,-46.5,4,-25.5477494116,1.25
375,-1.416,-46.5,4,-25.5477494116,1.25
376,4.484,-46.5,4,-25.5477494116,1.25
377,10.384,-46.5,4,-25.5477494116,1.25
378,16.284,-46.5,4,-25.5477494116,1.25
379,22.184,-46.5,4,-25.5477494116,1.25
380,28.084,-46.5,4,-25.5477494116,1.25
381,33.984,-46.5,4,-25.5477494116,1.25
382,39.884,-46.5,4,-25.5477494116,1.25
383,45.784,-46.5,4,-25.5477494116,1.25
384,51.684,-46.5,4,-25.5477494116,1.25
385,57.584,-46.5,4,-25.5477494116,1.25
386,63.484,-46.5,4,-25.5477494116,1.25
387,69.384,-46.5,4,-25.5477494116,1.25
388,75.284,-46.5,4,-25.5477494116,1.25
389,81.184,-46.5,4,-25.5477494116,1.25
390,87.084,-46.5,4,-25.5477494116,1.25
391,92.984,-46.5,4,-25.5477494116,1.25
392,98.884,-46.5,4,-25.5477494116,1.25
393,104.784,-46.5,4,-25.5477494116,1.25
394,110.684,-46.5,4,-25.5477494116,1.25
395,116.584,-46.5,4,-25.5477494116,1.25
396,122.484,-46.5,4,-25.5477494116,1.25
397,128.384,-46.5,4,-25.5477494116,1.25
398,134.284,-46.5,4,-25.5477494116,1.25
399,140.184,-46.5,4,-25.5477494116,1.25
400,146.084,-46.5,4,-25.5477494116,1.25
401,-145.966,-46.5,4,-20.4381995293,1.25
402,-140.066,-46.5,4,-20.4381995293,1.25
403,-134.166,-46.5,4,-20.4381995293,1.25
404,-128.266,-46.5,4,-20.4381995293,1.25
405,-122.366,-46.5,4,-20.4381995293,1.25
406,-116.466,-46.5,4,-20.4381995293,1.25
407,-110.566,-46.5,4,-20.4381995293,1.25
408,-104.666,-46.5,4,-20.4381995293,1.25
409,-98.766,-46.5,4,-20.4381995293,1.25
410,-92.866,-46.5,4,-20.4381995293,1.25
411,-86.966,-46.5,4,-20.4381995293,1.25
412,-81.066,-46.5,4,-20.4381995293,1.25
413,-75.166,-46.5,4,-20.4381995293,1.25
414,-69.266,-46.5,4,-20.4381995293,1.25
415,-63.366,-46.5,4,-20.4381995293,1.25
416,-57.466,-46.5,4,-20.4381995293,1.25
417,-51.566,-46.5,4,-20.4381995293,1.25
418,-45.666,-46.5,4,-20.4381995293,1.25
419,-39.766,-46.5,4,-20.4381995293,1.25
420,-33.866,-46.5,4,-20.4381995293,1.25
421,-27.966,-46.5,4,-20.4381995293,1.25
422,-22.066,-46.5,4,-20.4381995293,1.25
423,-16.166,-46.5,4,-20.4381995293,1.25
424,-10.266,-46.5,4,-20.4381995293,1.25
425,-4.366,-46.5,4,-20.4381995293,1.25
426,1.534,-46.5,4,-20.4381995293,1.25
427,7.434,-46.5,4,-20.4381995293,1.25
428,13.334,-46.5,4,-20.4381995293,1.25
429,19.234,-46.5,4,-20.4381995293,1.25
430,25.134,-46.5,4,-20.4381995293,1.25
431,31.034,-46.5,4,-20.4381995293,1.25
432,36.934,-46.5,4,-20.4381995293,1.25
433,42.834,-46.5,4,-20.4381995293,1.25
434,48.734,-46.5,4,-20.4381995293,1.25
435,54.634,-46.5,4,-20.4381995293,1.25
436,60.534,-46.5,4,-20.4381995293,1.25
437,66.434,-46.5,4,-20.4381995293,1.25
438,72.334,-46.5,4,-20.4381995293,1.25
439,78.234,-46.5,4,-20.4381995293,1.25
440,84.134,-46.5,4,-20.4381995293,1.25
441,90.034,-46.5,4,-20.4381995293,1.25
442,95.934,-46.5,4,-20.4381995293,1.25
443,101.834,-46.5,4,-20.4381995293,1.25
444,107.734,-46.5,4,-20.4381995293,1.25
445,113.634,-46.5,4,-20.4381995293,1.25
446,119.534,-46.5,4,-20.4381995293,1.25
447,125.434,-46.5,4,-20.4381995293,1.25
448,131.334,-46.5,4,-20.4381995293,1.25
449,137.234,-46.5,4,-20.4381995293,1.25
450,143.134,-46.5,4,-20.4381995293,1.25
451,-143.016,-46.5,4,-15.328649647,1.25
452,-137.116,-46.5,4,-15.328649647,1.25
453,-131.216,-46.5,4,-15.328649647,1.25
454,-125.316,-46.5,4,-15.328649647,1.25
455,-119.416,-46.5,4,-15.328649647,1.25
456,-113.516,-46.5,4,-15.328649647,1.25
457,-107.616,-46.5,4,-15.328649647,1.25
458,-101.716,-46.5,4,-15.328649647,1.25
459,-95.816,-46.5,4,-15.328649647,1.25
460,-89.916,-46.5,4,-15.328649647,1.25
461,-84.016,-46.5,4,-15.328649647,1.25
462,-78.116,-46.5,4,-15.328649647,1.25
463,-72.216,-46.5,4,-15.328649647,1.25
464,-66.316,-46.5,4,-15.328649647,1.25
465,-60.416,-46.5,4,-15.328649647,1.25
466,-54.516,-46.5,4,-15.328649647,1.25
467,-48.616,-46.5,4,-15.328649647,1.25
468,-42.716,-46.5,4,-15.328649647,1.25
469,-36.816,-46.5,4,-15.328649647,1.25
470,-30.916,-46.5,4,-15.328649647,1.25
471,-25.016,-46.5,4,-15.328649647,1.25
472,-19.116,-46.5,4,-15.328649647,1.25
473,-13.216,-46.5,4,-15.328649647,1.25
474,-7.316,-46.5,4,-15.328649647,1.25
475,-1.416,-46.5,4,-15.328649647,1.25
476,4.484,-46.5,4,-15.328649647,1.25
477,10.384,-46.5,4,-15.328649647,1.25
478,16.284,-46.5,4,-15.328649647,1.25
479,22.184,-46.5,4,-15.328649647,1.25
480,28.084,-46.5,4,-15.328649647,1.25
481,33.984,-46.5,4,-15.328649647,1.25
482,39.884,-46.5,4,-15.328649647,1.25
483,45.784,-46.5,4,-15.328649647,1.25
484,51.684,-46.5,4,-15.328649647,1.25
485,57.584,-46.5,4,-15.328649647,1.25
486,63.484,-46.5,4,-15.328649647,1.25
487,69.384,-46.5,4,-15.328649647,1.25
488,75.284,-46.5,4,-15.328649647,1.25
489,81.184,-46.5,4,-15.328649647,1.25
490,87.084,-46.5,4,-15.328649647,1.25
491,92.984,-46.5,4,-15.328649647,1.25
492,98.884,-46.5,4,-15.328649647,1.25
493,104.784,-46.5,4,-15.328649647,1.25
494,110.684,-46.5,4,-15.328649647,1.25
495,116.584,-46.5,4,-15.328649647,1.25
496,122.484,-46.5,4,-15.328649647,1.25
497,128.384,-46.5,4,-15.328649647,1.25
498,134.284,-46.5,4,-15.328649647,1.25
499,140.184,-46.5,4,-15.328649647,1.25
500,146.084,-46.5,4,-15.328649647,1.25
501,-145.966,-46.5,4,-10.2190997647,1.25
502,-140.066,-46.5,4,-10.2190997647,1.25
503,-134.166,-46.5,4,-10.2190997647,1.25
504,-128.266,-46.5,4,-10.2190997647,1.25
505,-122.366,-46.5,4,-10.2190997647,1.25
506,-116.466,-46.5,4,-10.2190997647,1.25
507,-110.566,-46.5,4,-10.2190997647,1.25
508,-104.666,-46.5,4,-10.2190997647,1.25
509,-98.766,-46.5,4,-10.2190997647,1.25
510,-92.866,-46.5,4,-10.2190997647,1.25
511,-86.966,-46.5,4,-10.2190997647,1.25
512,-81.066,-46.5,4,-10.2190997647,1.25
513,-75.166,-46.5,4,-10.2190997647,1.25
514,-69.266,-46.5,4,-10.2190997647,1.25
515,-63.366,-46.5,4,-10.2190997647,1.25
516,-57.466,-46.5,4,-10.2190997647,1.25
517,-51.566,-46.5,4,-10.2190997647,1.25
518,-45.666,-46.5,4,-10.2190997647,1.25
519,-39.766,-46.5,4,-10.2190997647,1.25
520,-33.866,-46.5,4,-10.2190997647,1.25
521,-27.966,-46.5,4,-10.2190997647,1.25
522,-22.066,-46.5,4,-10.2190997647,1.25
523,-16.166,-46.5,4,-10.2190997647,1.25
524,-10.266,-46.5,4,-10.2190997647,1.25
525,-4.366,-46.5,4,-10.2190997647,1.25
526,1.534,-46.5,4,-10.2190997647,1.25
527,7.434,-46.5,4,-10.2190997647,1.25
528,13.334,-46.5,4,-10.2190997647,1.25
529,19.234,-46.5,4,-10.2190997647,1.25
530,25.134,-46.5,4,-10.2190997647,1.25
531,31.034,-46.5,4,-10.2190997647,1.25
532,36.934,-46.5,4,-10.2190997647,1.25
533,42.834,-46.5,4,-10.2190997647,1.25
534,48.734,-46.5,4,-10.2190997647,1.25
535,54.634,-46.5,4,-10.2190997647,1.25
536,60.534,-46.5,4,-10.2190997647,1.25
537,66.434,-46.5,4,-10.2190997647,1.25
538,72.334,-46.5,4,-10.2190997647,1.25
539,78.234,-46.5,4,-10.2190997647,1.25
540,84.134,-46.5,4,-10.2190997647,1.25
541,90.034,-46.5,4,-10.2190997647,1.25
542,95.934,-46.5,4,-10.2190997647,1.25
543,101.834,-46.5,4,-10.2190997647,1.25
544,107.734,-46.5,4,-10.2190997647,1.25
545,113.634,-46.5,4,-10.2190997647,1.25
546,119.534,-46.5,4,-10.2190997647,1.25
547,125.434,-46.5,4,-10.2190997647,1.25
548,131.334,-46.5,4,-10.2190997647,1.25
549,137.234,-46.5,4,-10.2190997647,1.25
550,143.134,-46.5,4,-10.2190997647,1.25
551,-143.016,-46.5,4,-5.10954988233,1.25
552,-137.116,-46.5,4,-5.10954988233,1.25
553,-131.216,-46.5,4,-5.10954988233,1.25
554,-125.316,-46.5,4,-5.10954988233,1.25
555,-119.416,-46.5,4,-5.10954988233,1.25
556,-113.516,-46.5,4,-5.10954988233,1.25
557,-107.616,-46.5,4,-5.10954988233,1.25
558,-101.716,-46.5,4,-5.10954988233,1.25
559,-95.816,-46.5,4,-5.10954988233,1.25
560,-89.916,-46.5,4,-5.10954988233,1.25
561,-84.016,-46.5,4,-5.10954988233,1.25
562,-78.116,-46.5,4,-5.10954988233,1.25
563,-72.216,-46.5,4,-5.10954988233,1.25
564,-66.316,-46.5,4,-5.10954988233,1.25
565,-60.416,-46.5,4,-5.10954988233,1.25
566,-54.516,-46.5,4,-5.10954988233,1.25
567,-48.616,-46.5,4,-5.10954988233,1.25
568,-42.716,-46.5,4,-5.10954988233,1.25
569,-36.816,-46.5,4,-5.10954988233,1.25
570,-30.916,-46.5,4,-5.10954988233,1.25
571,-25.016,-46.5,4,-5.10954988233,1.25
572,-19.116,-46.5,4,-5.10954988233,1.25
573,-13.216,-46.5,4,-5.10954988233,1.25
574,-7.316,-46.5,4,-5.10954988233,1.25
575,-1.416,-46.5,4,-5.10954988233,1.25
576,4.484,-46.5,4,-5.10954988233,1.25
577,10.384,-46.5,4,-5.10954988233,1.25
578,16.284,-46.5,4,-5.10954988233,1.25
579,22.184,-46.5,4,-5.10954988233,1.25
580,28.084,-46.5,4,-5.10954988233,1.25
581,33.984,-46.5,4,-5.10954988233,1.25
582,39.884,-46.5,4,-5.10954988233,1.25
583,45.784,-46.5,4,-5.10954988233,1.25
584,51.684,-46.5,4,-5.10954988233,1.25
585,57.584,-46.5,4,-5.10954988233,1.25
586,63.484,-46.5,4,-5.10954988233,1.25
587,69.384,-46.5,4,-5.10954988233,1.25
588,75.284,-46.5,4,-5.10954988233,1.25
589,81.184,-46.5,4,-5.10954988233,1.25
590,87.084,-46.5,4,-5.10954988233,1.25
591,92.984,-46.5,4,-5.10954988233,1.25
592,98.884,-46.5,4,-5.10954988233,1.25
593,104.784,-46.5,4,-5.10954988233,1.25
594,110.684,-46.5,4,-5.10954988233,1.25
595,116.584,-46.5,4,-5.10954988233,1.25
596,122.484,-46.5,4,-5.10954988233,1.25
597,128.384,-46.5,4,-5.10954988233,1.25
598,134.284,-46.5,4,-5.10954988233,1.25
599,140.184,-46.5,4,-5.10954988233,1.25
600,146.084,-46.5,4,-5.10954988233,1.25
601,-145.966,-46.5,4,1.05728759081e-15,1.25
602,-140.066,-46.5,4,1.05728759081e-15,1.25
603,-134.166,-46.5,4,1.05728759081e-15,1.25
604,-128.266,-46.5,4,1.05728759081e-15,1.25
605,-122.366,-46.5,4,1.05728759081e-15,1.25
606,-116.466,-46.5,4,1.05728759081e-15,1.25
607,-110.566,-46.5,4,1.05728759081e-15,1.25
608,-104.666,-46.5,4,1.05728759081e-15,1.25
609,-98.766,-46.5,4,1.05728759081e-15,1.25
610,-92.866,-46.5,4,1.05728759081e-15,1.25
611,-86.966,-46.5,4,1.05728759081e-15,1.25
612,-81.066,-46.5,4,1.05728759081e-15,1.25
613,-75.166,-46.5,4,1.05728759081e-15,1.25
614,-69.266,-46.5,4,1.05728759081e-15,1.25
615,-63.366,-46.5,4,1.05728759081e-15,1.25
616,-57.466,-46.5,4,1.05728759081e-15,1.25
617,-51.566,-46.5,4,1.05728759081e-15,1.25
618,-45.666,-46.5,4,1.05728759081e-15,1.25
619,-39.766,-46.5,4,1.05728759081e-15,1.25
620,-33.866,-46.5,4,1.05728759081e-15,1.25
621,-27.966,-46.5,4,1.05728759081e-15,1.25
622,-22.066,-46.5,4,1.05728759081e-15,1.25
623,-16.166,-46.5,4,1.05728759081e-15,1.25
624,-10.266,-46.5,4,1.05728759081e-15,1.25
625,-4.366,-46.5,4,1.05728759081e-15,1.25
626,1.534,-46.5,4,1.05728759081e-15,1.25
627,7.434,-46.5,4,1.05728759081e-15,1.25
628,13.334,-46.5,4,1.05728759081e-15,1.25
629,19.234,-46.5,4,1.05728759081e-15,1.25
630,25.134,-46.5,4,1.05728759081e-15,1.25
631,31.034,-46.5,4,1.05728759081e-15,1.25
632,36.934,-46.5,4,1.05728759081e-15,1.25
633,42.834,-46.5,4,1.05728759081e-15,1.25
634,48.734,-46.5,4,1.05728759081e-15,1.25
635,54.634,-46.5,4,1.05728759081e-15,1.25
636,60.534,-46.5,4,1.05728759081e-15,1.25
637,66.434,-46.5,4,1.05728759081e-15,1.25
638,72.334,-46.5,4,1.05728759081e-15,1.25
639,78.234,-46.5,4,1.05728759081e-15,1.25
640,84.134,-46.5,4,1.05728759081e-15,1.25
641,90.034,-46.5,4,1.05728759081e-15,1.25
642,95.934,-46.5,4,1.05728759081e-15,1.25
643,101.834,-46.5,4,1.05728759081e-15,1.25
644,107.734,-46.5,4,1.05728759081e-15,1.25
645,113.634,-46.5,4,1.05728759081e-15,1.25
646,119.534,-46.5,4,1.05728759081e-15,1.25
647,125.434,-46.5,4,1.05728759081e-15,1.25
648,131.334,-46.5,4,1.05728759081e-15,1.25
649,137.234,-46.5,4,1.05728759081e-15,1.25
650,143.134,-46.5,4,1.05728759081e-15,1.25
651,-143.016,-46.5,4,5.10954988233,1.25
652,-137.116,-46.5,4,5.10954988233,1.25
653,-131.216,-46.5,4,5.10954988233,1.25
654,-125.316,-46.5,4,5.10954988233,1.25
655,-119.416,-46.5,4,5.10954988233,1.25
656,-113.516,-46.5,4,5.10954988233,1.25
657,-107.616,-46.5,4,5.10954988233,1.25
658,-101.716,-46.5,4,5.10954988233,1.25
659,-95.816,-46.5,4,5.10954988233,1.25
660,-89.916,-46.5,4,5.10954988233,1.25
661,-84.016,-46.5,4,5.10954988233,1.25
662,-78.116,-46.5,4,5.10954988233,1.25
663,-72.216,-46.5,4,5.10954988233,1.25
664,-66.316,-46.5,4,5.10954988233,1.25
665,-60.416,-46.5,4,5.10954988233,1.25
666,-54.516,-46.5,4,5.10954988233,1.25
667,-48.616,-46.5,4,5.10954988233,1.25
668,-42.716,-46.5,4,5.10954988233,1.25
669,-36.816,-46.5,4,5.10954988233,1.25
670,-30.916,-46.5,4,5.10954988233,1.25
671,-25.016,-46.5,4,5.10954988233,1.25
672,-19.116,-46.5,4,5.10954988233,1.25
673,-13.216,-46.5,4,5.10954988233,1.25
674,-7.316,-46.5,4,5.10954988233,1.25
675,-1.416,-46.5,4,5.10954988233,1.25
676,4.484,-46.5,4,5.10954988233,1.25
677,10.384,-46.5,4,5.10954988233,1.25
678,16.284,-46.5,4,5.10954988233,1.25
679,22.184,-46.5,4,5.10954988233,1.25
680,28.084,-46.5,4,5.10954988233,1.25
681,33.984,-46.5,4,5.10954988233,1.25
682,39.884,-46.5,4,5.10954988233,1.25
683,45.784,-46.5,4,5.10954988233,1.25
684,51.684,-46.5,4,5.10954988233,1.25
685,57.584,-46.5,4,5.10954988233,1.25
686,63.484,-46.5,4,5.10954988233,1.25
687,69.384,-46.5,4,5.10954988233,1.25
688,75.284,-46.5,4,5.10954988233,1.25
689,81.184,-46.5,4,5.10954988233,1.25
690,87.084,-46.5,4,5.10954988233,1.25
691,92.984,-46.5,4,5.10954988233,1.25
692,98.884,-46.5,4,5.10954988233,1.25
693,104.784,-46.5,4,5.10954988233,1.25
694,110.684,-46.5,4,5.10954988233,1.25
695,116.584,-46.5,4,5.10954988233,1.25
696,122.484,-46.5,4,5.10954988233,1.25
697,128.384,-46.5,4,5.10954988233,1.25
698,134.284,-46.5,4,5.10954988233,1.25
699,140.184,-46.5,4,5.10954988233,1.25
700,146.084,-46.5,4,5.10954988233,1.25
701,-145.966,-46.5,4,10.2190997647,1.25
702,-140.066,-46.5,4,10.2190997647,1.25
703,-134.166,-46.5,4,10.2190997647,1.25
704,-128.266,-46.5,4,10.2190997647,1.25
705,-122.366,-46.5,4,10.2190997647,1.25
706,-116.466,-46.5,4,10.2190997647,1.25
707,-110.566,-46.5,4,10.2190997647,1.25
708,-104.666,-46.5,4,10.2190997647,1.25
709,-98.766,-46.5,4,10.2190997647,1.25
710,-92.866,-46.5,4,10.2190997647,1.25
711,-86.966,-46.5,4,10.2190997647,1.25
712,-81.066,-46.5,4,10.2190997647,1.25
713,-75.166,-46.5,4,10.2190997647,1.25
714,-69.266,-46.5,4,10.2190997647,1.25
715,-63.366,-46.5,4,10.2190997647,1.25
716,-57.466,-46.5,4,10.2190997647,1.25
717,-51.566,-46.5,4,10.2190997647,1.25
718,-45.666,-46.5,4,10.2190997647,1.25
719,-39.766,-46.5,4,10.2190997647,1.25
720,-33.866,-46.5,4,10.2190997647,1.25
721,-27.966,-46.5,4,10.2190997647,1.25
722,-22.066,-46.5,4,10.2190997647,1.25
723,-16.166,-46.5,4,10.2190997647,1.25
724,-10.266,-46.5,4,10.2190997647,1.25
725,-4.366,-46.5,4,10.2190997647,1.25
726,1.534,-46.5,4,10.2190997647,1.25
727,7.434,-46.5,4,10.2190997647,1.25
728,13.334,-46.5,4,10.2190997647,1.25
729,19.234,-46.5,4,10.2190997647,1.25
730,25.134,-46.5,4,10.2190997647,1.25
731,31.034,-46.5,4,10.2190997647,1.25
732,36.934,-46.5,4,10.2190997647,1.25
733,42.834,-46.5,4,10.2190997647,1.25
734,48.734,-46.5,4,10.2190997647,1.25
735,54.634,-46.5,4,10.2190997647,1.25
736,60.534,-46.5,4,10.2190997647,1.25
737,66.434,-46.5,4,10.2190997647,1.25
738,72.334,-46.5,4,10.2190997647,1.25
739,78.234,-46.5,4,10.2190997647,1.25
740,84.134,-46.5,4,10.2190997647,1.25
741,90.034,-46.5,4,10.2190997647,1.25
742,95.934,-46.5,4,10.2190997647,1.25
743,101.834,-46.5,4,10.2190997647,1.25
744,107.734,-46.5,4,10.2190997647,1.25
745,113.634,-46.5,4,10.2190997647,1.25
746,119.534,-46.5,4,10.2190997647,1.25
747,125.434,-46.5,4,10.2190997647,1.25
748,131.334,-46.5,4,10.2190997647,1.25
749,137.234,-46.5,4,10.2190997647,1.25
750,143.134,-46.5,4,10.2190997647,1.25
751,-143.016,-46.5,4,15.328649647,1.25
752,-137.116,-46.5,4,15.328649647,1.25
753,-131.216,-46.5,4,15.328649647,1.25
754,-125.316,-46.5,4,15.328649647,1.25
755,-119.416,-46.5,4,15.328649647,1.25
756,-113.516,-46.5,4,15.328649647,1.25
757,-107.616,-46.5,4,15.328649647,1.25
758,-101.716,-46.5,4,15.328649647,1.25
759,-95.816,-46.5,4,15.328649647,1.25
760,-89.916,-46.5,4,15.328649647,1.25
761,-84.016,-46.5,4,15.328649647,1.25
762,-78.116,-46.5,4,15.328649647,1.25
763,-72.216,-46.5,4,15.328649647,1.25
764,-66.316,-46.5,4,15.328649647,1.25
765,-60.416,-46.5,4,15.328649647,1.25
766,-54.516,-46.5,4,15.328649647,1.25
767,-48.616,-46.5,4,15.328649647,1.25
768,-42.716,-46.5,4,15.328649647,1.25
769,-36.816,-46.5,4,15.328649647,1.25
770,-30.916,-46.5,4,15.328649647,1.25
771,-25.016,-46.5,4,15.328649647,1.25
772,-19.116,-46.5,4,15.328649647,1.25
773,-13.216,-46.5,4,15.328649647,1.25
774,-7.316,-46.5,4,15.328649647,1.25
775,-1.416,-46.5,4,15.328649647,1.25
776,4.484,-46.5,4,15.328649647,1.25
777,10.384,-46.5,4,15.328649647,1.25
778,16.284,-46.5,4,15.328649647,1.25
779,22.184,-46.5,4,15.328649647,1.25
780,28.084,-46.5,4,15.328649647,1.25
781,33.984,-46.5,4,15.328649647,1.25
782,39.884,-46.5,4,15.328649647,1.25
783,45.784,-46.5,4,15.328649647,1.25
784,51.684,-46.5,4,15.328649647,1.25
785,57.584,-46.5,4,15.328649647,1.25
786,63.484,-46.5,4,15.328649647,1.25
787,69.384,-46.5,4,15.328649647,1.25
788,75.284,-46.5,4,15.328649647,1.25
789,81.184,-46.5,4,15.328649647,1.25
790,87.084,-46.5,4,15.328649647,1.25
791,92.984,-46.5,4,15.328649647,1.25
792,98.884,-46.5,4,15.328649647,1.25
793,104.784,-46.5,4,15.328649647,1.25
794,110.684,-46.5,4,15.328649647,1.25
795,116.584,-46.5,4,15.328649647,1.25
796,122.484,-46.5,4,15.328649647,1.25
797,128.384,-46.5,4,15.328649647,1.25
798,134.284,-46.5,4,15.328649647,1.25
799,140.184,-46.5,4,15.328649647,1.25
800,146.084,-46.5,4,15.328649647,1.25
801,-145.966,-46.5,4,20.4381995293,1.25
802,-140.066,-46.5,4,20.4381995293,1.25
803,-134.166,-46.5,4,20.4381995293,1.25
804,-128.266,-46.5,4,20.4381995293,1.25
805,-122.366,-46.5,4,20.4381995293,1.25
806,-116.466,-46.5,4,20.4381995293,1.25
807,-110.566,-46.5,4,20.4381995293,1.25
808,-104.666,-46.5,4,20.4381995293,1.25
809,-98.766,-46.5,4,20.4381995293,1.25
810,-92.866,-46.5,4,20.4381995293,1.25
811,-86.966,-46.5,4,20.4381995293,1.25
812,-81.066,-46.5,4,20.4381995293,1.25
813,-75.166,-46.5,4,20.4381995293,1.25
814,-69.266,-46.5,4,20.4381995293,1.25
815,-63.366,-46.5,4,20.4381995293,1.25
816,-57.466,-46.5,4,20.4381995293,1.25
817,-51.566,-46.5,4,20.4381995293,1.25
818,-45.666,-46.5,4,20.4381995293,1.25
819,-39.766,-46.5,4,20.4381995293,1.25
820,-33.866,-46.5,4,20.4381995293,1.25
821,-27.966,-46.5,4,20.4381995293,1.25
822,-22.066,-46.5,4,20.4381995293,1.25
823,-16.166,-46.5,4,20.4381995293,1.25
824,-10.266,-46.5,4,20.4381995293,1.25
825,-4.366,-46.5,4,20.4381995293,1.25
826,1.534,-46.5,4,20.4381995293,1.25
827,7.434,-46.5,4,20.4381995293,1.25
828,13.334,-46.5,4,20.4381995293,1.25
829,19.234,-46.5,4,20.4381995293,1.25
830,25.134,-46.5,4,20.4381995293,1.25
831,31.034,-46.5,4,20.4381995293,1.25
832,36.934,-46.5,4,20.4381995293,1.25
833,42.834,-46.5,4,20.4381995293,1.25
834,48.734,-46.5,4,20.4381995293,1.25
835,54.634,-46.5,4,20.4381995293,1.25
836,60.534,-46.5,4,20.4381995293,1.25
837,66.434,-46.5,4,20.4381995293,1.25
838,72.334,-46.5,4,20.4381995293,1.25
839,78.234,-46.5,4,20.4381995293,1.25
840,84.134,-46.5,4,20.4381995293,1.25
841,90.034,-46.5,4,20.4381995293,1.25
842,95.934,-46.5,4,20.4381995293,1.25
843,101.834,-46.5,4,20.4381995293,1.25
844,107.734,-46.5,4,20.4381995293,1.25
845,113.634,-46.5,4,20.4381995293,1.25
846,119.534,-46.5,4,20.4381995293,1.25
847,125.434,-46.5,4,20.4381995293,1.25
848,131.334,-46.5,4,20.4381995293,1.25
849,137.234,-46.5,4,20.4381995293,1.25
850,143.134,-46.5,4,20.4381995293,1.25
851,-143.016,-46.5,4,25.5477494116,1.25
852,-137.116,-46.5,4,25.5477494116,1.25
853,-131.216,-46.5,4,25.5477494116,1.25
854,-125.316,-46.5,4,25.5477494116,1.25
855,-119.416,-46.5,4,25.5477494116,1.25
856,-113.516,-46.5,4,25.5477494116,1.25
857,-107.616,-46.5,4,25.5477494116,1.25
858,-101.716,-46.5,4,25.5477494116,1.25
859,-95.816,-46.5,4,25.5477494116,1.25
860,-89.916,-46.5,4,25.5477494116,1.25
861,-84.016,-46.5,4,25.5477494116,1.25
862,-78.116,-46.5,4,25.5477494116,1.25
863,-72.216,-46.5,4,25.5477494116,1.25
864,-66.316,-46.5,4,25.5477494116,1.25
865,-60.416,-46.5,4,25.5477494116,1.25
866,-54.516,-46.5,4,25.5477494116,1.25
867,-48.616,-46.5,4,25.5477494116,1.25
868,-42.716,-46.5,4,25.5477494116,1.25
869,-36.816,-46.5,4,25.5477494116,1.25
870,-30.916,-46.5,4,25.5477494116,1.25
871,-25.016,-46.5,4,25.5477494116,1.25
872,-19.116,-46.5,4,25.5477494116,1.25
873,-13.216,-46.5,4,25.5477494116,1.25
874,-7.316,-46.5,4,25.5477494116,1.25
875,-1.416,-46.5,4,25.5477494116,1.25
876,4.484,-46.5,4,25.5477494116,1.25
877,10.384,-46.5,4,25.5477494116,1.25
878,16.284,-46.5,4,25.5477494116,1.25
879,22.184,-46.5,4,25.5477494116,1.25
880,28.084,-46.5,4,25.5477494116,1.25
881,33.984,-46.5,4,25.5477494116,1.25
882,39.884,-46.5,4,25.5477494116,1.25
883,45.784,-46.5,4,25.5477494116,1.25
884,51.684,-46.5,4,25.5477494116,1.25
885,57.584,-46.5,4,25.5477494116,1.25
886,63.484,-46.5,4,25.5477494116,1.25
887,69.384,-46.5,4,25.5477494116,1.25
888,75.284,-46.5,4,25.5477494116,1.25
889,81.184,-46.5,4,25.5477494116,1.25
890,87.084,-46.5,4,25.5477494116,1.25
891,92.984,-46.5,4,25.5477494116,1.25
892,98.884,-46.5,4,25.5477494116,1.25
893,104.784,-46.5,4,25.5477494116,1.25
894,110.684,-46.5,4,25.5477494116,1.25
895,116.584,-46.5,4,25.5477494116,1.25
896,122.484,-46.5,4,25.5477494116,1.25
897,128.384,-46.5,4,25.5477494116,1.25
898,134.284,-46.5,4,25.5477494116,1.25
899,140.184,-46.5,4,25.5477494116,1.25
900,146.084,-46.5,4,25.5477494116,1.25
901,-145.966,-46.5,4,30.657299294,1.25
902,-140.066,-46.5,4,30.657299294,1.25
903,-134.166,-46.5,4,30.657299294,1.25
904,-128.266,-46.5,4,30.657299294,1.25
905,-122.366,-46.5,4,30.657299294,1.25
906,-116.466,-46.5,4,30.657299294,1.25
907,-110.566,-46.5,4,30.657299294,1.25
908,-104.666,-46.5,4,30.657299294,1.25
909,-98.766,-46.5,4,30.657299294,1.25
910,-92.866,-46.5,4,30.657299294,1.25
911,-86.966,-46.5,4,30.657299294,1.25
912,-81.066,-46.5,4,30.657299294,1.25
913,-75.166,-46.5,4,30.657299294,1.25
914,-69.266,-46.5,4,30.657299294,1.25
915,-63.366,-46.5,4,30.657299294,1.25
916,-57.466,-46.5,4,30.657299294,1.25
917,-51.566,-46.5,4,30.657299294,1.25
918,-45.666,-46.5,4,30.657299294,1.25
919,-39.766,-46.5,4,30.657299294,1.25
920,-33.866,-46.5,4,30.657299294,1.25
921,-27.966,-46.5,4,30.657299294,1.25
922,-22.066,-46.5,4,30.657299294,1.25
923,-16.166,-46.5,4,30.657299294,1.25
924,-10.266,-46.5,4,30.657299294,1.25
925,-4.366,-46.5,4,30.657299294,1.25
926,1.534,-46.5,4,30.657299294,1.25
927,7.434,-46.5,4,30.657299294,1.25
928,13.334,-46.5,4,30.657299294,1.25
929,19.234,-46.5,4,30.657299294,1.25
930,25.134,-46.5,4,30.657299294,1.25
931,31.034,-46.5,4,30.657299294,1.25
932,36.934,-46.5,4,30.657299294,1.25
933,42.834,-46.5,4,30.657299294,1.25
934,48.734,-46.5,4,30.657299294,1.25
935,54.634,-46.5,4,30.657299294,1.25
936,60.534,-46.5,4,30.657299294,1.25
937,66.434,-46.5,4,30.657299294,1.25
938,72.334,-46.5,4,30.657299294,1.25
939,78.234,-46.5,4,30.657299294,1.25
940,84.134,-46.5,4,30.657299294,1.25
941,90.034,-46.5,4,30.657299294,1.25
942,95.934,-46.5,4,30.657299294,1.25
943,101.834,-46.5,4,30.657299294,1.25
944,107.734,-46.5,4,30.657299294,1.25
945,113.634,-46.5,4,30.657299294,1.25
946,119.534,-46.5,4,30.657299294,1.25
947,125.434,-46.5,4,30.657299294,1.25
948,131.334,-46.5,4,30.657299294,1.25
949,137.234,-46.5,4,30.657299294,1.25
950,143.134,-46.5,4,30.657299294,1.25
951,-143.016,-46.5,4,35.7668491763,1.25
952,-137.116,-46.5,4,35.7668491763,1.25
953,-131.216,-46.5,4,35.7668491763,1.25
954,-125.316,-46.5,4,35.7668491763,1.25
955,-119.416,-46.5,4,35.7668491763,1.25
956,-113.516,-46.5,4,35.7668491763,1.25
957,-107.616,-46.5,4,35.7668491763,1.25
958,-101.716,-46.5,4,35.7668491763,1.25
959,-95.816,-46.5,4,35.7668491763,1.25
960,-89.916,-46.5,4,35.7668491763,1.25
961,-84.016,-46.5,4,35.7668491763,1.25
962,-78.116,-46.5,4,35.7668491763,1.25
963,-72.216,-46.5,4,35.7668491763,1.25
964,-66.316,-46.5,4,35.7668491763,1.25
965,-60.416,-46.5,4,35.7668491763,1.25
966,-54.516,-46.5,4,35.7668491763,1.25
967,-48.616,-46.5,4,35.7668491763,1.25
968,-42.716,-46.5,4,35.7668491763,1.25
969,-36.816,-46.5,4,35.7668491763,1.25
970,-30.916,-46.5,4,35.7668491763,1.25
971,-25.016,-46.5,4,35.7668491763,1.25
972,-19.116,-46.5,4,35.7668491763,1.25
973,-13.216,-46.5,4,35.7668491763,1.25
974,-7.316,-46.5,4,35.7668491763,1.25
975,-1.416,-46.5,4,35.7668491763,1.25
976,4.484,-46.5,4,35.7668491763,1.25
977,10.384,-46.5,4,35.7668491763,1.25
978,16.284,-46.5,4,35.7668491763,1.25
979,22.184,-46.5,4,35.7668491763,1.25
980,28.084,-46.5,4,35.7668491763,1.25
981,33.984,-46.5,4,35.7668491763,1.25
982,39.884,-46.5,4,35.7668491763,1.25
983,45.784,-46.5,4,35.7668491763,1.25
984,51.684,-46.5,4,35.7668491763,1.25
985,57.584,-46.5,4,35.7668491763,1.25
986,63.484,-46.5,4,35.7668491763,1.25
987,69.384,-46.5,4,35.7668491763,1.25
988,75.284,-46.5,4,35.7668491763,1.25
989,81.184,-46.5,4,35.7668491763,1.25
990,87.084,-46.5,4,35.7668491763,1.25
991,92.984,-46.5,4,35.7668491763,1.25
992,98.884,-46.5,4,35.7668491763,1.25
993,104.784,-46.5,4,35.7668491763,1.25
994,110.684,-46.5,4,35.7668491763,1.25
995,116.584,-46.5,4,35.7668491763,1.25
996,122.484,-46.5,4,35.7668491763,1.25
997,128.384,-46.5,4,35.7668491763,1.25
998,134.284,-46.5,4,35.7668491763,1.25
999,140.184,-46.5,4,35.7668491763,1.25
1000,146.084,-46.5,4,35.7668491763,1.25
1001,-145.966,-46.5,4,40.8763990586,1.25
1002,-140.066,-46.5,4,40.8763990586,1.25
1003,-134.166,-46.5,4,40.8763990586,1.25
1004,-128.266,-46.5,4,40.8763990586,1.25
1005,-122.366,-46.5,4,40.8763990586,1.25
1006,-116.466,-46.5,4,40.8763990586,1.25
1007,-110.566,-46.5,4,40.8763990586,1.25
1008,-104.666,-46.5,4,40.8763990586,1.25
1009,-98.766,-46.5,4,40.8763990586,1.25
1010,-92.866,-46.5,4,40.8763990586,1.25
1011,-86.966,-46.5,4,40.8763990586,1.25
1012,-81.066,-46.5,4,40.8763990586,1.25
1013,-75.166,-46.5,4,40.8763990586,1.25
1014,-69.266,-46.5,4,40.8763990586,1.25
1015,-63.366,-46.5,4,40.8763990586,1.25
1016,-57.466,-46.5,4,40.8763990586,1.25
1017,-51.566,-46.5,4,40.8763990586,1.25
1018,-45.666,-46.5,4,40.8763990586,1.25
1019,-39.766,-46.5,4,40.8763990586,1.25
1020,-33.866,-46.5,4,40.8763990586,1.25
1021,-27.966,-46.5,4,40.8763990586,1.25
1022,-22.066,-46.5,4,40.8763990586,1.25
1023,-16.166,-46.5,4,40.8763990586,1.25
1024,-10.266,-46.5,4,40.8763990586,1.25
1025,-4.366,-46.5,4,40.8763990586,1.25
1026,1.534,-46.5,4,40.8763990586,1.25
1027,7.434,-46.5,4,40.8763990586,1.25
1028,13.334,-46.5,4,40.8763990586,1.25
1029,19.234,-46.5,4,40.8763990586,1.25
1030,25.134,-46.5,4,40.8763990586,1.25
1031,31.034,-46.5,4,40.8763990586,1.25
1032,36.934,-46.5,4,40.8763990586,1.25
1033,42.834,-46.5,4,40.8763990586,1.25
1034,48.734,-46.5,4,40.8763990586,1.25
1035,54.634,-46.5,4,40.8763990586,1.25
1036,60.534,-46.5,4,40.8763990586,1.25
1037,66.434,-46.5,4,40.8763990586,1.25
1038,72.334,-46.5,4,40.8763990586,1.25
1039,78.234,-46.5,4,40.8763990586,1.25
1040,84.134,-46.5,4,40.8763990586,1.25
1041,90.034,-46.5,4,40.8763990586,1.25
1042,95.934,-46.5,4,40.8763990586,1.25
1043,101.834,-46.5,4,40.8763990586,1.25
1044,107.734,-46.5,4,40.8763990586,1.25
1045,113.634,-46.5,4,40.8763990586,1.25
1046,119.534,-46.5,4,40.8763990586,1.25
1047,125.434,-46.5,4,40.8763990586,1.25
1048,131.334,-46.5,4,40.8763990586,1.25
1049,137.234,-46.5,4,40.8763990586,1.25
1050,143.134,-46.5,4,40.8763990586,1.25
1051,-143.016,-46.5,4,45.985948941,1.25
1052,-137.116,-46.5,4,45.985948941,1.25
1053,-131.216,-46.5,4,45.985948941,1.25
1054,-125.316,-46.5,4,45.985948941,1.25
1055,-119.416,-46.5,4,45.985948941,1.25
1056,-113.516,-46.5,4,45.985948941,1.25
1057,-107.616,-46.5,4,45.985948941,1.25
1058,-101.716,-46.5,4,45.985948941,1.25
1059,-95.816,-46.5,4,45.985948941,1.25
1060,-89.916,-46.5,4,45.985948941,1.25
1061,-84.016,-46.5,4,45.985948941,1.25
1062,-78.116,-46.5,4,45.985948941,1.25
1063,-72.216,-46.5,4,45.985948941,1.25
1064,-66.316,-46.5,4,45.985948941,1.25
1065,-60.416,-46.5,4,45.985948941,1.25
1066,-54.516,-46.5,4,45.985948941,1.25
1067,-48.616,-46.5,4,45.985948941,1.25
1068,-42.716,-46.5,4,45.985948941,1.25
1069,-36.816,-46.5,4,45.985948941,1.25
1070,-30.916,-46.5,4,45.985948941,1.25
1071,-25.016,-46.5,4,45.985948941,1.25
1072,-19.116,-46.5,4,45.985948941,1.25
1073,-13.216,-46.5,4,45.985948941,1.25
1074,-7.316,-46.5,4,45.985948941,1.25
1075,-1.416,-46.5,4,45.985948941,1.25
1076,4.484,-46.5,4,45.985948941,1.25
1077,10.384,-46.5,4,45.985948941,1.25
1078,16.284,-46.5,4,45.985948941,1.25
1079,22.184,-46.5,4,45.985948941,1.25
1080,28.084,-46.5,4,45.985948941,1.25
1081,33.984,-46.5,4,45.985948941,1.25
1082,39.884,-46.5,4,45.985948941,1.25
1083,45.784,-46.5,4,45.985948941,1.25
1084,51.684,-46.5,4,45.985948941,1.25
1085,57.584,-46.5,4,45.985948941,1.25
1086,63.484,-46.5,4,45.985948941,1.25
1087,69.384,-46.5,4,45.985948941,1.25
1088,75.284,-46.5,4,45.985948941,1.25
1089,81.184,-46.5,4,45.985948941,1.25
1090,87.084,-46.5,4,45.985948941,1.25
1091,92.984,-46.5,4,45.985948941,1.25
1092,98.884,-46.5,4,45.985948941,1.25
1093,104.784,-46.5,4,45.985948941,1.25
1094,110.684,-46.5,4,45.985948941,1.25
1095,116.584,-46.5,4,45.985948941,1.25
1096,122.484,-46.5,4,45.985948941,1.25
1097,128.384,-46.5,4,45.985948941,1.25
1098,134.284,-46.5,4,45.985948941,1.25
1099,140.184,-46.5,4,45.985948941,1.25
1100,146.084,-46.5,4,45.985948941,1.25
1101,-145.966,-46.5,4,51.0954988233,1.25
1102,-140.066,-46.5,4,51.0954988233,1.25
1103,-134.166,-46.5,4,51.0954988233,1.25
1104,-128.266,-46.5,4,51.0954988233,1.25
1105,-122.366,-46.5,4,51.0954988233,1.25
1106,-116.466,-46.5,4,51.0954988233,1.25
1107,-110.566,-46.5,4,51.0954988233,1.25
1108,-104.666,-46.5,4,51.0954988233,1.25
1109,-98.766,-46.5,4,51.0954988233,1.25
1110,-92.866,-46.5,4,51.0954988233,1.25
1111,-86.966,-46.5,4,51.0954988233,1.25
1112,-81.066,-46.5,4,51.0954988233,1.25
1113,-75.166,-46.5,4,51.0954988233,1.25
1114,-69.266,-46.5,4,51.0954988233,1.25
1115,-63.366,-46.5,4,51.0954988233,1.25
1116,-57.466,-46.5,4,51.0954988233,1.25
1117,-51.566,-46.5,4,51.0954988233,1.25
1118,-45.666,-46.5,4,51.0954988233,1.25
1119,-39.766,-46.5,4,51.0954988233,1.25
1120,-33.866,-46.5,4,51.0954988233,1.25
1121,-27.966,-46.5,4,51.0954988233,1.25
1122,-22.066,-46.5,4,51.0954988233,1.25
1123,-16.166,-46.5,4,51.0954988233,1.25
1124,-10.266,-46.5,4,51.0954988233,1.25
1125,-4.366,-46.5,4,51.0954988233,1.25
1126,1.534,-46.5,4,51.0954988233,1.25
1127,7.434,-46.5,4,51.0954988233,1.25
1128,13.334,-46.5,4,51.0954988233,1.25
1129,19.234,-46.5,4,51.0954988233,1.25
1130,25.134,-46.5,4,51.0954988233,1.25
1131,31.034,-46.5,4,51.0954988233,1.25
1132,36.934,-46.5,4,51.0954988233,1.25
1133,42.834,-46.5,4,51.0954988233,1.25
1134,48.734,-46.5,4,51.0954988233,1.25
1135,54.634,-46.5,4,51.0954988233,1.25
1136,60.534,-46.5,4,51.0954988233,1.25
1137,66.434,-46.5,4,51.0954988233,1.25
1138,72.334,-46.5,4,51.0954988233,1.25
1139,78.234,-46.5,4,51.0954988233,1.25
1140,84.134,-46.5,4,51.0954988233,1.25
1141,90.034,-46.5,4,51.0954988233,1.25
1142,95.934,-46.5,4,51.0954988233,1.25
1143,101.834,-46.5,4,51.0954988233,1.25
1144,107.734,-46.5,4,51.0954988233,1.25
1145,113.634,-46.5,4,51.0954988233,1.25
1146,119.534,-46.5,4,51.0954988233,1.25
1147,125.434,-46.5,4,51.0954988233,1.25
1148,131.334,-46.5,4,51.0954988233,1.25
1149,137.234,-46.5,4,51.0954988233,1.25
1150,143.134,-46.5,4,51.0954988233,1.25
1151,-143.016,-46.5,4,56.2050487056,1.25
1152,-137.116,-46.5,4,56.2050487056,1.25
1153,-131.216,-46.5,4,56.2050487056,1.25
1154,-125.316,-46.5,4,56.2050487056,1.25
1155,-119.416,-46.5,4,56.2050487056,1.25
1156,-113.516,-46.5,4,56.2050487056,1.25
1157,-107.616,-46.5,4,56.2050487056,1.25
1158,-101.716,-46.5,4,56.2050487056,1.25
1159,-95.816,-46.5,4,56.2050487056,1.25
1160,-89.916,-46.5,4,56.2050487056,1.25
1161,-84.016,-46.5,4,56.2050487056,1.25
1162,-78.116,-46.5,4,56.2050487056,1.25
1163,-72.216,-46.5,4,56.2050487056,1.25
1164,-66.316,-46.5,4,56.2050487056,1.25
1165,-60.416,-46.5,4,56.2050487056,1.25
1166,-54.516,-46.5,4,56.2050487056,1.25
1167,-48.616,-46.5,4,56.2050487056,1.25
1168,-42.716,-46.5,4,56.2050487056,1.25
1169,-36.816,-46.5,4,56.2050487056,1.25
1170,-30.916,-46.5,4,56.2050487056,1.25
1171,-25.016,-46.5,4,56.2050487056,1.25
1172,-19.116,-46.5,4,56.2050487056,1.25
1173,-13.216,-46.5,4,56.2050487056,1.25
1174,-7.316,-46.5,4,56.2050487056,1.25
1175,-1.416,-46.5,4,56.2050487056,1.25
1176,4.484,-46.5,4,56.2050487056,1.25
1177,10.384,-46.5,4,56.2050487056,1.25
1178,16.284,-46.5,4,56.2050487056,1.25
1179,22.184,-46.5,4,56.2050487056,1.25
1180,28.084,-46.5,4,56.2050487056,1.25
1181,33.984,-46.5,4,56.2050487056,1.25
1182,39.884,-46.5,4,56.2050487056,1.25
1183,45.784,-46.5,4,56.2050487056,1.25
1184,51.684,-46.5,4,56.2050487056,1.25
1185,57.584,-46.5,4,56.2050487056,1.25
1186,63.484,-46.5,4,56.2050487056,1.25
1187,69.384,-46.5,4,56.2050487056,1.25
1188,75.284,-46.5,4,56.2050487056,1.25
1189,81.184,-46.5,4,56.2050487056,1.25
1190,87.084,-46.5,4,56.2050487056,1.25
1191,92.984,-46.5,4,56.2050487056,1.25
1192,98.884,-46.5,4,56.2050487056,1.25
1193,104.784,-46.5,4,56.2050487056,1.25
1194,110.684,-46.5,4,56.2050487056,1.25
1195,116.584,-46.5,4,56.2050487056,1.25
1196,122.484,-46.5,4,56.2050487056,1.25
1197,128.384,-46.5,4,56.2050487056,1.25
1198,134.284,-46.5,4,56.2050487056,1.25
1199,140.184,-46.5,4,56.2050487056,1.25
1200,146.084,-46.5,4,56.2050487056,1.25
1201,-145.966,-46.5,4,61.3145985879,1.25
1202,-140.066,-46.5,4,61.3145985879,1.25
1203,-134.166,-46.5,4,61.3145985879,1.25
1204,-128.266,-46.5,4,61.3145985879,1.25
1205,-122.366,-46.5,4,61.3145985879,1.25
1206,-116.466,-46.5,4,61.3145985879,1.25
1207,-110.566,-46.5,4,61.3145985879,1.25
1208,-104.666,-46.5,4,61.3145985879,1.25
1209,-98.766,-46.5,4,61.3145985879,1.25
1210,-92.866,-46.5,4,61.3145985879,1.25
1211,-86.966,-46.5,4,61.3145985879,1.25
1212,-81.066,-46.5,4,61.3145985879,1.25
1213,-75.166,-46.5,4,61.3145985879,1.25
1214,-69.266,-46.5,4,61.3145985879,1.25
1215,-63.366,-46.5,4,61.3145985879,1.25
1216,-57.466,-46.5,4,61.3145985879,1.25
1217,-51.566,-46.5,4,61.3145985879,1.25
1218,-45.666,-46.5,4,61.3145985879,1.25
1219,-39.766,-46.5,4,61.3145985879,1.25
1220,-33.866,-46.5,4,61.3145985879,1.25
1221,-27.966,-46.5,4,61.3145985879,1.25
1222,-22.066,-46.5,4,61.3145985879,1.25
1223,-16.166,-46.5,4,61.3145985879,1.25
1224,-10.266,-46.5,4,61.3145985879,1.25
1225,-4.366,-46.5,4,61.3145985879,1.25
1226,1.534,-46.5,4,61.3145985879,1.25
1227,7.434,-46.5,4,61.3145985879,1.25
1228,13.334,-46.5,4,61.3145985879,1.25
1229,19.234,-46.5,4,61.3145985879,1.25
1230,25.134,-46.5,4,61.3145985879,1.25
1231,31.034,-46.5,4,61.3145985879,1.25
1232,36.934,-46.5,4,61.3145985879,1.25
1233,42.834,-46.5,4,61.3145985879,1.25
1234,48.734,-46.5,4,61.3145985879,1.25
1235,54.634,-46.5,4,61.3145985879,1.25
1236,60.534,-46.5,4,61.3145985879,1.25
1237,66.434,-46.5,4,61.3145985879,1.25
1238,72.334,-46.5,4,61.3145985879,1.25
1239,78.234,-46.5,4,61.3145985879,1.25
1240,84.134,-46.5,4,61.3145985879,1.25
1241,90.034,-46.5,4,61.3145985879,1.25
1242,95.934,-46.5,4,61.3145985879,1.25
1243,101.834,-46.5,4,61.3145985879,1.25
1244,107.734,-46.5,4,61.3145985879,1.25
1245,113.634,-46.5,4,61.3145985879,1.25
1246,119.534,-46.5,4,61.3145985879,1.25
1247,125.434,-46.5,4,61.3145985879,1.25
1248,131.334,-46.5,4,61.3145985879,1.25
1249,137.234,-46.5,4,61.3145985879,1.25
1250,143.134,-46.5,4,61.3145985879,1.25
