id,x_mm,y_mm,z_mm,size_x_mm,size_y_mm,size_z_mm
1,-134,9,-66,4,10,4
2,-134,9,-62,4,10,4
3,-134,9,-58,4,10,4
4,-134,9,-54,4,10,4
5,-134,9,-50,4,10,4
6,-134,9,-46,4,10,4
7,-134,9,-42,4,10,4
8,-134,9,-38,4,10,4
9,-134,9,-34,4,10,4
10,-134,9,-30,4,10,4
11,-134,9,-26,4,10,4
12,-134,9,-22,4,10,4
13,-134,9,-18,4,10,4
14,-134,9,-14,4,10,4
15,-134,9,-10,4,10,4
16,-134,9,-6,4,10,4
17,-134,9,-2,4,10,4
18,-134,9,2,4,10,4
19,-134,9,6,4,10,4
20,-134,9,10,4,10,4
21,-134,9,14,4,10,4
22,-134,9,18,4,10,4
23,-134,9,22,4,10,4
24,-134,9,26,4,10,4
25,-134,9,30,4,10,4
26,-134,9,34,4,10,4
27,-134,9,38,4,10,4
28,-134,9,42,4,10,4
29,-134,9,46,4,10,4
30,-134,9,50,4,10,4
31,-134,9,54,4,10,4
32,-134,9,58,4,10,4
33,-134,9,62,4,10,4
34,-134,9,66,4,10,4
35,-130,9,-66,4,10,4
36,-130,9,-62,4,10,4
37,-130,9,-58,4,10,4
38,-130,9,-54,4,10,4
39,-130,9,-50,4,10,4
40,-130,9,-46,4,10,4
41,-130,9,-42,4,10,4
42,-130,9,-38,4,10,4
43,-130,9,-34,4,10,4
44,-130,9,-30,4,10,4
45,-130,9,-26,4,10,4
46,-130,9,-22,4,10,4
47,-130,9,-18,4,10,4
48,-130,9,-14,4,10,4
49,-130,9,-10,4,10,4
50,-130,9,-6,4,10,4
51,-130,9,-2,4,10,4
52,-130,9,2,4,10,4
53,-130,9,6,4,10,4
54,-130,9,10,4,10,4
55,-130,9,14,4,10,4
56,-130,9,18,4,10,4
57,-130,9,22,4,10,4
58,-130,9,26,4,10,4
59,-130,9,30,4,10,4
60,-130,9,34,4,10,4
61,-130,9,38,4,10,4
62,-130,9,42,4,10,4
63,-130,9,46,4,10,4
64,-130,9,50,4,10,4
65,-130,9,54,4,10,4
66,-130,9,58,4,10,4
67,-130,9,62,4,10,4
68,-130,9,66,4,10,4
69,-126,9,-66,4,10,4
70,-126,9,-62,4,10,4
71,-126,9,-58,4,10,4
72,-126,9,-54,4,10,4
73,-126,9,-50,4,10,4
74,-126,9,-46,4,10,4
75,-126,9,-42,4,10,4
76,-126,9,-38,4,10,4
77,-126,9,-34,4,10,4
78,-126,9,-30,4,10,4
79,-126,9,-26,4,10,4
80,-126,9,-22,4,10,4
81,-126,9,-18,4,10,4
82,-126,9,-14,4,10,4
83,-126,9,-10,4,10,4
84,-126,9,-6,4,10,4
85,-126,9,-2,4,10,4
86,-126,9,2,4,10,4
87,-126,9,6,4,10,4
88,-126,9,10,4,10,4
89,-126,9,14,4,10,4
90,-126,9,18,4,10,4
91,-126,9,22,4,10,4
92,-126,9,26,4,10,4
93,-126,9,30,4,10,4
94,-126,9,34,4,10,4
95,-126,9,38,4,10,4
96,-126,9,42,4,10,4
97,-126,9,46,4,10,4
98,-126,9,50,4,10,4
99,-126,9,54,4,10,4
100,-126,9,58,4,10,4
101,-126,9,62,4,10,4
102,-126,9,66,4,10,4
103,-122,9,-66,4,10,4
104,-122,9,-62,4,10,4
105,-122,9,-58,4,10,4
106,-122,9,-54,4,10,4
107,-122,9,-50,4,10,4
108,-122,9,-46,4,10,4
109,-122,9,-42,4,10,4
110,-122,9,-38,4,10,4
111,-122,9,-34,4,10,4
112,-122,9,-30,4,10,4
113,-122,9,-26,4,10,4
114,-122,9,-22,4,10,4
115,-122,9,-18,4,10,4
116,-122,9,-14,4,10,4
117,-122,9,-10,4,10,4
118,-122,9,-6,4,10,4
119,-122,9,-2,4,10,4
120,-122,9,2,4,10,4
121,-122,9,6,4,10,4
122,-122,9,10,4,10,4
123,-122,9,14,4,10,4
124,-122,9,18,4,10,4
125,-122,9,22,4,10,4
126,-122,9,26,4,10,4
127,-122,9,30,4,10,4
128,-122,9,34,4,10,4
129,-122,9,38,4,10,4
130,-122,9,42,4,10,4
131,-122,9,46,4,10,4
132,-122,9,50,4,10,4
133,-122,9,54,4,10,4
134,-122,9,58,4,10,4
135,-122,9,62,4,10,4
136,-122,9,66,4,10,4
137,-118,9,-66,4,10,4
138,-118,9,-62,4,10,4
139,-118,9,-58,4,10,4
140,-118,9,-54,4,10,4
141,-118,9,-50,4,10,4
142,-118,9,-46,4,10,4
143,-118,9,-42,4,10,4
144,-118,9,-38,4,10,4
145,-118,9,-34,4,10,4
146,-118,9,-30,4,10,4
147,-118,9,-26,4,10,4
148,-118,9,-22,4,10,4
149,-118,9,-18,4,10,4
150,-118,9,-14,4,10,4
151,-118,9,-10,4,10,4
152,-118,9,-6,4,10,4
153,-118,9,-2,4,10,4
154,-118,9,2,4,10,4
155,-118,9,6,4,10,4
156,-118,9,10,4,10,4
157,-118,9,14,4,10,4
158,-118,9,18,4,10,4
159,-118,9,22,4,10,4
160,-118,9,26,4,10,4
161,-118,9,30,4,10,4
162,-118,9,34,4,10,4
163,-118,9,38,4,10,4
164,-118,9,42,4,10,4
165,-118,9,46,4,10,4
166,-118,9,50,4,10,4
167,-118,9,54,4,10,4
168,-118,9,58,4,10,4
169,-118,9,62,4,10,4
170,-118,9,66,4,10,4
171,-114,9,-66,4,10,4
172,-114,9,-62,4,10,4
173,-114,9,-58,4,10,4
174,-114,9,-54,4,10,4
175,-114,9,-50,4,10,4
176,-114,9,-46,4,10,4
177,-114,9,-42,4,10,4
178,-114,9,-38,4,10,4
179,-114,9,-34,4,10,4
180,-114,9,-30,4,10,4
181,-114,9,-26,4,10,4
182,-114,9,-22,4,10,4
183,-114,9,-18,4,10,4
184,-114,9,-14,4,10,4
185,-114,9,-10,4,10,4
186,-114,9,-6,4,10,4
187,-114,9,-2,4,10,4
188,-114,9,2,4,10,4
189,-114,9,6,4,10,4
190,-114,9,10,4,10,4
191,-114,9,14,4,10,4
192,-114,9,18,4,10,4
193,-114,9,22,4,10,4
194,-114,9,26,4,10,4
195,-114,9,30,4,10,4
196,-114,9,34,4,10,4
197,-114,9,38,4,10,4
198,-114,9,42,4,10,4
199,-114,9,46,4,10,4
200,-114,9,50,4,10,4
201,-114,9,54,4,10,4
202,-114,9,58,4,10,4
203,-114,9,62,4,10,4
204,-114,9,66,4,10,4
205,-110,9,-66,4,10,4
206,-110,9,-62,4,10,4
207,-110,9,-58,4,10,4
208,-110,9,-54,4,10,4
209,-110,9,-50,4,10,4
210,-110,9,-46,4,10,4
211,-110,9,-42,4,10,4
212,-110,9,-38,4,10,4
213,-110,9,-34,4,10,4
214,-110,9,-30,4,10,4
215,-110,9,-26,4,10,4
216,-110,9,-22,4,10,4
217,-110,9,-18,4,10,4
218,-110,9,-14,4,10,4
219,-110,9,-10,4,10,4
220,-110,9,-6,4,10,4
221,-110,9,-2,4,10,4
222,-110,9,2,4,10,4
223,-110,9,6,4,10,4
224,-110,9,10,4,10,4
225,-110,9,14,4,10,4
226,-110,9,18,4,10,4
227,-110,9,22,4,10,4
228,-110,9,26,4,10,4
229,-110,9,30,4,10,4
230,-110,9,34,4,10,4
231,-110,9,38,4,10,4
232,-110,9,42,4,10,4
233,-110,9,46,4,10,4
234,-110,9,50,4,10,4
235,-110,9,54,4,10,4
236,-110,9,58,4,10,4
237,-110,9,62,4,10,4
238,-110,9,66,4,10,4
239,-106,9,-66,4,10,4
240,-106,9,-62,4,10,4
241,-106,9,-58,4,10,4
242,-106,9,-54,4,10,4
243,-106,9,-50,4,10,4
244,-106,9,-46,4,10,4
245,-106,9,-42,4,10,4
246,-106,9,-38,4,10,4
247,-106,9,-34,4,10,4
248,-106,9,-30,4,10,4
249,-106,9,-26,4,10,4
250,-106,9,-22,4,10,4
251,-106,9,-18,4,10,4
252,-106,9,-14,4,10,4
253,-106,9,-10,4,10,4
254,-106,9,-6,4,10,4
255,-106,9,-2,4,10,4
256,-106,9,2,4,10,4
257,-106,9,6,4,10,4
258,-106,9,10,4,10,4
259,-106,9,14,4,10,4
260,-106,9,18,4,10,4
261,-106,9,22,4,10,4
262,-106,9,26,4,10,4
263,-106,9,30,4,10,4
264,-106,9,34,4,10,4
265,-106,9,38,4,10,4
266,-106,9,42,4,10,4
267,-106,9,46,4,10,4
268,-106,9,50,4,10,4
269,-106,9,54,4,10,4
270,-106,9,58,4,10,4
271,-106,9,62,4,10,4
272,-106,9,66,4,10,4
273,-102,9,-66,4,10,4
274,-102,9,-62,4,10,4
275,-102,9,-58,4,10,4
276,-102,9,-54,4,10,4
277,-102,9,-50,4,10,4
278,-102,9,-46,4,10,4
279,-102,9,-42,4,10,4
280,-102,9,-38,4,10,4
281,-102,9,-34,4,10,4
282,-102,9,-30,4,10,4
283,-102,9,-26,4,10,4
284,-102,9,-22,4,10,4
285,-102,9,-18,4,10,4
286,-102,9,-14,4,10,4
287,-102,9,-10,4,10,4
288,-102,9,-6,4,10,4
289,-102,9,-2,4,10,4
290,-102,9,2,4,10,4
291,-102,9,6,4,10,4
292,-102,9,10,4,10,4
293,-102,9,14,4,10,4
294,-102,9,18,4,10,4
295,-102,9,22,4,10,4
296,-102,9,26,4,10,4
297,-102,9,30,4,10,4
298,-102,9,34,4,10,4
299,-102,9,38,4,10,4
300,-102,9,42,4,10,4
301,-102,9,46,4,10,4
302,-102,9,50,4,10,4
303,-102,9,54,4,10,4
304,-102,9,58,4,10,4
305,-102,9,62,4,10,4
306,-102,9,66,4,10,4
307,-98,9,-66,4,10,4
308,-98,9,-62,4,10,4
309,-98,9,-58,4,10,4
310,-98,9,-54,4,10,4
311,-98,9,-50,4,10,4
312,-98,9,-46,4,10,4
313,-98,9,-42,4,10,4
314,-98,9,-38,4,10,4
315,-98,9,-34,4,10,4
316,-98,9,-30,4,10,4
317,-98,9,-26,4,10,4
318,-98,9,-22,4,10,4
319,-98,9,-18,4,10,4
320,-98,9,-14,4,10,4
321,-98,9,-10,4,10,4
322,-98,9,-6,4,10,4
323,-98,9,-2,4,10,4
324,-98,9,2,4,10,4
325,-98,9,6,4,10,4
326,-98,9,10,4,10,4
327,-98,9,14,4,10,4
328,-98,9,18,4,10,4
329,-98,9,22,4,10,4
330,-98,9,26,4,10,4
331,-98,9,30,4,10,4
332,-98,9,34,4,10,4
333,-98,9,38,4,10,4
334,-98,9,42,4,10,4
335,-98,9,46,4,10,4
336,-98,9,50,4,10,4
337,-98,9,54,4,10,4
338,-98,9,58,4,10,4
339,-98,9,62,4,10,4
340,-98,9,66,4,10,4
341,-94,9,-66,4,10,4
342,-94,9,-62,4,10,4
343,-94,9,-58,4,10,4
344,-94,9,-54,4,10,4
345,-94,9,-50,4,10,4
346,-94,9,-46,4,10,4
347,-94,9,-42,4,10,4
348,-94,9,-38,4,10,4
349,-94,9,-34,4,10,4
350,-94,9,-30,4,10,4
351,-94,9,-26,4,10,4
352,-94,9,-22,4,10,4
353,-94,9,-18,4,10,4
354,-94,9,-14,4,10,4
355,-94,9,-10,4,10,4
356,-94,9,-6,4,10,4
357,-94,9,-2,4,10,4
358,-94,9,2,4,10,4
359,-94,9,6,4,10,4
360,-94,9,10,4,10,4
361,-94,9,14,4,10,4
362,-94,9,18,4,10,4
363,-94,9,22,4,10,4
364,-94,9,26,4,10,4
365,-94,9,30,4,10,4
366,-94,9,34,4,10,4
367,-94,9,38,4,10,4
368,-94,9,42,4,10,4
369,-94,9,46,4,10,4
370,-94,9,50,4,10,4
371,-94,9,54,4,10,4
372,-94,9,58,4,10,4
373,-94,9,62,4,10,4
374,-94,9,66,4,10,4
375,-90,9,-66,4,10,4
376,-90,9,-62,4,10,4
377,-90,9,-58,4,10,4
378,-90,9,-54,4,10,4
379,-90,9,-50,4,10,4
380,-90,9,-46,4,10,4
381,-90,9,-42,4,10,4
382,-90,9,-38,4,10,4
383,-90,9,-34,4,10,4
384,-90,9,-30,4,10,4
385,-90,9,-26,4,10,4
386,-90,9,-22,4,10,4
387,-90,9,-18,4,10,4
388,-90,9,-14,4,10,4
389,-90,9,-10,4,10,4
390,-90,9,-6,4,10,4
391,-90,9,-2,4,10,4
392,-90,9,2,4,10,4
393,-90,9,6,4,10,4
394,-90,9,10,4,10,4
395,-90,9,14,4,10,4
396,-90,9,18,4,10,4
397,-90,9,22,4,10,4
398,-90,9,26,4,10,4
399,-90,9,30,4,10,4
400,-90,9,34,4,10,4
401,-90,9,38,4,10,4
402,-90,9,42,4,10,4
403,-90,9,46,4,10,4
404,-90,9,50,4,10,4
405,-90,9,54,4,10,4
406,-90,9,58,4,10,4
407,-90,9,62,4,10,4
408,-90,9,66,4,10,4
409,-86,9,-66,4,10,4
410,-86,9,-62,4,10,4
411,-86,9,-58,4,10,4
412,-86,9,-54,4,10,4
413,-86,9,-50,4,10,4
414,-86,9,-46,4,10,4
415,-86,9,-42,4,10,4
416,-86,9,-38,4,10,4
417,-86,9,-34,4,10,4
418,-86,9,-30,4,10,4
419,-86,9,-26,4,10,4
420,-86,9,-22,4,10,4
421,-86,9,-18,4,10,4
422,-86,9,-14,4,10,4
423,-86,9,-10,4,10,4
424,-86,9,-6,4,10,4
425,-86,9,-2,4,10,4
426,-86,9,2,4,10,4
427,-86,9,6,4,10,4
428,-86,9,10,4,10,4
429,-86,9,14,4,10,4
430,-86,9,18,4,10,4
431,-86,9,22,4,10,4
432,-86,9,26,4,10,4
433,-86,9,30,4,10,4
434,-86,9,34,4,10,4
435,-86,9,38,4,10,4
436,-86,9,42,4,10,4
437,-86,9,46,4,10,4
438,-86,9,50,4,10,4
439,-86,9,54,4,10,4
440,-86,9,58,4,10,4
441,-86,9,62,4,10,4
442,-86,9,66,4,10,4
443,-82,9,-66,4,10,4
444,-82,9,-62,4,10,4
445,-82,9,-58,4,10,4
446,-82,9,-54,4,10,4
447,-82,9,-50,4,10,4
448,-82,9,-46,4,10,4
449,-82,9,-42,4,10,4
450,-82,9,-38,4,10,4
451,-82,9,-34,4,10,4
452,-82,9,-30,4,10,4
453,-82,9,-26,4,10,4
454,-82,9,-22,4,10,4
455,-82,9,-18,4,10,4
456,-82,9,-14,4,10,4
457,-82,9,-10,4,10,4
458,-82,9,-6,4,10,4
459,-82,9,-2,4,10,4
460,-82,9,2,4,10,4
461,-82,9,6,4,10,4
462,-82,9,10,4,10,4
463,-82,9,14,4,10,4
464,-82,9,18,4,10,4
465,-82,9,22,4,10,4
466,-82,9,26,4,10,4
467,-82,9,30,4,10,4
468,-82,9,34,4,10,4
469,-82,9,38,4,10,4
470,-82,9,42,4,10,4
471,-82,9,46,4,10,4
472,-82,9,50,4,10,4
473,-82,9,54,4,10,4
474,-82,9,58,4,10,4
475,-82,9,62,4,10,4
476,-82,9,66,4,10,4
477,-78,9,-66,4,10,4
478,-78,9,-62,4,10,4
479,-78,9,-58,4,10,4
480,-78,9,-54,4,10,4
481,-78,9,-50,4,10,4
482,-78,9,-46,4,10,4
483,-78,9,-42,4,10,4
484,-78,9,-38,4,10,4
485,-78,9,-34,4,10,4
486,-78,9,-30,4,10,4
487,-78,9,-26,4,10,4
488,-78,9,-22,4,10,4
489,-78,9,-18,4,10,4
490,-78,9,-14,4,10,4
491,-78,9,-10,4,10,4
492,-78,9,-6,4,10,4
493,-78,9,-2,4,10,4
494,-78,9,2,4,10,4
495,-78,9,6,4,10,4
496,-78,9,10,4,10,4
497,-78,9,14,4,10,4
498,-78,9,18,4,10,4
499,-78,9,22,4,10,4
500,-78,9,26,4,10,4
501,-78,9,30,4,10,4
502,-78,9,34,4,10,4
503,-78,9,38,4,10,4
504,-78,9,42,4,10,4
505,-78,9,46,4,10,4
506,-78,9,50,4,10,4
507,-78,9,54,4,10,4
508,-78,9,58,4,10,4
509,-78,9,62,4,10,4
510,-78,9,66,4,10,4
511,-74,9,-66,4,10,4
512,-74,9,-62,4,10,4
513,-74,9,-58,4,10,4
514,-74,9,-54,4,10,4
515,-74,9,-50,4,10,4
516,-74,9,-46,4,10,4
517,-74,9,-42,4,10,4
518,-74,9,-38,4,10,4
519,-74,9,-34,4,10,4
520,-74,9,-30,4,10,4
521,-74,9,-26,4,10,4
522,-74,9,-22,4,10,4
523,-74,9,-18,4,10,4
524,-74,9,-14,4,10,4
525,-74,9,-10,4,10,4
526,-74,9,-6,4,10,4
527,-74,9,-2,4,10,4
528,-74,9,2,4,10,4
529,-74,9,6,4,10,4
530,-74,9,10,4,10,4
531,-74,9,14,4,10,4
532,-74,9,18,4,10,4
533,-74,9,22,4,10,4
534,-74,9,26,4,10,4
535,-74,9,30,4,10,4
536,-74,9,34,4,10,4
537,-74,9,38,4,10,4
538,-74,9,42,4,10,4
539,-74,9,46,4,10,4
540,-74,9,50,4,10,4
541,-74,9,54,4,10,4
542,-74,9,58,4,10,4
543,-74,9,62,4,10,4
544,-74,9,66,4,10,4
545,-70,9,-66,4,10,4
546,-70,9,-62,4,10,4
547,-70,9,-58,4,10,4
548,-70,9,-54,4,10,4
549,-70,9,-50,4,10,4
550,-70,9,-46,4,10,4
551,-70,9,-42,4,10,4
552,-70,9,-38,4,10,4
553,-70,9,-34,4,10,4
554,-70,9,-30,4,10,4
555,-70,9,-26,4,10,4
556,-70,9,-22,4,10,4
557,-70,9,-18,4,10,4
558,-70,9,-14,4,10,4
559,-70,9,-10,4,10,4
560,-70,9,-6,4,10,4
561,-70,9,-2,4,10,4
562,-70,9,2,4,10,4
563,-70,9,6,4,10,4
564,-70,9,10,4,10,4
565,-70,9,14,4,10,4
566,-70,9,18,4,10,4
567,-70,9,22,4,10,4
568,-70,9,26,4,10,4
569,-70,9,30,4,10,4
570,-70,9,34,4,10,4
571,-70,9,38,4,10,4
572,-70,9,42,4,10,4
573,-70,9,46,4,10,4
574,-70,9,50,4,10,4
575,-70,9,54,4,10,4
576,-70,9,58,4,10,4
577,-70,9,62,4,10,4
578,-70,9,66,4,10,4
579,-66,9,-66,4,10,4
580,-66,9,-62,4,10,4
581,-66,9,-58,4,10,4
582,-66,9,-54,4,10,4
583,-66,9,-50,4,10,4
584,-66,9,-46,4,10,4
585,-66,9,-42,4,10,4
586,-66,9,-38,4,10,4
587,-66,9,-34,4,10,4
588,-66,9,-30,4,10,4
589,-66,9,-26,4,10,4
590,-66,9,-22,4,10,4
591,-66,9,-18,4,10,4
592,-66,9,-14,4,10,4
593,-66,9,-10,4,10,4
594,-66,9,-6,4,10,4
595,-66,9,-2,4,10,4
596,-66,9,2,4,10,4
597,-66,9,6,4,10,4
598,-66,9,10,4,10,4
599,-66,9,14,4,10,4
600,-66,9,18,4,10,4
601,-66,9,22,4,10,4
602,-66,9,26,4,10,4
603,-66,9,30,4,10,4
604,-66,9,34,4,10,4
605,-66,9,38,4,10,4
606,-66,9,42,4,10,4
607,-66,9,46,4,10,4
608,-66,9,50,4,10,4
609,-66,9,54,4,10,4
610,-66,9,58,4,10,4
611,-66,9,62,4,10,4
612,-66,9,66,4,10,4
613,-62,9,-66,4,10,4
614,-62,9,-62,4,10,4
615,-62,9,-58,4,10,4
616,-62,9,-54,4,10,4
617,-62,9,-50,4,10,4
618,-62,9,-46,4,10,4
619,-62,9,-42,4,10,4
620,-62,9,-38,4,10,4
621,-62,9,-34,4,10,4
622,-62,9,-30,4,10,4
623,-62,9,-26,4,10,4
624,-62,9,-22,4,10,4
625,-62,9,-18,4,10,4
626,-62,9,-14,4,10,4
627,-62,9,-10,4,10,4
628,-62,9,-6,4,10,4
629,-62,9,-2,4,10,4
630,-62,9,2,4,10,4
631,-62,9,6,4,10,4
632,-62,9,10,4,10,4
633,-62,9,14,4,10,4
634,-62,9,18,4,10,4
635,-62,9,22,4,10,4
636,-62,9,26,4,10,4
637,-62,9,30,4,10,4
638,-62,9,34,4,10,4
639,-62,9,38,4,10,4
640,-62,9,42,4,10,4
641,-62,9,46,4,10,4
642,-62,9,50,4,10,4
643,-62,9,54,4,10,4
644,-62,9,58,4,10,4
645,-62,9,62,4,10,4
646,-62,9,66,4,10,4
647,-58,9,-66,4,10,4
648,-58,9,-62,4,10,4
649,-58,9,-58,4,10,4
650,-58,9,-54,4,10,4
651,-58,9,-50,4,10,4
652,-58,9,-46,4,10,4
653,-58,9,-42,4,10,4
654,-58,9,-38,4,10,4
655,-58,9,-34,4,10,4
656,-58,9,-30,4,10,4
657,-58,9,-26,4,10,4
658,-58,9,-22,4,10,4
659,-58,9,-18,4,10,4
660,-58,9,-14,4,10,4
661,-58,9,-10,4,10,4
662,-58,9,-6,4,10,4
663,-58,9,-2,4,10,4
664,-58,9,2,4,10,4
665,-58,9,6,4,10,4
666,-58,9,10,4,10,4
667,-58,9,14,4,10,4
668,-58,9,18,4,10,4
669,-58,9,22,4,10,4
670,-58,9,26,4,10,4
671,-58,9,30,4,10,4
672,-58,9,34,4,10,4
673,-58,9,38,4,10,4
674,-58,9,42,4,10,4
675,-58,9,46,4,10,4
676,-58,9,50,4,10,4
677,-58,9,54,4,10,4
678,-58,9,58,4,10,4
679,-58,9,62,4,10,4
680,-58,9,66,4,10,4
681,-54,9,-66,4,10,4
682,-54,9,-62,4,10,4
683,-54,9,-58,4,10,4
684,-54,9,-54,4,10,4
685,-54,9,-50,4,10,4
686,-54,9,-46,4,10,4
687,-54,9,-42,4,10,4
688,-54,9,-38,4,10,4
689,-54,9,-34,4,10,4
690,-54,9,-30,4,10,4
691,-54,9,-26,4,10,4
692,-54,9,-22,4,10,4
693,-54,9,-18,4,10,4
694,-54,9,-14,4,10,4
695,-54,9,-10,4,10,4
696,-54,9,-6,4,10,4
697,-54,9,-2,4,10,4
698,-54,9,2,4,10,4
699,-54,9,6,4,10,4
700,-54,9,10,4,10,4
701,-54,9,14,4,10,4
702,-54,9,18,4,10,4
703,-54,9,22,4,10,4
704,-54,9,26,4,10,4
705,-54,9,30,4,10,4
706,-54,9,34,4,10,4
707,-54,9,38,4,10,4
708,-54,9,42,4,10,4
709,-54,9,46,4,10,4
710,-54,9,50,4,10,4
711,-54,9,54,4,10,4
712,-54,9,58,4,10,4
713,-54,9,62,4,10,4
714,-54,9,66,4,10,4
715,-50,9,-66,4,10,4
716,-50,9,-62,4,10,4
717,-50,9,-58,4,10,4
718,-50,9,-54,4,10,4
719,-50,9,-50,4,10,4
720,-50,9,-46,4,10,4
721,-50,9,-42,4,10,4
722,-50,9,-38,4,10,4
723,-50,9,-34,4,10,4
724,-50,9,-30,4,10,4
725,-50,9,-26,4,10,4
726,-50,9,-22,4,10,4
727,-50,9,-18,4,10,4
728,-50,9,-14,4,10,4
729,-50,9,-10,4,10,4
730,-50,9,-6,4,10,4
731,-50,9,-2,4,10,4
732,-50,9,2,4,10,4
733,-50,9,6,4,10,4
734,-50,9,10,4,10,4
735,-50,9,14,4,10,4
736,-50,9,18,4,10,4
737,-50,9,22,4,10,4
738,-50,9,26,4,10,4
739,-50,9,30,4,10,4
740,-50,9,34,4,10,4
741,-50,9,38,4,10,4
742,-50,9,42,4,10,4
743,-50,9,46,4,10,4
744,-50,9,50,4,10,4
745,-50,9,54,4,10,4
746,-50,9,58,4,10,4
747,-50,9,62,4,10,4
748,-50,9,66,4,10,4
749,-46,9,-66,4,10,4
750,-46,9,-62,4,10,4
751,-46,9,-58,4,10,4
752,-46,9,-54,4,10,4
753,-46,9,-50,4,10,4
754,-46,9,-46,4,10,4
755,-46,9,-42,4,10,4
756,-46,9,-38,4,10,4
757,-46,9,-34,4,10,4
758,-46,9,-30,4,10,4
759,-46,9,-26,4,10,4
760,-46,9,-22,4,10,4
761,-46,9,-18,4,10,4
762,-46,9,-14,4,10,4
763,-46,9,-10,4,10,4
764,-46,9,-6,4,10,4
765,-46,9,-2,4,10,4
766,-46,9,2,4,10,4
767,-46,9,6,4,10,4
768,-46,9,10,4,10,4
769,-46,9,14,4,10,4
770,-46,9,18,4,10,4
771,-46,9,22,4,10,4
772,-46,9,26,4,10,4
773,-46,9,30,4,10,4
774,-46,9,34,4,10,4
775,-46,9,38,4,10,4
776,-46,9,42,4,10,4
777,-46,9,46,4,10,4
778,-46,9,50,4,10,4
779,-46,9,54,4,10,4
780,-46,9,58,4,10,4
781,-46,9,62,4,10,4
782,-46,9,66,4,10,4
783,-42,9,-66,4,10,4
784,-42,9,-62,4,10,4
785,-42,9,-58,4,10,4
786,-42,9,-54,4,10,4
787,-42,9,-50,4,10,4
788,-42,9,-46,4,10,4
789,-42,9,-42,4,10,4
790,-42,9,-38,4,10,4
791,-42,9,-34,4,10,4
792,-42,9,-30,4,10,4
793,-42,9,-26,4,10,4
794,-42,9,-22,4,10,4
795,-42,9,-18,4,10,4
796,-42,9,-14,4,10,4
797,-42,9,-10,4,10,4
798,-42,9,-6,4,10,4
799,-42,9,-2,4,10,4
800,-42,9,2,4,10,4
801,-42,9,6,4,10,4
802,-42,9,10,4,10,4
803,-42,9,14,4,10,4
804,-42,9,18,4,10,4
805,-42,9,22,4,10,4
806,-42,9,26,4,10,4
807,-42,9,30,4,10,4
808,-42,9,34,4,10,4
809,-42,9,38,4,10,4
810,-42,9,42,4,10,4
811,-42,9,46,4,10,4
812,-42,9,50,4,10,4
813,-42,9,54,4,10,4
814,-42,9,58,4,10,4
815,-42,9,62,4,10,4
816,-42,9,66,4,10,4
817,-38,9,-66,4,10,4
818,-38,9,-62,4,10,4
819,-38,9,-58,4,10,4
820,-38,9,-54,4,10,4
821,-38,9,-50,4,10,4
822,-38,9,-46,4,10,4
823,-38,9,-42,4,10,4
824,-38,9,-38,4,10,4
825,-38,9,-34,4,10,4
826,-38,9,-30,4,10,4
827,-38,9,-26,4,10,4
828,-38,9,-22,4,10,4
829,-38,9,-18,4,10,4
830,-38,9,-14,4,10,4
831,-38,9,-10,4,10,4
832,-38,9,-6,4,10,4
833,-38,9,-2,4,10,4
834,-38,9,2,4,10,4
835,-38,9,6,4,10,4
836,-38,9,10,4,10,4
837,-38,9,14,4,10,4
838,-38,9,18,4,10,4
839,-38,9,22,4,10,4
840,-38,9,26,4,10,4
841,-38,9,30,4,10,4
842,-38,9,34,4,10,4
843,-38,9,38,4,10,4
844,-38,9,42,4,10,4
845,-38,9,46,4,10,4
846,-38,9,50,4,10,4
847,-38,9,54,4,10,4
848,-38,9,58,4,10,4
849,-38,9,62,4,10,4
850,-38,9,66,4,10,4
851,-34,9,-66,4,10,4
852,-34,9,-62,4,10,4
853,-34,9,-58,4,10,4
854,-34,9,-54,4,10,4
855,-34,9,-50,4,10,4
856,-34,9,-46,4,10,4
857,-34,9,-42,4,10,4
858,-34,9,-38,4,10,4
859,-34,9,-34,4,10,4
860,-34,9,-30,4,10,4
861,-34,9,-26,4,10,4
862,-34,9,-22,4,10,4
863,-34,9,-18,4,10,4
864,-34,9,-14,4,10,4
865,-34,9,-10,4,10,4
866,-34,9,-6,4,10,4
867,-34,9,-2,4,10,4
868,-34,9,2,4,10,4
869,-34,9,6,4,10,4
870,-34,9,10,4,10,4
871,-34,9,14,4,10,4
872,-34,9,18,4,10,4
873,-34,9,22,4,10,4
874,-34,9,26,4,10,4
875,-34,9,30,4,10,4
876,-34,9,34,4,10,4
877,-34,9,38,4,10,4
878,-34,9,42,4,10,4
879,-34,9,46,4,10,4
880,-34,9,50,4,10,4
881,-34,9,54,4,10,4
882,-34,9,58,4,10,4
883,-34,9,62,4,10,4
884,-34,9,66,4,10,4
885,-30,9,-66,4,10,4
886,-30,9,-62,4,10,4
887,-30,9,-58,4,10,4
888,-30,9,-54,4,10,4
889,-30,9,-50,4,10,4
890,-30,9,-46,4,10,4
891,-30,9,-42,4,10,4
892,-30,9,-38,4,10,4
893,-30,9,-34,4,10,4
894,-30,9,-30,4,10,4
895,-30,9,-26,4,10,4
896,-30,9,-22,4,10,4
897,-30,9,-18,4,10,4
898,-30,9,-14,4,10,4
899,-30,9,-10,4,10,4
900,-30,9,-6,4,10,4
901,-30,9,-2,4,10,4
902,-30,9,2,4,10,4
903,-30,9,6,4,10,4
904,-30,9,10,4,10,4
905,-30,9,14,4,10,4
906,-30,9,18,4,10,4
907,-30,9,22,4,10,4
908,-30,9,26,4,10,4
909,-30,9,30,4,10,4
910,-30,9,34,4,10,4
911,-30,9,38,4,10,4
912,-30,9,42,4,10,4
913,-30,9,46,4,10,4
914,-30,9,50,4,10,4
915,-30,9,54,4,10,4
916,-30,9,58,4,10,4
917,-30,9,62,4,10,4
918,-30,9,66,4,10,4
919,-26,9,-66,4,10,4
920,-26,9,-62,4,10,4
921,-26,9,-58,4,10,4
922,-26,9,-54,4,10,4
923,-26,9,-50,4,10,4
924,-26,9,-46,4,10,4
925,-26,9,-42,4,10,4
926,-26,9,-38,4,10,4
927,-26,9,-34,4,10,4
928,-26,9,-30,4,10,4
929,-26,9,-26,4,10,4
930,-26,9,-22,4,10,4
931,-26,9,-18,4,10,4
932,-26,9,-14,4,10,4
933,-26,9,-10,4,10,4
934,-26,9,-6,4,10,4
935,-26,9,-2,4,10,4
936,-26,9,2,4,10,4
937,-26,9,6,4,10,4
938,-26,9,10,4,10,4
939,-26,9,14,4,10,4
940,-26,9,18,4,10,4
941,-26,9,22,4,10,4
942,-26,9,26,4,10,4
943,-26,9,30,4,10,4
944,-26,9,34,4,10,4
945,-26,9,38,4,10,4
946,-26,9,42,4,10,4
947,-26,9,46,4,10,4
948,-26,9,50,4,10,4
949,-26,9,54,4,10,4
950,-26,9,58,4,10,4
951,-26,9,62,4,10,4
952,-26,9,66,4,10,4
953,-22,9,-66,4,10,4
954,-22,9,-62,4,10,4
955,-22,9,-58,4,10,4
956,-22,9,-54,4,10,4
957,-22,9,-50,4,10,4
958,-22,9,-46,4,10,4
959,-22,9,-42,4,10,4
960,-22,9,-38,4,10,4
961,-22,9,-34,4,10,4
962,-22,9,-30,4,10,4
963,-22,9,-26,4,10,4
964,-22,9,-22,4,10,4
965,-22,9,-18,4,10,4
966,-22,9,-14,4,10,4
967,-22,9,-10,4,10,4
968,-22,9,-6,4,10,4
969,-22,9,-2,4,10,4
970,-22,9,2,4,10,4
971,-22,9,6,4,10,4
972,-22,9,10,4,10,4
973,-22,9,14,4,10,4
974,-22,9,18,4,10,4
975,-22,9,22,4,10,4
976,-22,9,26,4,10,4
977,-22,9,30,4,10,4
978,-22,9,34,4,10,4
979,-22,9,38,4,10,4
980,-22,9,42,4,10,4
981,-22,9,46,4,10,4
982,-22,9,50,4,10,4
983,-22,9,54,4,10,4
984,-22,9,58,4,10,4
985,-22,9,62,4,10,4
986,-22,9,66,4,10,4
987,-18,9,-66,4,10,4
988,-18,9,-62,4,10,4
989,-18,9,-58,4,10,4
990,-18,9,-54,4,10,4
991,-18,9,-50,4,10,4
992,-18,9,-46,4,10,4
993,-18,9,-42,4,10,4
994,-18,9,-38,4,10,4
995,-18,9,-34,4,10,4
996,-18,9,-30,4,10,4
997,-18,9,-26,4,10,4
998,-18,9,-22,4,10,4
999,-18,9,-18,4,10,4
1000,-18,9,-14,4,10,4
1001,-18,9,-10,4,10,4
1002,-18,9,-6,4,10,4
1003,-18,9,-2,4,10,4
1004,-18,9,2,4,10,4
1005,-18,9,6,4,10,4
1006,-18,9,10,4,10,4
1007,-18,9,14,4,10,4
1008,-18,9,18,4,10,4
1009,-18,9,22,4,10,4
1010,-18,9,26,4,10,4
1011,-18,9,30,4,10,4
1012,-18,9,34,4,10,4
1013,-18,9,38,4,10,4
1014,-18,9,42,4,10,4
1015,-18,9,46,4,10,4
1016,-18,9,50,4,10,4
1017,-18,9,54,4,10,4
1018,-18,9,58,4,10,4
1019,-18,9,62,4,10,4
1020,-18,9,66,4,10,4
1021,-14,9,-66,4,10,4
1022,-14,9,-62,4,10,4
1023,-14,9,-58,4,10,4
1024,-14,9,-54,4,10,4
1025,-14,9,-50,4,10,4
1026,-14,9,-46,4,10,4
1027,-14,9,-42,4,10,4
1028,-14,9,-38,4,10,4
1029,-14,9,-34,4,10,4
1030,-14,9,-30,4,10,4
1031,-14,9,-26,4,10,4
1032,-14,9,-22,4,10,4
1033,-14,9,-18,4,10,4
1034,-14,9,-14,4,10,4
1035,-14,9,-10,4,10,4
1036,-14,9,-6,4,10,4
1037,-14,9,-2,4,10,4
1038,-14,9,2,4,10,4
1039,-14,9,6,4,10,4
1040,-14,9,10,4,10,4
1041,-14,9,14,4,10,4
1042,-14,9,18,4,10,4
1043,-14,9,22,4,10,4
1044,-14,9,26,4,10,4
1045,-14,9,30,4,10,4
1046,-14,9,34,4,10,4
1047,-14,9,38,4,10,4
1048,-14,9,42,4,10,4
1049,-14,9,46,4,10,4
1050,-14,9,50,4,10,4
1051,-14,9,54,4,10,4
1052,-14,9,58,4,10,4
1053,-14,9,62,4,10,4
1054,-14,9,66,4,10,4
1055,-10,9,-66,4,10,4
1056,-10,9,-62,4,10,4
1057,-10,9,-58,4,10,4
1058,-10,9,-54,4,10,4
1059,-10,9,-50,4,10,4
1060,-10,9,-46,4,10,4
1061,-10,9,-42,4,10,4
1062,-10,9,-38,4,10,4
1063,-10,9,-34,4,10,4
1064,-10,9,-30,4,10,4
1065,-10,9,-26,4,10,4
1066,-10,9,-22,4,10,4
1067,-10,9,-18,4,10,4
1068,-10,9,-14,4,10,4
1069,-10,9,-10,4,10,4
1070,-10,9,-6,4,10,4
1071,-10,9,-2,4,10,4
1072,-10,9,2,4,10,4
1073,-10,9,6,4,10,4
1074,-10,9,10,4,10,4
1075,-10,9,14,4,10,4
1076,-10,9,18,4,10,4
1077,-10,9,22,4,10,4
1078,-10,9,26,4,10,4
1079,-10,9,30,4,10,4
1080,-10,9,34,4,10,4
1081,-10,9,38,4,10,4
1082,-10,9,42,4,10,4
1083,-10,9,46,4,10,4
1084,-10,9,50,4,10,4
1085,-10,9,54,4,10,4
1086,-10,9,58,4,10,4
1087,-10,9,62,4,10,4
1088,-10,9,66,4,10,4
1089,-6,9,-66,4,10,4
1090,-6,9,-62,4,10,4
1091,-6,9,-58,4,10,4
1092,-6,9,-54,4,10,4
1093,-6,9,-50,4,10,4
1094,-6,9,-46,4,10,4
1095,-6,9,-42,4,10,4
1096,-6,9,-38,4,10,4
1097,-6,9,-34,4,10,4
1098,-6,9,-30,4,10,4
1099,-6,9,-26,4,10,4
1100,-6,9,-22,4,10,4
1101,-6,9,-18,4,10,4
1102,-6,9,-14,4,10,4
1103,-6,9,-10,4,10,4
1104,-6,9,-6,4,10,4
1105,-6,9,-2,4,10,4
1106,-6,9,2,4,10,4
1107,-6,9,6,4,10,4
1108,-6,9,10,4,10,4
1109,-6,9,14,4,10,4
1110,-6,9,18,4,10,4
1111,-6,9,22,4,10,4
1112,-6,9,26,4,10,4
1113,-6,9,30,4,10,4
1114,-6,9,34,4,10,4
1115,-6,9,38,4,10,4
1116,-6,9,42,4,10,4
1117,-6,9,46,4,10,4
1118,-6,9,50,4,10,4
1119,-6,9,54,4,10,4
1120,-6,9,58,4,10,4
1121,-6,9,62,4,10,4
1122,-6,9,66,4,10,4
1123,-2,9,-66,4,10,4
1124,-2,9,-62,4,10,4
1125,-2,9,-58,4,10,4
1126,-2,9,-54,4,10,4
1127,-2,9,-50,4,10,4
1128,-2,9,-46,4,10,4
1129,-2,9,-42,4,10,4
1130,-2,9,-38,4,10,4
1131,-2,9,-34,4,10,4
1132,-2,9,-30,4,10,4
1133,-2,9,-26,4,10,4
1134,-2,9,-22,4,10,4
1135,-2,9,-18,4,10,4
1136,-2,9,-14,4,10,4
1137,-2,9,-10,4,10,4
1138,-2,9,-6,4,10,4
1139,-2,9,-2,4,10,4
1140,-2,9,2,4,10,4
1141,-2,9,6,4,10,4
1142,-2,9,10,4,10,4
1143,-2,9,14,4,10,4
1144,-2,9,18,4,10,4
1145,-2,9,22,4,10,4
1146,-2,9,26,4,10,4
1147,-2,9,30,4,10,4
1148,-2,9,34,4,10,4
1149,-2,9,38,4,10,4
1150,-2,9,42,4,10,4
1151,-2,9,46,4,10,4
1152,-2,9,50,4,10,4
1153,-2,9,54,4,10,4
1154,-2,9,58,4,10,4
1155,-2,9,62,4,10,4
1156,-2,9,66,4,10,4
1157,2,9,-66,4,10,4
1158,2,9,-62,4,10,4
1159,2,9,-58,4,10,4
1160,2,9,-54,4,10,4
1161,2,9,-50,4,10,4
1162,2,9,-46,4,10,4
1163,2,9,-42,4,10,4
1164,2,9,-38,4,10,4
1165,2,9,-34,4,10,4
1166,2,9,-30,4,10,4
1167,2,9,-26,4,10,4
1168,2,9,-22,4,10,4
1169,2,9,-18,4,10,4
1170,2,9,-14,4,10,4
1171,2,9,-10,4,10,4
1172,2,9,-6,4,10,4
1173,2,9,-2,4,10,4
1174,2,9,2,4,10,4
1175,2,9,6,4,10,4
1176,2,9,10,4,10,4
1177,2,9,14,4,10,4
1178,2,9,18,4,10,4
1179,2,9,22,4,10,4
1180,2,9,26,4,10,4
1181,2,9,30,4,10,4
1182,2,9,34,4,10,4
1183,2,9,38,4,10,4
1184,2,9,42,4,10,4
1185,2,9,46,4,10,4
1186,2,9,50,4,10,4
1187,2,9,54,4,10,4
1188,2,9,58,4,10,4
1189,2,9,62,4,10,4
1190,2,9,66,4,10,4
1191,6,9,-66,4,10,4
1192,6,9,-62,4,10,4
1193,6,9,-58,4,10,4
1194,6,9,-54,4,10,4
1195,6,9,-50,4,10,4
1196,6,9,-46,4,10,4
1197,6,9,-42,4,10,4
1198,6,9,-38,4,10,4
1199,6,9,-34,4,10,4
1200,6,9,-30,4,10,4
1201,6,9,-26,4,10,4
1202,6,9,-22,4,10,4
1203,6,9,-18,4,10,4
1204,6,9,-14,4,10,4
1205,6,9,-10,4,10,4
1206,6,9,-6,4,10,4
1207,6,9,-2,4,10,4
1208,6,9,2,4,10,4
1209,6,9,6,4,10,4
1210,6,9,10,4,10,4
1211,6,9,14,4,10,4
1212,6,9,18,4,10,4
1213,6,9,22,4,10,4
1214,6,9,26,4,10,4
1215,6,9,30,4,10,4
1216,6,9,34,4,10,4
1217,6,9,38,4,10,4
1218,6,9,42,4,10,4
1219,6,9,46,4,10,4
1220,6,9,50,4,10,4
1221,6,9,54,4,10,4
1222,6,9,58,4,10,4
1223,6,9,62,4,10,4
1224,6,9,66,4,10,4
1225,10,9,-66,4,10,4
1226,10,9,-62,4,10,4
1227,10,9,-58,4,10,4
1228,10,9,-54,4,10,4
1229,10,9,-50,4,10,4
1230,10,9,-46,4,10,4
1231,10,9,-42,4,10,4
1232,10,9,-38,4,10,4
1233,10,9,-34,4,10,4
1234,10,9,-30,4,10,4
1235,10,9,-26,4,10,4
1236,10,9,-22,4,10,4
1237,10,9,-18,4,10,4
1238,10,9,-14,4,10,4
1239,10,9,-10,4,10,4
1240,10,9,-6,4,10,4
1241,10,9,-2,4,10,4
1242,10,9,2,4,10,4
1243,10,9,6,4,10,4
1244,10,9,10,4,10,4
1245,10,9,14,4,10,4
1246,10,9,18,4,10,4
1247,10,9,22,4,10,4
1248,10,9,26,4,10,4
1249,10,9,30,4,10,4
1250,10,9,34,4,10,4
1251,10,9,38,4,10,4
1252,10,9,42,4,10,4
1253,10,9,46,4,10,4
1254,10,9,50,4,10,4
1255,10,9,54,4,10,4
1256,10,9,58,4,10,4
1257,10,9,62,4,10,4
1258,10,9,66,4,10,4
1259,14,9,-66,4,10,4
1260,14,9,-62,4,10,4
1261,14,9,-58,4,10,4
1262,14,9,-54,4,10,4
1263,14,9,-50,4,10,4
1264,14,9,-46,4,10,4
1265,14,9,-42,4,10,4
1266,14,9,-38,4,10,4
1267,14,9,-34,4,10,4
1268,14,9,-30,4,10,4
1269,14,9,-26,4,10,4
1270,14,9,-22,4,10,4
1271,14,9,-18,4,10,4
1272,14,9,-14,4,10,4
1273,14,9,-10,4,10,4
1274,14,9,-6,4,10,4
1275,14,9,-2,4,10,4
1276,14,9,2,4,10,4
1277,14,9,6,4,10,4
1278,14,9,10,4,10,4
1279,14,9,14,4,10,4
1280,14,9,18,4,10,4
1281,14,9,22,4,10,4
1282,14,9,26,4,10,4
1283,14,9,30,4,10,4
1284,14,9,34,4,10,4
1285,14,9,38,4,10,4
1286,14,9,42,4,10,4
1287,14,9,46,4,10,4
1288,14,9,50,4,10,4
1289,14,9,54,4,10,4
1290,14,9,58,4,10,4
1291,14,9,62,4,10,4
1292,14,9,66,4,10,4
1293,18,9,-66,4,10,4
1294,18,9,-62,4,10,4
1295,18,9,-58,4,10,4
1296,18,9,-54,4,10,4
1297,18,9,-50,4,10,4
1298,18,9,-46,4,10,4
1299,18,9,-42,4,10,4
1300,18,9,-38,4,10,4
1301,18,9,-34,4,10,4
1302,18,9,-30,4,10,4
1303,18,9,-26,4,10,4
1304,18,9,-22,4,10,4
1305,18,9,-18,4,10,4
1306,18,9,-14,4,10,4
1307,18,9,-10,4,10,4
1308,18,9,-6,4,10,4
1309,18,9,-2,4,10,4
1310,18,9,2,4,10,4
1311,18,9,6,4,10,4
1312,18,9,10,4,10,4
1313,18,9,14,4,10,4
1314,18,9,18,4,10,4
1315,18,9,22,4,10,4
1316,18,9,26,4,10,4
1317,18,9,30,4,10,4
1318,18,9,34,4,10,4
1319,18,9,38,4,10,4
1320,18,9,42,4,10,4
1321,18,9,46,4,10,4
1322,18,9,50,4,10,4
1323,18,9,54,4,10,4
1324,18,9,58,4,10,4
1325,18,9,62,4,10,4
1326,18,9,66,4,10,4
1327,22,9,-66,4,10,4
1328,22,9,-62,4,10,4
1329,22,9,-58,4,10,4
1330,22,9,-54,4,10,4
1331,22,9,-50,4,10,4
1332,22,9,-46,4,10,4
1333,22,9,-42,4,10,4
1334,22,9,-38,4,10,4
1335,22,9,-34,4,10,4
1336,22,9,-30,4,10,4
1337,22,9,-26,4,10,4
1338,22,9,-22,4,10,4
1339,22,9,-18,4,10,4
1340,22,9,-14,4,10,4
1341,22,9,-10,4,10,4
1342,22,9,-6,4,10,4
1343,22,9,-2,4,10,4
1344,22,9,2,4,10,4
1345,22,9,6,4,10,4
1346,22,9,10,4,10,4
1347,22,9,14,4,10,4
1348,22,9,18,4,10,4
1349,22,9,22,4,10,4
1350,22,9,26,4,10,4
1351,22,9,30,4,10,4
1352,22,9,34,4,10,4
1353,22,9,38,4,10,4
1354,22,9,42,4,10,4
1355,22,9,46,4,10,4
1356,22,9,50,4,10,4
1357,22,9,54,4,10,4
1358,22,9,58,4,10,4
1359,22,9,62,4,10,4
1360,22,9,66,4,10,4
1361,26,9,-66,4,10,4
1362,26,9,-62,4,10,4
1363,26,9,-58,4,10,4
1364,26,9,-54,4,10,4
1365,26,9,-50,4,10,4
1366,26,9,-46,4,10,4
1367,26,9,-42,4,10,4
1368,26,9,-38,4,10,4
1369,26,9,-34,4,10,4
1370,26,9,-30,4,10,4
1371,26,9,-26,4,10,4
1372,26,9,-22,4,10,4
1373,26,9,-18,4,10,4
1374,26,9,-14,4,10,4
1375,26,9,-10,4,10,4
1376,26,9,-6,4,10,4
1377,26,9,-2,4,10,4
1378,26,9,2,4,10,4
1379,26,9,6,4,10,4
1380,26,9,10,4,10,4
1381,26,9,14,4,10,4
1382,26,9,18,4,10,4
1383,26,9,22,4,10,4
1384,26,9,26,4,10,4
1385,26,9,30,4,10,4
1386,26,9,34,4,10,4
1387,26,9,38,4,10,4
1388,26,9,42,4,10,4
1389,26,9,46,4,10,4
1390,26,9,50,4,10,4
1391,26,9,54,4,10,4
1392,26,9,58,4,10,4
1393,26,9,62,4,10,4
1394,26,9,66,4,10,4
1395,30,9,-66,4,10,4
1396,30,9,-62,4,10,4
1397,30,9,-58,4,10,4
1398,30,9,-54,4,10,4
1399,30,9,-50,4,10,4
1400,30,9,-46,4,10,4
1401,30,9,-42,4,10,4
1402,30,9,-38,4,10,4
1403,30,9,-34,4,10,4
1404,30,9,-30,4,10,4
1405,30,9,-26,4,10,4
1406,30,9,-22,4,10,4
1407,30,9,-18,4,10,4
1408,30,9,-14,4,10,4
1409,30,9,-10,4,10,4
1410,30,9,-6,4,10,4
1411,30,9,-2,4,10,4
1412,30,9,2,4,10,4
1413,30,9,6,4,10,4
1414,30,9,10,4,10,4
1415,30,9,14,4,10,4
1416,30,9,18,4,10,4
1417,30,9,22,4,10,4
1418,30,9,26,4,10,4
1419,30,9,30,4,10,4
1420,30,9,34,4,10,4
1421,30,9,38,4,10,4
1422,30,9,42,4,10,4
1423,30,9,46,4,10,4
1424,30,9,50,4,10,4
1425,30,9,54,4,10,4
1426,30,9,58,4,10,4
1427,30,9,62,4,10,4
1428,30,9,66,4,10,4
1429,34,9,-66,4,10,4
1430,34,9,-62,4,10,4
1431,34,9,-58,4,10,4
1432,34,9,-54,4,10,4
1433,34,9,-50,4,10,4
1434,34,9,-46,4,10,4
1435,34,9,-42,4,10,4
1436,34,9,-38,4,10,4
1437,34,9,-34,4,10,4
1438,34,9,-30,4,10,4
1439,34,9,-26,4,10,4
1440,34,9,-22,4,10,4
1441,34,9,-18,4,10,4
1442,34,9,-14,4,10,4
1443,34,9,-10,4,10,4
1444,34,9,-6,4,10,4
1445,34,9,-2,4,10,4
1446,34,9,2,4,10,4
1447,34,9,6,4,10,4
1448,34,9,10,4,10,4
1449,34,9,14,4,10,4
1450,34,9,18,4,10,4
1451,34,9,22,4,10,4
1452,34,9,26,4,10,4
1453,34,9,30,4,10,4
1454,34,9,34,4,10,4
1455,34,9,38,4,10,4
1456,34,9,42,4,10,4
1457,34,9,46,4,10,4
1458,34,9,50,4,10,4
1459,34,9,54,4,10,4
1460,34,9,58,4,10,4
1461,34,9,62,4,10,4
1462,34,9,66,4,10,4
1463,38,9,-66,4,10,4
1464,38,9,-62,4,10,4
1465,38,9,-58,4,10,4
1466,38,9,-54,4,10,4
1467,38,9,-50,4,10,4
1468,38,9,-46,4,10,4
1469,38,9,-42,4,10,4
1470,38,9,-38,4,10,4
1471,38,9,-34,4,10,4
1472,38,9,-30,4,10,4
1473,38,9,-26,4,10,4
1474,38,9,-22,4,10,4
1475,38,9,-18,4,10,4
1476,38,9,-14,4,10,4
1477,38,9,-10,4,10,4
1478,38,9,-6,4,10,4
1479,38,9,-2,4,10,4
1480,38,9,2,4,10,4
1481,38,9,6,4,10,4
1482,38,9,10,4,10,4
1483,38,9,14,4,10,4
1484,38,9,18,4,10,4
1485,38,9,22,4,10,4
1486,38,9,26,4,10,4
1487,38,9,30,4,10,4
1488,38,9,34,4,10,4
1489,38,9,38,4,10,4
1490,38,9,42,4,10,4
1491,38,9,46,4,10,4
1492,38,9,50,4,10,4
1493,38,9,54,4,10,4
1494,38,9,58,4,10,4
1495,38,9,62,4,10,4
1496,38,9,66,4,10,4
1497,42,9,-66,4,10,4
1498,42,9,-62,4,10,4
1499,42,9,-58,4,10,4
1500,42,9,-54,4,10,4
1501,42,9,-50,4,10,4
1502,42,9,-46,4,10,4
1503,42,9,-42,4,10,4
1504,42,9,-38,4,10,4
1505,42,9,-34,4,10,4
1506,42,9,-30,4,10,4
1507,42,9,-26,4,10,4
1508,42,9,-22,4,10,4
1509,42,9,-18,4,10,4
1510,42,9,-14,4,10,4
1511,42,9,-10,4,10,4
1512,42,9,-6,4,10,4
1513,42,9,-2,4,10,4
1514,42,9,2,4,10,4
1515,42,9,6,4,10,4
1516,42,9,10,4,10,4
1517,42,9,14,4,10,4
1518,42,9,18,4,10,4
1519,42,9,22,4,10,4
1520,42,9,26,4,10,4
1521,42,9,30,4,10,4
1522,42,9,34,4,10,4
1523,42,9,38,4,10,4
1524,42,9,42,4,10,4
1525,42,9,46,4,10,4
1526,42,9,50,4,10,4
1527,42,9,54,4,10,4
1528,42,9,58,4,10,4
1529,42,9,62,4,10,4
1530,42,9,66,4,10,4
1531,46,9,-66,4,10,4
1532,46,9,-62,4,10,4
1533,46,9,-58,4,10,4
1534,46,9,-54,4,10,4
1535,46,9,-50,4,10,4
1536,46,9,-46,4,10,4
1537,46,9,-42,4,10,4
1538,46,9,-38,4,10,4
1539,46,9,-34,4,10,4
1540,46,9,-30,4,10,4
1541,46,9,-26,4,10,4
1542,46,9,-22,4,10,4
1543,46,9,-18,4,10,4
1544,46,9,-14,4,10,4
1545,46,9,-10,4,10,4
1546,46,9,-6,4,10,4
1547,46,9,-2,4,10,4
1548,46,9,2,4,10,4
1549,46,9,6,4,10,4
1550,46,9,10,4,10,4
1551,46,9,14,4,10,4
1552,46,9,18,4,10,4
1553,46,9,22,4,10,4
1554,46,9,26,4,10,4
1555,46,9,30,4,10,4
1556,46,9,34,4,10,4
1557,46,9,38,4,10,4
1558,46,9,42,4,10,4
1559,46,9,46,4,10,4
1560,46,9,50,4,10,4
1561,46,9,54,4,10,4
1562,46,9,58,4,10,4
1563,46,9,62,4,10,4
1564,46,9,66,4,10,4
1565,50,9,-66,4,10,4
1566,50,9,-62,4,10,4
1567,50,9,-58,4,10,4
1568,50,9,-54,4,10,4
1569,50,9,-50,4,10,4
1570,50,9,-46,4,10,4
1571,50,9,-42,4,10,4
1572,50,9,-38,4,10,4
1573,50,9,-34,4,10,4
1574,50,9,-30,4,10,4
1575,50,9,-26,4,10,4
1576,50,9,-22,4,10,4
1577,50,9,-18,4,10,4
1578,50,9,-14,4,10,4
1579,50,9,-10,4,10,4
1580,50,9,-6,4,10,4
1581,50,9,-2,4,10,4
1582,50,9,2,4,10,4
1583,50,9,6,4,10,4
1584,50,9,10,4,10,4
1585,50,9,14,4,10,4
1586,50,9,18,4,10,4
1587,50,9,22,4,10,4
1588,50,9,26,4,10,4
1589,50,9,30,4,10,4
1590,50,9,34,4,10,4
1591,50,9,38,4,10,4
1592,50,9,42,4,10,4
1593,50,9,46,4,10,4
1594,50,9,50,4,10,4
1595,50,9,54,4,10,4
1596,50,9,58,4,10,4
1597,50,9,62,4,10,4
1598,50,9,66,4,10,4
1599,54,9,-66,4,10,4
1600,54,9,-62,4,10,4
1601,54,9,-58,4,10,4
1602,54,9,-54,4,10,4
1603,54,9,-50,4,10,4
1604,54,9,-46,4,10,4
1605,54,9,-42,4,10,4
1606,54,9,-38,4,10,4
1607,54,9,-34,4,10,4
1608,54,9,-30,4,10,4
1609,54,9,-26,4,10,4
1610,54,9,-22,4,10,4
1611,54,9,-18,4,10,4
1612,54,9,-14,4,10,4
1613,54,9,-10,4,10,4
1614,54,9,-6,4,10,4
1615,54,9,-2,4,10,4
1616,54,9,2,4,10,4
1617,54,9,6,4,10,4
1618,54,9,10,4,10,4
1619,54,9,14,4,10,4
1620,54,9,18,4,10,4
1621,54,9,22,4,10,4
1622,54,9,26,4,10,4
1623,54,9,30,4,10,4
1624,54,9,34,4,10,4
1625,54,9,38,4,10,4
1626,54,9,42,4,10,4
1627,54,9,46,4,10,4
1628,54,9,50,4,10,4
1629,54,9,54,4,10,4
1630,54,9,58,4,10,4
1631,54,9,62,4,10,4
1632,54,9,66,4,10,4
1633,58,9,-66,4,10,4
1634,58,9,-62,4,10,4
1635,58,9,-58,4,10,4
1636,58,9,-54,4,10,4
1637,58,9,-50,4,10,4
1638,58,9,-46,4,10,4
1639,58,9,-42,4,10,4
1640,58,9,-38,4,10,4
1641,58,9,-34,4,10,4
1642,58,9,-30,4,10,4
1643,58,9,-26,4,10,4
1644,58,9,-22,4,10,4
1645,58,9,-18,4,10,4
1646,58,9,-14,4,10,4
1647,58,9,-10,4,10,4
1648,58,9,-6,4,10,4
1649,58,9,-2,4,10,4
1650,58,9,2,4,10,4
1651,58,9,6,4,10,4
1652,58,9,10,4,10,4
1653,58,9,14,4,10,4
1654,58,9,18,4,10,4
1655,58,9,22,4,10,4
1656,58,9,26,4,10,4
1657,58,9,30,4,10,4
1658,58,9,34,4,10,4
1659,58,9,38,4,10,4
1660,58,9,42,4,10,4
1661,58,9,46,4,10,4
1662,58,9,50,4,10,4
1663,58,9,54,4,10,4
1664,58,9,58,4,10,4
1665,58,9,62,4,10,4
1666,58,9,66,4,10,4
1667,62,9,-66,4,10,4
1668,62,9,-62,4,10,4
1669,62,9,-58,4,10,4
1670,62,9,-54,4,10,4
1671,62,9,-50,4,10,4
1672,62,9,-46,4,10,4
1673,62,9,-42,4,10,4
1674,62,9,-38,4,10,4
1675,62,9,-34,4,10,4
1676,62,9,-30,4,10,4
1677,62,9,-26,4,10,4
1678,62,9,-22,4,10,4
1679,62,9,-18,4,10,4
1680,62,9,-14,4,10,4
1681,62,9,-10,4,10,4
1682,62,9,-6,4,10,4
1683,62,9,-2,4,10,4
1684,62,9,2,4,10,4
1685,62,9,6,4,10,4
1686,62,9,10,4,10,4
1687,62,9,14,4,10,4
1688,62,9,18,4,10,4
1689,62,9,22,4,10,4
1690,62,9,26,4,10,4
1691,62,9,30,4,10,4
1692,62,9,34,4,10,4
1693,62,9,38,4,10,4
1694,62,9,42,4,10,4
1695,62,9,46,4,10,4
1696,62,9,50,4,10,4
1697,62,9,54,4,10,4
1698,62,9,58,4,10,4
1699,62,9,62,4,10,4
1700,62,9,66,4,10,4
1701,66,9,-66,4,10,4
1702,66,9,-62,4,10,4
1703,66,9,-58,4,10,4
1704,66,9,-54,4,10,4
1705,66,9,-50,4,10,4
1706,66,9,-46,4,10,4
1707,66,9,-42,4,10,4
1708,66,9,-38,4,10,4
1709,66,9,-34,4,10,4
1710,66,9,-30,4,10,4
1711,66,9,-26,4,10,4
1712,66,9,-22,4,10,4
1713,66,9,-18,4,10,4
1714,66,9,-14,4,10,4
1715,66,9,-10,4,10,4
1716,66,9,-6,4,10,4
1717,66,9,-2,4,10,4
1718,66,9,2,4,10,4
1719,66,9,6,4,10,4
1720,66,9,10,4,10,4
1721,66,9,14,4,10,4
1722,66,9,18,4,10,4
1723,66,9,22,4,10,4
1724,66,9,26,4,10,4
1725,66,9,30,4,10,4
1726,66,9,34,4,10,4
1727,66,9,38,4,10,4
1728,66,9,42,4,10,4
1729,66,9,46,4,10,4
1730,66,9,50,4,10,4
1731,66,9,54,4,10,4
1732,66,9,58,4,10,4
1733,66,9,62,4,10,4
1734,66,9,66,4,10,4
1735,70,9,-66,4,10,4
1736,70,9,-62,4,10,4
1737,70,9,-58,4,10,4
1738,70,9,-54,4,10,4
1739,70,9,-50,4,10,4
1740,70,9,-46,4,10,4
1741,70,9,-42,4,10,4
1742,70,9,-38,4,10,4
1743,70,9,-34,4,10,4
1744,70,9,-30,4,10,4
1745,70,9,-26,4,10,4
1746,70,9,-22,4,10,4
1747,70,9,-18,4,10,4
1748,70,9,-14,4,10,4
1749,70,9,-10,4,10,4
1750,70,9,-6,4,10,4
1751,70,9,-2,4,10,4
1752,70,9,2,4,10,4
1753,70,9,6,4,10,4
1754,70,9,10,4,10,4
1755,70,9,14,4,10,4
1756,70,9,18,4,10,4
1757,70,9,22,4,10,4
1758,70,9,26,4,10,4
1759,70,9,30,4,10,4
1760,70,9,34,4,10,4
1761,70,9,38,4,10,4
1762,70,9,42,4,10,4
1763,70,9,46,4,10,4
1764,70,9,50,4,10,4
1765,70,9,54,4,10,4
1766,70,9,58,4,10,4
1767,70,9,62,4,10,4
1768,70,9,66,4,10,4
1769,74,9,-66,4,10,4
1770,74,9,-62,4,10,4
1771,74,9,-58,4,10,4
1772,74,9,-54,4,10,4
1773,74,9,-50,4,10,4
1774,74,9,-46,4,10,4
1775,74,9,-42,4,10,4
1776,74,9,-38,4,10,4
1777,74,9,-34,4,10,4
1778,74,9,-30,4,10,4
1779,74,9,-26,4,10,4
1780,74,9,-22,4,10,4
1781,74,9,-18,4,10,4
1782,74,9,-14,4,10,4
1783,74,9,-10,4,10,4
1784,74,9,-6,4,10,4
1785,74,9,-2,4,10,4
1786,74,9,2,4,10,4
1787,74,9,6,4,10,4
1788,74,9,10,4,10,4
1789,74,9,14,4,10,4
1790,74,9,18,4,10,4
1791,74,9,22,4,10,4
1792,74,9,26,4,10,4
1793,74,9,30,4,10,4
1794,74,9,34,4,10,4
1795,74,9,38,4,10,4
1796,74,9,42,4,10,4
1797,74,9,46,4,10,4
1798,74,9,50,4,10,4
1799,74,9,54,4,10,4
1800,74,9,58,4,10,4
1801,74,9,62,4,10,4
1802,74,9,66,4,10,4
1803,78,9,-66,4,10,4
1804,78,9,-62,4,10,4
1805,78,9,-58,4,10,4
1806,78,9,-54,4,10,4
1807,78,9,-50,4,10,4
1808,78,9,-46,4,10,4
1809,78,9,-42,4,10,4
1810,78,9,-38,4,10,4
1811,78,9,-34,4,10,4
1812,78,9,-30,4,10,4
1813,78,9,-26,4,10,4
1814,78,9,-22,4,10,4
1815,78,9,-18,4,10,4
1816,78,9,-14,4,10,4
1817,78,9,-10,4,10,4
1818,78,9,-6,4,10,4
1819,78,9,-2,4,10,4
1820,78,9,2,4,10,4
1821,78,9,6,4,10,4
1822,78,9,10,4,10,4
1823,78,9,14,4,10,4
1824,78,9,18,4,10,4
1825,78,9,22,4,10,4
1826,78,9,26,4,10,4
1827,78,9,30,4,10,4
1828,78,9,34,4,10,4
1829,78,9,38,4,10,4
1830,78,9,42,4,10,4
1831,78,9,46,4,10,4
1832,78,9,50,4,10,4
1833,78,9,54,4,10,4
1834,78,9,58,4,10,4
1835,78,9,62,4,10,4
1836,78,9,66,4,10,4
1837,82,9,-66,4,10,4
1838,82,9,-62,4,10,4
1839,82,9,-58,4,10,4
1840,82,9,-54,4,10,4
1841,82,9,-50,4,10,4
1842,82,9,-46,4,10,4
1843,82,9,-42,4,10,4
1844,82,9,-38,4,10,4
1845,82,9,-34,4,10,4
1846,82,9,-30,4,10,4
1847,82,9,-26,4,10,4
1848,82,9,-22,4,10,4
1849,82,9,-18,4,10,4
1850,82,9,-14,4,10,4
1851,82,9,-10,4,10,4
1852,82,9,-6,4,10,4
1853,82,9,-2,4,10,4
1854,82,9,2,4,10,4
1855,82,9,6,4,10,4
1856,82,9,10,4,10,4
1857,82,9,14,4,10,4
1858,82,9,18,4,10,4
1859,82,9,22,4,10,4
1860,82,9,26,4,10,4
1861,82,9,30,4,10,4
1862,82,9,34,4,10,4
1863,82,9,38,4,10,4
1864,82,9,42,4,10,4
1865,82,9,46,4,10,4
1866,82,9,50,4,10,4
1867,82,9,54,4,10,4
1868,82,9,58,4,10,4
1869,82,9,62,4,10,4
1870,82,9,66,4,10,4
1871,86,9,-66,4,10,4
1872,86,9,-62,4,10,4
1873,86,9,-58,4,10,4
1874,86,9,-54,4,10,4
1875,86,9,-50,4,10,4
1876,86,9,-46,4,10,4
1877,86,9,-42,4,10,4
1878,86,9,-38,4,10,4
1879,86,9,-34,4,10,4
1880,86,9,-30,4,10,4
1881,86,9,-26,4,10,4
1882,86,9,-22,4,10,4
1883,86,9,-18,4,10,4
1884,86,9,-14,4,10,4
1885,86,9,-10,4,10,4
1886,86,9,-6,4,10,4
1887,86,9,-2,4,10,4
1888,86,9,2,4,10,4
1889,86,9,6,4,10,4
1890,86,9,10,4,10,4
1891,86,9,14,4,10,4
1892,86,9,18,4,10,4
1893,86,9,22,4,10,4
1894,86,9,26,4,10,4
1895,86,9,30,4,10,4
1896,86,9,34,4,10,4
1897,86,9,38,4,10,4
1898,86,9,42,4,10,4
1899,86,9,46,4,10,4
1900,86,9,50,4,10,4
1901,86,9,54,4,10,4
1902,86,9,58,4,10,4
1903,86,9,62,4,10,4
1904,86,9,66,4,10,4
1905,90,9,-66,4,10,4
1906,90,9,-62,4,10,4
1907,90,9,-58,4,10,4
1908,90,9,-54,4,10,4
1909,90,9,-50,4,10,4
1910,90,9,-46,4,10,4
1911,90,9,-42,4,10,4
1912,90,9,-38,4,10,4
1913,90,9,-34,4,10,4
1914,90,9,-30,4,10,4
1915,90,9,-26,4,10,4
1916,90,9,-22,4,10,4
1917,90,9,-18,4,10,4
1918,90,9,-14,4,10,4
1919,90,9,-10,4,10,4
1920,90,9,-6,4,10,4
1921,90,9,-2,4,10,4
1922,90,9,2,4,10,4
1923,90,9,6,4,10,4
1924,90,9,10,4,10,4
1925,90,9,14,4,10,4
1926,90,9,18,4,10,4
1927,90,9,22,4,10,4
1928,90,9,26,4,10,4
1929,90,9,30,4,10,4
1930,90,9,34,4,10,4
1931,90,9,38,4,10,4
1932,90,9,42,4,10,4
1933,90,9,46,4,10,4
1934,90,9,50,4,10,4
1935,90,9,54,4,10,4
1936,90,9,58,4,10,4
1937,90,9,62,4,10,4
1938,90,9,66,4,10,4
1939,94,9,-66,4,10,4
1940,94,9,-62,4,10,4
1941,94,9,-58,4,10,4
1942,94,9,-54,4,10,4
1943,94,9,-50,4,10,4
1944,94,9,-46,4,10,4
1945,94,9,-42,4,10,4
1946,94,9,-38,4,10,4
1947,94,9,-34,4,10,4
1948,94,9,-30,4,10,4
1949,94,9,-26,4,10,4
1950,94,9,-22,4,10,4
1951,94,9,-18,4,10,4
1952,94,9,-14,4,10,4
1953,94,9,-10,4,10,4
1954,94,9,-6,4,10,4
1955,94,9,-2,4,10,4
1956,94,9,2,4,10,4
1957,94,9,6,4,10,4
1958,94,9,10,4,10,4
1959,94,9,14,4,10,4
1960,94,9,18,4,10,4
1961,94,9,22,4,10,4
1962,94,9,26,4,10,4
1963,94,9,30,4,10,4
1964,94,9,34,4,10,4
1965,94,9,38,4,10,4
1966,94,9,42,4,10,4
1967,94,9,46,4,10,4
1968,94,9,50,4,10,4
1969,94,9,54,4,10,4
1970,94,9,58,4,10,4
1971,94,9,62,4,10,4
1972,94,9,66,4,10,4
1973,98,9,-66,4,10,4
1974,98,9,-62,4,10,4
1975,98,9,-58,4,10,4
1976,98,9,-54,4,10,4
1977,98,9,-50,4,10,4
1978,98,9,-46,4,10,4
1979,98,9,-42,4,10,4
1980,98,9,-38,4,10,4
1981,98,9,-34,4,10,4
1982,98,9,-30,4,10,4
1983,98,9,-26,4,10,4
1984,98,9,-22,4,10,4
1985,98,9,-18,4,10,4
1986,98,9,-14,4,10,4
1987,98,9,-10,4,10,4
1988,98,9,-6,4,10,4
1989,98,9,-2,4,10,4
1990,98,9,2,4,10,4
1991,98,9,6,4,10,4
1992,98,9,10,4,10,4
1993,98,9,14,4,10,4
1994,98,9,18,4,10,4
1995,98,9,22,4,10,4
1996,98,9,26,4,10,4
1997,98,9,30,4,10,4
1998,98,9,34,4,10,4
1999,98,9,38,4,10,4
2000,98,9,42,4,10,4
2001,98,9,46,4,10,4
2002,98,9,50,4,10,4
2003,98,9,54,4,10,4
2004,98,9,58,4,10,4
2005,98,9,62,4,10,4
2006,98,9,66,4,10,4
2007,102,9,-66,4,10,4
2008,102,9,-62,4,10,4
2009,102,9,-58,4,10,4
2010,102,9,-54,4,10,4
2011,102,9,-50,4,10,4
2012,102,9,-46,4,10,4
2013,102,9,-42,4,10,4
2014,102,9,-38,4,10,4
2015,102,9,-34,4,10,4
2016,102,9,-30,4,10,4
2017,102,9,-26,4,10,4
2018,102,9,-22,4,10,4
2019,102,9,-18,4,10,4
2020,102,9,-14,4,10,4
2021,102,9,-10,4,10,4
2022,102,9,-6,4,10,4
2023,102,9,-2,4,10,4
2024,102,9,2,4,10,4
2025,102,9,6,4,10,4
2026,102,9,10,4,10,4
2027,102,9,14,4,10,4
2028,102,9,18,4,10,4
2029,102,9,22,4,10,4
2030,102,9,26,4,10,4
2031,102,9,30,4,10,4
2032,102,9,34,4,10,4
2033,102,9,38,4,10,4
2034,102,9,42,4,10,4
2035,102,9,46,4,10,4
2036,102,9,50,4,10,4
2037,102,9,54,4,10,4
2038,102,9,58,4,10,4
2039,102,9,62,4,10,4
2040,102,9,66,4,10,4
2041,106,9,-66,4,10,4
2042,106,9,-62,4,10,4
2043,106,9,-58,4,10,4
2044,106,9,-54,4,10,4
2045,106,9,-50,4,10,4
2046,106,9,-46,4,10,4
2047,106,9,-42,4,10,4
2048,106,9,-38,4,10,4
2049,106,9,-34,4,10,4
2050,106,9,-30,4,10,4
2051,106,9,-26,4,10,4
2052,106,9,-22,4,10,4
2053,106,9,-18,4,10,4
2054,106,9,-14,4,10,4
2055,106,9,-10,4,10,4
2056,106,9,-6,4,10,4
2057,106,9,-2,4,10,4
2058,106,9,2,4,10,4
2059,106,9,6,4,10,4
2060,106,9,10,4,10,4
2061,106,9,14,4,10,4
2062,106,9,18,4,10,4
2063,106,9,22,4,10,4
2064,106,9,26,4,10,4
2065,106,9,30,4,10,4
2066,106,9,34,4,10,4
2067,106,9,38,4,10,4
2068,106,9,42,4,10,4
2069,106,9,46,4,10,4
2070,106,9,50,4,10,4
2071,106,9,54,4,10,4
2072,106,9,58,4,10,4
2073,106,9,62,4,10,4
2074,106,9,66,4,10,4
2075,110,9,-66,4,10,4
2076,110,9,-62,4,10,4
2077,110,9,-58,4,10,4
2078,110,9,-54,4,10,4
2079,110,9,-50,4,10,4
2080,110,9,-46,4,10,4
2081,110,9,-42,4,10,4
2082,110,9,-38,4,10,4
2083,110,9,-34,4,10,4
2084,110,9,-30,4,10,4
2085,110,9,-26,4,10,4
2086,110,9,-22,4,10,4
2087,110,9,-18,4,10,4
2088,110,9,-14,4,10,4
2089,110,9,-10,4,10,4
2090,110,9,-6,4,10,4
2091,110,9,-2,4,10,4
2092,110,9,2,4,10,4
2093,110,9,6,4,10,4
2094,110,9,10,4,10,4
2095,110,9,14,4,10,4
2096,110,9,18,4,10,4
2097,110,9,22,4,10,4
2098,110,9,26,4,10,4
2099,110,9,30,4,10,4
2100,110,9,34,4,10,4
2101,110,9,38,4,10,4
2102,110,9,42,4,10,4
2103,110,9,46,4,10,4
2104,110,9,50,4,10,4
2105,110,9,54,4,10,4
2106,110,9,58,4,10,4
2107,110,9,62,4,10,4
2108,110,9,66,4,10,4
2109,114,9,-66,4,10,4
2110,114,9,-62,4,10,4
2111,114,9,-58,4,10,4
2112,114,9,-54,4,10,4
2113,114,9,-50,4,10,4
2114,114,9,-46,4,10,4
2115,114,9,-42,4,10,4
2116,114,9,-38,4,10,4
2117,114,9,-34,4,10,4
2118,114,9,-30,4,10,4
2119,114,9,-26,4,10,4
2120,114,9,-22,4,10,4
2121,114,9,-18,4,10,4
2122,114,9,-14,4,10,4
2123,114,9,-10,4,10,4
2124,114,9,-6,4,10,4
2125,114,9,-2,4,10,4
2126,114,9,2,4,10,4
2127,114,9,6,4,10,4
2128,114,9,10,4,10,4
2129,114,9,14,4,10,4
2130,114,9,18,4,10,4
2131,114,9,22,4,10,4
2132,114,9,26,4,10,4
2133,114,9,30,4,10,4
2134,114,9,34,4,10,4
2135,114,9,38,4,10,4
2136,114,9,42,4,10,4
2137,114,9,46,4,10,4
2138,114,9,50,4,10,4
2139,114,9,54,4,10,4
2140,114,9,58,4,10,4
2141,114,9,62,4,10,4
2142,114,9,66,4,10,4
2143,118,9,-66,4,10,4
2144,118,9,-62,4,10,4
2145,118,9,-58,4,10,4
2146,118,9,-54,4,10,4
2147,118,9,-50,4,10,4
2148,118,9,-46,4,10,4
2149,118,9,-42,4,10,4
2150,118,9,-38,4,10,4
2151,118,9,-34,4,10,4
2152,118,9,-30,4,10,4
2153,118,9,-26,4,10,4
2154,118,9,-22,4,10,4
2155,118,9,-18,4,10,4
2156,118,9,-14,4,10,4
2157,118,9,-10,4,10,4
2158,118,9,-6,4,10,4
2159,118,9,-2,4,10,4
2160,118,9,2,4,10,4
2161,118,9,6,4,10,4
2162,118,9,10,4,10,4
2163,118,9,14,4,10,4
2164,118,9,18,4,10,4
2165,118,9,22,4,10,4
2166,118,9,26,4,10,4
2167,118,9,30,4,10,4
2168,118,9,34,4,10,4
2169,118,9,38,4,10,4
2170,118,9,42,4,10,4
2171,118,9,46,4,10,4
2172,118,9,50,4,10,4
2173,118,9,54,4,10,4
2174,118,9,58,4,10,4
2175,118,9,62,4,10,4
2176,118,9,66,4,10,4
2177,122,9,-66,4,10,4
2178,122,9,-62,4,10,4
2179,122,9,-58,4,10,4
2180,122,9,-54,4,10,4
2181,122,9,-50,4,10,4
2182,122,9,-46,4,10,4
2183,122,9,-42,4,10,4
2184,122,9,-38,4,10,4
2185,122,9,-34,4,10,4
2186,122,9,-30,4,10,4
2187,122,9,-26,4,10,4
2188,122,9,-22,4,10,4
2189,122,9,-18,4,10,4
2190,122,9,-14,4,10,4
2191,122,9,-10,4,10,4
2192,122,9,-6,4,10,4
2193,122,9,-2,4,10,4
2194,122,9,2,4,10,4
2195,122,9,6,4,10,4
2196,122,9,10,4,10,4
2197,122,9,14,4,10,4
2198,122,9,18,4,10,4
2199,122,9,22,4,10,4
2200,122,9,26,4,10,4
2201,122,9,30,4,10,4
2202,122,9,34,4,10,4
2203,122,9,38,4,10,4
2204,122,9,42,4,10,4
2205,122,9,46,4,10,4
2206,122,9,50,4,10,4
2207,122,9,54,4,10,4
2208,122,9,58,4,10,4
2209,122,9,62,4,10,4
2210,122,9,66,4,10,4
2211,126,9,-66,4,10,4
2212,126,9,-62,4,10,4
2213,126,9,-58,4,10,4
2214,126,9,-54,4,10,4
2215,126,9,-50,4,10,4
2216,126,9,-46,4,10,4
2217,126,9,-42,4,10,4
2218,126,9,-38,4,10,4
2219,126,9,-34,4,10,4
2220,126,9,-30,4,10,4
2221,126,9,-26,4,10,4
2222,126,9,-22,4,10,4
2223,126,9,-18,4,10,4
2224,126,9,-14,4,10,4
2225,126,9,-10,4,10,4
2226,126,9,-6,4,10,4
2227,126,9,-2,4,10,4
2228,126,9,2,4,10,4
2229,126,9,6,4,10,4
2230,126,9,10,4,10,4
2231,126,9,14,4,10,4
2232,126,9,18,4,10,4
2233,126,9,22,4,10,4
2234,126,9,26,4,10,4
2235,126,9,30,4,10,4
2236,126,9,34,4,10,4
2237,126,9,38,4,10,4
2238,126,9,42,4,10,4
2239,126,9,46,4,10,4
2240,126,9,50,4,10,4
2241,126,9,54,4,10,4
2242,126,9,58,4,10,4
2243,126,9,62,4,10,4
2244,126,9,66,4,10,4
2245,130,9,-66,4,10,4
2246,130,9,-62,4,10,4
2247,130,9,-58,4,10,4
2248,130,9,-54,4,10,4
2249,130,9,-50,4,10,4
2250,130,9,-46,4,10,4
2251,130,9,-42,4,10,4
2252,130,9,-38,4,10,4
2253,130,9,-34,4,10,4
2254,130,9,-30,4,10,4
2255,130,9,-26,4,10,4
2256,130,9,-22,4,10,4
2257,130,9,-18,4,10,4
2258,130,9,-14,4,10,4
2259,130,9,-10,4,10,4
2260,130,9,-6,4,10,4
2261,130,9,-2,4,10,4
2262,130,9,2,4,10,4
2263,130,9,6,4,10,4
2264,130,9,10,4,10,4
2265,130,9,14,4,10,4
2266,130,9,18,4,10,4
2267,130,9,22,4,10,4
2268,130,9,26,4,10,4
2269,130,9,30,4,10,4
2270,130,9,34,4,10,4
2271,130,9,38,4,10,4
2272,130,9,42,4,10,4
2273,130,9,46,4,10,4
2274,130,9,50,4,10,4
2275,130,9,54,4,10,4
2276,130,9,58,4,10,4
2277,130,9,62,4,10,4
2278,130,9,66,4,10,4
2279,134,9,-66,4,10,4
2280,134,9,-62,4,10,4
2281,134,9,-58,4,10,4
2282,134,9,-54,4,10,4
2283,134,9,-50,4,10,4
2284,134,9,-46,4,10,4
2285,134,9,-42,4,10,4
2286,134,9,-38,4,10,4
2287,134,9,-34,4,10,4
2288,134,9,-30,4,10,4
2289,134,9,-26,4,10,4
2290,134,9,-22,4,10,4
2291,134,9,-18,4,10,4
2292,134,9,-14,4,10,4
2293,134,9,-10,4,10,4
2294,134,9,-6,4,10,4
2295,134,9,-2,4,10,4
2296,134,9,2,4,10,4
2297,134,9,6,4,10,4
2298,134,9,10,4,10,4
2299,134,9,14,4,10,4
2300,134,9,18,4,10,4
2301,134,9,22,4,10,4
2302,134,9,26,4,10,4
2303,134,9,30,4,10,4
2304,134,9,34,4,10,4
2305,134,9,38,4,10,4
2306,134,9,42,4,10,4
2307,134,9,46,4,10,4
2308,134,9,50,4,10,4
2309,134,9,54,4,10,4
2310,134,9,58,4,10,4
2311,134,9,62,4,10,4
2312,134,9,66,4,10,4
