system,channel,diameter_mm,peak_iteration,peak_cnr,endpoint_iteration,endpoint_cnr,endpoint_crc
EHE,440_SinglePhoton,13,10,0.5517324565374742,200,0.17639334285574013,0.05381597637079369
EHE,440_SinglePhoton,22,30,5.9605760792865246,200,3.226180616303312,0.9842778474745697
EHE,440_SinglePhoton,37,10,11.202364067858362,200,3.201187927483753,0.9766528094250556
EHE,218_SinglePhoton_CrossTalkCorrected,10,10,0.5151163882924651,200,-0.16788538447536158,-0.05136645498727557
EHE,218_SinglePhoton_CrossTalkCorrected,17,10,2.5062852756685072,200,0.7081923303732655,0.21667954940884554
EHE,218_SinglePhoton_CrossTalkCorrected,28,10,7.093223048079128,200,2.245429035202333,0.6870147143795547
EHE matrix+Poisson,440_SinglePhoton,13,170,3.607059005164072,200,3.5871585358003024,1.136382544520828
EHE matrix+Poisson,440_SinglePhoton,22,10,2.255542309774212,200,0.47360474671774844,0.15003411803548417
EHE matrix+Poisson,440_SinglePhoton,37,10,9.58723247653752,200,2.4995972017113988,0.7918519909308159
EHE matrix+Poisson,218_SinglePhoton_CrossTalkCorrected,10,200,-0.21074978240933137,200,-0.21074978240933137,-0.06527397643757056
EHE matrix+Poisson,218_SinglePhoton_CrossTalkCorrected,17,20,3.4709458806266045,200,2.0024004476214836,0.6201887287492558
EHE matrix+Poisson,218_SinglePhoton_CrossTalkCorrected,28,10,11.524252623403838,200,3.2670854155632103,1.0118902804881906
EHE Geant4 5e10,440_SinglePhoton,13,60,2.2930466910634446,200,1.362417850865939,0.12332796969637909
EHE Geant4 5e10,440_SinglePhoton,22,50,8.419614683125413,200,4.977202790331467,0.45054335900589504
EHE Geant4 5e10,440_SinglePhoton,37,30,18.31754519351212,200,9.134870865644277,0.8269012891914677
EHE Geant4 5e10,218_SinglePhoton_CrossTalkCorrected,10,70,2.5483038584012023,200,2.36647323922362,0.21689409173470273
EHE Geant4 5e10,218_SinglePhoton_CrossTalkCorrected,17,50,7.724368953038972,200,5.3755715253060465,0.4926866208378073
EHE Geant4 5e10,218_SinglePhoton_CrossTalkCorrected,28,20,17.12068795839119,200,7.964039142841701,0.729927137056057
EHE matrix+Poisson 5e10,440_SinglePhoton,13,70,3.3353281835618445,200,2.62116508249271,0.2389302384605834
EHE matrix+Poisson 5e10,440_SinglePhoton,22,60,10.995640583822823,200,8.05129645775595,0.7339095867777452
EHE matrix+Poisson 5e10,440_SinglePhoton,37,30,19.38619969467801,200,9.221297288441557,0.8405600909149911
EHE matrix+Poisson 5e10,218_SinglePhoton_CrossTalkCorrected,10,30,1.7646954090553886,200,0.5675105278536119,0.05460562455953867
EHE matrix+Poisson 5e10,218_SinglePhoton_CrossTalkCorrected,17,50,8.205425390132525,200,6.1628047568281525,0.5929824844974553
EHE matrix+Poisson 5e10,218_SinglePhoton_CrossTalkCorrected,28,20,17.970257272856795,200,8.168740160521265,0.7859927462789023
JSCC,440_SinglePhoton,13,10000,3.302830700605463,10000,3.302830700605463,0.2551813901203408
JSCC,440_SinglePhoton,22,10000,6.895207295523456,10000,6.895207295523456,0.5327335072055134
JSCC,440_SinglePhoton,37,5600,11.671447314249603,10000,10.169162661370033,0.7856839479579037
JSCC,218_SinglePhoton_CrossTalkCorrected,10,700,1.7351737634678115,10000,0.600561472286907,0.044364333799122
JSCC,218_SinglePhoton_CrossTalkCorrected,17,10000,4.384990192583585,10000,4.384990192583585,0.32392548904089197
JSCC,218_SinglePhoton_CrossTalkCorrected,28,4850,12.594414142637955,10000,10.25880666194206,0.7578327017848169
JSCC,440_ComptonOnly,13,250,0.9887949657858885,10000,-0.35549978669952403,-0.09763852182123621
JSCC,440_ComptonOnly,22,4900,4.576838658347432,10000,3.8195154609022133,1.0490353514362576
JSCC,440_ComptonOnly,37,1300,7.031582468545503,10000,2.5777295352424736,0.7079770815411135
JSCC,440_SinglePlusCompton,13,10000,2.661639526759035,10000,2.661639526759035,0.19252951661456585
JSCC,440_SinglePlusCompton,22,10000,7.8438223976374015,10000,7.8438223976374015,0.5673823669377573
JSCC,440_SinglePlusCompton,37,5450,11.91907984472027,10000,10.23565764869292,0.7403956093688717
