system,channel,iteration,diameter_mm,energy_keV,region_kind,truth_sphere_background_ratio,sphere_voxels,background_voxels,sphere_mean,background_mean,background_std,crc,cnr,roi_status,cnr_status
EHE,440_SinglePhoton,200,10,440,cold,0,8,97604,1851.8608093261719,905.9754340134981,2487.642480381908,-1.044051902293171,0.3802336480310705,AVAILABLE,AVAILABLE
EHE,440_SinglePhoton,200,13,440,hot,10,20,97604,1344.7790069580078,905.9754340134981,2487.642480381908,0.05381597637079369,0.17639334285574013,AVAILABLE,AVAILABLE
EHE,440_SinglePhoton,200,17,440,cold,0,60,97604,77.20224162111214,905.9754340134981,2487.642480381908,0.9147855022082619,-0.3331560700254447,AVAILABLE,AVAILABLE
EHE,440_SinglePhoton,200,22,440,hot,10,136,97604,8931.559384514303,905.9754340134981,2487.642480381908,0.9842778474745697,3.226180616303312,AVAILABLE,AVAILABLE
EHE,440_SinglePhoton,200,28,440,cold,0,312,97604,355.22627903635686,905.9754340134981,2487.642480381908,0.6079073828054102,-0.22139401434107564,AVAILABLE,AVAILABLE
EHE,440_SinglePhoton,200,37,440,hot,10,772,97604,8869.3865101078,905.9754340134981,2487.642480381908,0.9766528094250556,3.201187927483753,AVAILABLE,AVAILABLE
EHE,218_SinglePhoton_CrossTalkCorrected,200,10,218,hot,10,8,97604,228.574462890625,425.0951330401985,1170.5644941261362,-0.05136645498727557,-0.16788538447536158,AVAILABLE,AVAILABLE
EHE,218_SinglePhoton_CrossTalkCorrected,200,13,218,cold,0,20,97604,164.64186735153197,425.0951330401985,1170.5644941261362,0.6126940664456799,-0.22250227731629876,AVAILABLE,AVAILABLE
EHE,218_SinglePhoton_CrossTalkCorrected,200,17,218,hot,10,60,97604,1254.0799299875896,425.0951330401985,1170.5644941261362,0.21667954940884554,0.7081923303732655,AVAILABLE,AVAILABLE
EHE,218_SinglePhoton_CrossTalkCorrected,200,22,218,cold,0,136,97604,110.2385136689169,425.0951330401985,1170.5644941261362,0.7406733102764262,-0.2689784466821131,AVAILABLE,AVAILABLE
EHE,218_SinglePhoton_CrossTalkCorrected,200,28,218,hot,10,312,97604,3053.514635727956,425.0951330401985,1170.5644941261362,0.6870147143795547,2.245429035202333,AVAILABLE,AVAILABLE
EHE,218_SinglePhoton_CrossTalkCorrected,200,37,218,cold,0,772,97604,384.4488790083141,425.0951330401985,1170.5644941261362,0.09561684167303963,-0.034723634823921525,AVAILABLE,AVAILABLE
EHE matrix+Poisson,440_SinglePhoton,200,10,440,cold,0,8,97604,33.13253581523895,892.4647918575968,2544.5300531054136,0.9628752460404896,-0.3377174716382718,AVAILABLE,AVAILABLE
EHE matrix+Poisson,440_SinglePhoton,200,13,440,hot,10,20,97604,10020.097491455079,892.4647918575968,2544.5300531054136,1.136382544520828,3.5871585358003024,AVAILABLE,AVAILABLE
EHE matrix+Poisson,440_SinglePhoton,200,17,440,cold,0,60,97604,232.97944248517354,892.4647918575968,2544.5300531054136,0.7389483096579701,-0.2591776617326918,AVAILABLE,AVAILABLE
EHE matrix+Poisson,440_SinglePhoton,200,22,440,hot,10,136,97604,2097.566303174285,892.4647918575968,2544.5300531054136,0.15003411803548417,0.47360474671774844,AVAILABLE,AVAILABLE
EHE matrix+Poisson,440_SinglePhoton,200,28,440,cold,0,312,97604,372.33759605427247,892.4647918575968,2544.5300531054136,0.5827985602891063,-0.20440992440570585,AVAILABLE,AVAILABLE
EHE matrix+Poisson,440_SinglePhoton,200,37,440,hot,10,772,97604,7252.764992270445,892.4647918575968,2544.5300531054136,0.7918519909308159,2.4995972017113988,AVAILABLE,AVAILABLE
EHE matrix+Poisson,218_SinglePhoton_CrossTalkCorrected,200,10,218,hot,10,8,97604,164.90278416872025,399.7311722209137,1114.2521020310955,-0.06527397643757056,-0.21074978240933137,AVAILABLE,AVAILABLE
EHE matrix+Poisson,218_SinglePhoton_CrossTalkCorrected,200,13,218,cold,0,20,97604,17.24113699816553,399.7311722209137,1114.2521020310955,0.956868169919365,-0.3432706427257644,AVAILABLE,AVAILABLE
EHE matrix+Poisson,218_SinglePhoton_CrossTalkCorrected,200,17,218,hot,10,60,97604,2630.9100800911588,399.7311722209137,1114.2521020310955,0.6201887287492558,2.0024004476214836,AVAILABLE,AVAILABLE
EHE matrix+Poisson,218_SinglePhoton_CrossTalkCorrected,200,22,218,cold,0,136,97604,161.70298547735985,399.7311722209137,1114.2521020310955,0.5954706644995058,-0.21362148324393396,AVAILABLE,AVAILABLE
EHE matrix+Poisson,218_SinglePhoton_CrossTalkCorrected,200,28,218,hot,10,312,97604,4040.087964027356,399.7311722209137,1114.2521020310955,1.0118902804881906,3.2670854155632103,AVAILABLE,AVAILABLE
EHE matrix+Poisson,218_SinglePhoton_CrossTalkCorrected,200,37,218,cold,0,772,97604,223.4940485455231,399.7311722209137,1114.2521020310955,0.44088911729404023,-0.15816629230866136,AVAILABLE,AVAILABLE
EHE Geant4 5e10,440_SinglePhoton,200,10,440,cold,0,8,97604,14774.862548828125,9837.471757813866,8014.515343137791,-0.5018963116303239,0.6160560657285115,AVAILABLE,AVAILABLE
EHE Geant4 5e10,440_SinglePhoton,200,13,440,hot,10,20,97604,20756.59052734375,9837.471757813866,8014.515343137791,0.12332796969637909,1.362417850865939,AVAILABLE,AVAILABLE
EHE Geant4 5e10,440_SinglePhoton,200,17,440,cold,0,60,97604,6146.7771402994795,9837.471757813866,8014.515343137791,0.3751669848081528,-0.46050128541764446,AVAILABLE,AVAILABLE
EHE Geant4 5e10,440_SinglePhoton,200,22,440,hot,10,136,97604,49727.33988683364,9837.471757813866,8014.515343137791,0.45054335900589504,4.977202790331467,AVAILABLE,AVAILABLE
EHE Geant4 5e10,440_SinglePhoton,200,28,440,cold,0,312,97604,2247.866581647824,9837.471757813866,8014.515343137791,0.7714995644218899,-0.9469824251649145,AVAILABLE,AVAILABLE
EHE Geant4 5e10,440_SinglePhoton,200,37,440,hot,10,772,97604,83049.03446810233,9837.471757813866,8014.515343137791,0.8269012891914677,9.134870865644277,AVAILABLE,AVAILABLE
EHE Geant4 5e10,218_SinglePhoton_CrossTalkCorrected,200,10,218,hot,10,8,97604,14313.9580078125,4848.82485048097,3999.6789316902646,0.21689409173470273,2.36647323922362,AVAILABLE,AVAILABLE
EHE Geant4 5e10,218_SinglePhoton_CrossTalkCorrected,200,13,218,cold,0,20,97604,5118.801293945313,4848.82485048097,3999.6789316902646,-0.055678736970167675,0.06749952885599518,AVAILABLE,AVAILABLE
EHE Geant4 5e10,218_SinglePhoton_CrossTalkCorrected,200,17,218,hot,10,60,97604,26349.385026041666,4848.82485048097,3999.6789316902646,0.4926866208378073,5.3755715253060465,AVAILABLE,AVAILABLE
EHE Geant4 5e10,218_SinglePhoton_CrossTalkCorrected,200,22,218,cold,0,136,97604,2514.5905317418715,4848.82485048097,3999.6789316902646,0.4814020697216066,-0.5836054239865326,AVAILABLE,AVAILABLE
EHE Geant4 5e10,218_SinglePhoton_CrossTalkCorrected,200,28,218,hot,10,312,97604,36702.424421261516,4848.82485048097,3999.6789316902646,0.729927137056057,7.964039142841701,AVAILABLE,AVAILABLE
EHE Geant4 5e10,218_SinglePhoton_CrossTalkCorrected,200,37,218,cold,0,772,97604,4843.7812085719925,4848.82485048097,3999.6789316902646,0.0010401782008020444,-0.0012610116949677164,AVAILABLE,AVAILABLE
EHE matrix+Poisson 5e10,440_SinglePhoton,200,10,440,cold,0,8,97604,12471.901000976562,10046.07544802488,8241.678849529864,-0.24146997158264583,0.2943363357442714,AVAILABLE,AVAILABLE
EHE matrix+Poisson 5e10,440_SinglePhoton,200,13,440,hot,10,20,97604,31648.87626953125,10046.07544802488,8241.678849529864,0.2389302384605834,2.62116508249271,AVAILABLE,AVAILABLE
EHE matrix+Poisson 5e10,440_SinglePhoton,200,17,440,cold,0,60,97604,11406.632340494793,10046.07544802488,8241.678849529864,-0.13543168170585518,0.1650824931800787,AVAILABLE,AVAILABLE
EHE matrix+Poisson 5e10,440_SinglePhoton,200,22,440,hot,10,136,97604,76402.2751752068,10046.07544802488,8241.678849529864,0.7339095867777452,8.05129645775595,AVAILABLE,AVAILABLE
EHE matrix+Poisson 5e10,440_SinglePhoton,200,28,440,cold,0,312,97604,7346.078348404322,10046.07544802488,8241.678849529864,0.26876137986315773,-0.32760280386011104,AVAILABLE,AVAILABLE
EHE matrix+Poisson 5e10,440_SinglePhoton,200,37,440,hot,10,772,97604,86045.04627540075,10046.07544802488,8241.678849529864,0.8405600909149911,9.221297288441557,AVAILABLE,AVAILABLE
EHE matrix+Poisson 5e10,218_SinglePhoton_CrossTalkCorrected,200,10,218,hot,10,8,97604,6705.290466308594,4495.817945116822,3893.271424493645,0.05460562455953867,0.5675105278536119,AVAILABLE,AVAILABLE
EHE matrix+Poisson 5e10,218_SinglePhoton_CrossTalkCorrected,200,13,218,cold,0,20,97604,4222.202233886719,4495.817945116822,3893.271424493645,0.06086005140116779,-0.07027912554688856,AVAILABLE,AVAILABLE
EHE matrix+Poisson 5e10,218_SinglePhoton_CrossTalkCorrected,200,17,218,hot,10,60,97604,28489.289599609376,4495.817945116822,3893.271424493645,0.5929824844974553,6.1628047568281525,AVAILABLE,AVAILABLE
EHE matrix+Poisson 5e10,218_SinglePhoton_CrossTalkCorrected,200,22,218,cold,0,136,97604,2847.515641156365,4495.817945116822,3893.271424493645,0.36663012694959707,-0.42337204993993793,AVAILABLE,AVAILABLE
EHE matrix+Poisson 5e10,218_SinglePhoton_CrossTalkCorrected,200,28,218,hot,10,312,97604,36298.9405861879,4495.817945116822,3893.271424493645,0.7859927462789023,8.168740160521265,AVAILABLE,AVAILABLE
EHE matrix+Poisson 5e10,218_SinglePhoton_CrossTalkCorrected,200,37,218,cold,0,772,97604,1938.1176737849576,4495.817945116822,3893.271424493645,0.5689065488316617,-0.6569540092274754,AVAILABLE,AVAILABLE
JSCC,440_SinglePhoton,10000,10,440,cold,0,8,97604,524.4857330322266,954.8378686324128,663.9491668502613,0.45070702549383324,-0.6481703074374704,AVAILABLE,AVAILABLE
JSCC,440_SinglePhoton,10000,13,440,hot,10,20,97604,3147.749560546875,954.8378686324128,663.9491668502613,0.2551813901203408,3.302830700605463,AVAILABLE,AVAILABLE
JSCC,440_SinglePhoton,10000,17,440,cold,0,60,97604,915.0638626098632,954.8378686324128,663.9491668502613,0.041655245701049504,-0.05990519757895813,AVAILABLE,AVAILABLE
JSCC,440_SinglePhoton,10000,22,440,hot,10,136,97604,5532.9050077550555,954.8378686324128,663.9491668502613,0.5327335072055134,6.895207295523456,AVAILABLE,AVAILABLE
JSCC,440_SinglePhoton,10000,28,440,cold,0,312,97604,1011.084466787485,954.8378686324128,663.9491668502613,-0.05890696211664981,0.0847152176150819,AVAILABLE,AVAILABLE
JSCC,440_SinglePhoton,10000,37,440,hot,10,772,97604,7706.644945213832,954.8378686324128,663.9491668502613,0.7856839479579037,10.169162661370033,AVAILABLE,AVAILABLE
JSCC,218_SinglePhoton_CrossTalkCorrected,10000,10,218,hot,10,8,97604,609.6863670349121,435.7146539098733,289.68177472751216,0.044364333799122,0.600561472286907,AVAILABLE,AVAILABLE
JSCC,218_SinglePhoton_CrossTalkCorrected,10000,13,218,cold,0,20,97604,223.2202491760254,435.7146539098733,289.68177472751216,0.487691664319837,-0.7335442657161632,AVAILABLE,AVAILABLE
JSCC,218_SinglePhoton_CrossTalkCorrected,10000,17,218,hot,10,60,97604,1705.9663950602214,435.7146539098733,289.68177472751216,0.32392548904089197,4.384990192583585,AVAILABLE,AVAILABLE
JSCC,218_SinglePhoton_CrossTalkCorrected,10000,22,218,cold,0,136,97604,403.7678451538086,435.7146539098733,289.68177472751216,0.07332048272737879,-0.1102824255551296,AVAILABLE,AVAILABLE
JSCC,218_SinglePhoton_CrossTalkCorrected,10000,28,218,hot,10,312,97604,3407.5039743276743,435.7146539098733,289.68177472751216,0.7578327017848169,10.25880666194206,AVAILABLE,AVAILABLE
JSCC,218_SinglePhoton_CrossTalkCorrected,10000,37,218,cold,0,772,97604,305.8106960138509,435.7146539098733,289.68177472751216,0.2981399792968469,-0.4484367648541782,AVAILABLE,AVAILABLE
JSCC,440_ComptonOnly,10000,10,440,cold,0,8,97604,244.18489837646484,1059.8398945959132,2619.7788041624294,0.7696020883705594,-0.31134498642537944,AVAILABLE,AVAILABLE
JSCC,440_ComptonOnly,10000,13,440,hot,10,20,97604,128.50908851623535,1059.8398945959132,2619.7788041624294,-0.09763852182123621,-0.35549978669952403,AVAILABLE,AVAILABLE
JSCC,440_ComptonOnly,10000,17,440,cold,0,60,97604,904.1301424662272,1059.8398945959132,2619.7788041624294,0.146918183513986,-0.05943622105892562,AVAILABLE,AVAILABLE
JSCC,440_ComptonOnly,10000,22,440,hot,10,136,97604,11066.125541238223,1059.8398945959132,2619.7788041624294,1.0490353514362576,3.8195154609022133,AVAILABLE,AVAILABLE
JSCC,440_ComptonOnly,10000,28,440,cold,0,312,97604,71.81792497634888,1059.8398945959132,2619.7788041624294,0.9322370054736135,-0.3771394623277919,AVAILABLE,AVAILABLE
JSCC,440_ComptonOnly,10000,37,440,hot,10,772,97604,7812.921093887616,1059.8398945959132,2619.7788041624294,0.7079770815411135,2.5777295352424736,AVAILABLE,AVAILABLE
JSCC,440_SinglePlusCompton,10000,10,440,cold,0,8,97604,481.1710739135742,1020.814971850322,664.5652425755488,0.5286402656875153,-0.8120254617068695,AVAILABLE,AVAILABLE
JSCC,440_SinglePlusCompton,10000,13,440,hot,10,20,97604,2789.648089599609,1020.814971850322,664.5652425755488,0.19252951661456585,2.661639526759035,AVAILABLE,AVAILABLE
JSCC,440_SinglePlusCompton,10000,17,440,cold,0,60,97604,961.6889200846355,1020.814971850322,664.5652425755488,0.057920439448997385,-0.08896952169292084,AVAILABLE,AVAILABLE
JSCC,440_SinglePlusCompton,10000,22,440,hot,10,136,97604,6233.5467062557445,1020.814971850322,664.5652425755488,0.5673823669377573,7.8438223976374015,AVAILABLE,AVAILABLE
JSCC,440_SinglePlusCompton,10000,28,440,cold,0,312,97604,854.6575497358273,1020.814971850322,664.5652425755488,0.16276938200986502,-0.25002424362511805,AVAILABLE,AVAILABLE
JSCC,440_SinglePlusCompton,10000,37,440,hot,10,772,97604,7823.077280074203,1020.814971850322,664.5652425755488,0.7403956093688717,10.23565764869292,AVAILABLE,AVAILABLE
