channel,diameter_mm,crc_1e9,crc_5e9,cnr_1e9,cnr_5e9,sampled_truth_crc
440_SinglePhoton,13,-0.04969458938524344,0.18265315900394366,-0.31329053729201695,3.2062376008554185,0.767810015966734
440_SinglePhoton,22,0.10660505920871016,0.31753432716985963,0.7166879018650703,5.507160495818858,0.8559791485191638
440_SinglePhoton,37,0.33826418507587125,0.38815314044546656,1.505920063904047,5.32136877835333,0.9192475988592439
440_ComptonOnly,13,-0.10886371039228435,-0.09959251311001535,-0.18506556897958307,-0.34463122538046126,0.767810015966734
440_ComptonOnly,22,1.291030802813221,0.6655390131842346,2.3573621303577568,1.4027860941229262,0.8559791485191638
440_ComptonOnly,37,1.2173006124846018,0.4870374205477439,2.2574005718244035,1.5841912240577385,0.9192475988592439
440_SinglePlusCompton,13,-0.05327071347764953,0.15123896082938415,-0.38053191643213197,2.787414712610493,0.767810015966734
440_SinglePlusCompton,22,0.20756183350830476,0.41129321975393157,1.7034223585389838,3.2486923803025136,0.8559791485191638
440_SinglePlusCompton,37,0.42998380207037773,0.4377852358658264,2.056253646304622,5.247428442991376,0.9192475988592439
218_SinglePhoton_CrossTalkCorrected,10,-0.02457321963056147,0.009360749470947758,-0.1530599706083078,0.11514423452861688,0.6616634847266881
218_SinglePhoton_CrossTalkCorrected,17,0.6913281696003426,0.21128881610583783,4.436516126298552,3.0917231739660616,0.8297703103207811
218_SinglePhoton_CrossTalkCorrected,28,0.8804710329106433,0.5239727682356233,5.802767556845635,6.441863732810111,0.8973043863020929
440SinglePlus218Single,10,2.00928678460086,-0.14397688535518183,5.099812926735223,-0.6288233092722649,0.6616634577241001
440SinglePlus218Single,13,0.02785228031170261,0.1822106921541644,0.14586476702330203,2.789245710735291,0.7678100552279652
440SinglePlus218Single,17,0.6392019233148596,0.32068494142993725,0.9633244700346916,1.933818452972107,0.8297702896359938
440SinglePlus218Single,22,0.1982260569376711,0.3658845910057063,1.1110068746422024,5.329552371873082,0.8559792216149562
440SinglePlus218Single,28,1.384816896187434,0.7824625333121501,3.7375233326994746,3.319156694597264,0.8973043589927827
440SinglePlus218Single,37,0.40599169535827506,0.4573794095539908,1.4589300153952758,5.237400307721593,0.91924767517433
440SingleComptonPlus218Single,10,1.7002296428122705,-0.13000584380143984,4.045403790222771,-0.5351525078245674,0.6616634577241001
440SingleComptonPlus218Single,13,0.011143174729213905,0.1437089999916101,0.06499392678136126,2.348292285907062,0.7678100552279652
440SingleComptonPlus218Single,17,0.5597332045943376,0.3612230354793463,0.8415718971811081,2.1209393782671824,0.8297702896359938
440SingleComptonPlus218Single,22,0.31490191189303574,0.45289171377936976,2.1592768754261193,3.2585146722959455,0.8559792216149562
440SingleComptonPlus218Single,28,1.3557010289173308,0.7971215567286919,3.511666030095255,3.3595279772261537,0.8973043589927827
440SingleComptonPlus218Single,37,0.4956938205221995,0.4999519651534119,1.9799508443008982,5.040280509518478,0.91924767517433
