group,channel,iteration,max_density,peak_background_ratio,peak_x_mm,peak_y_mm,peak_z_mm,p99_density,p999_density,volume_weighted_p999_density,background_mean,background_cv,total_integral,integral_recovery,tiny_mass_fraction,source_z_leakage
angular,440_ComptonOnly,50,4065.79296875,6.164238929748535,-243.77364139491195,33.021383391143274,58.5,1183.6727294921875,1481.352294921875,1480.1175103325593,659.5774536132812,0.39999932448169934,3566602834.21365,1.010098303547379,not_applicable_whole_cells,0.30925463109002466
angular,440_ComptonOnly,100,8084.3251953125,10.653665542602539,110.91177421627194,-134.06930424298739,-58.5,1429.5062255859375,2634.7646484375,2747.192931109359,758.8303833007812,0.42463730860216187,3563636540.704586,1.0092582189681296,not_applicable_whole_cells,0.25443562428481825
angular,440_ComptonOnly,150,18175.248046875,22.363418579101562,110.91177421627194,-134.06930424298739,-58.5,1579.349853515625,3965.269775390625,4199.368381543685,812.7222290039062,0.44141787841832025,3561950975.293955,1.0087808496503397,not_applicable_whole_cells,0.2266970449461015
angular,440_ComptonOnly,200,28429.517578125,33.61207962036133,110.91177421627194,-134.06930424298739,-58.5,1676.849609375,4711.2763671875,4942.300392485331,845.8125,0.4555709885095692,3560975326.051898,1.008504535832943,not_applicable_whole_cells,0.21023271222772405
angular,440_ComptonOnly,250,37460.25,43.186771392822266,110.91177421627194,-134.06930424298739,-58.5,1756.9332275390625,5228.57958984375,5449.143373898468,867.4010620117188,0.46699440361639544,3560359765.0844054,1.00833020268796,not_applicable_whole_cells,0.19969293527748688
angular,440_ComptonOnly,300,45032.55859375,51.04914474487305,110.91177421627194,-134.06930424298739,-58.5,1818.94384765625,5611.259765625,5925.710298882383,882.1412963867188,0.47560569246405054,3559965363.211219,1.0082185040544032,not_applicable_whole_cells,0.1925728122954495
angular,440_ComptonOnly,350,51279.87109375,57.450233459472656,110.91177421627194,-134.06930424298739,-58.5,1879.9993896484375,5786.55224609375,6208.70707865707,892.5963745117188,0.4818842940779589,3559711055.8625493,1.0081464816192145,not_applicable_whole_cells,0.18754325661983243
angular,440_ComptonOnly,400,56417.4765625,62.667755126953125,110.91177421627194,-134.06930424298739,-58.5,1922.6944580078125,5939.0625,6400.985971141982,900.2632446289062,0.4864942593220719,3559545794.6584907,1.008099677960489,not_applicable_whole_cells,0.18384908889838003
angular,440_ComptonOnly,450,60652.44140625,66.94111633300781,110.91177421627194,-134.06930424298739,-58.5,1958.38037109375,6043.103515625,6355.50340117141,906.0565795898438,0.4900540801037075,3559437263.4804506,1.0080689408238028,not_applicable_whole_cells,0.18103872927827253
angular,440_ComptonOnly,500,64160.15234375,70.4625244140625,110.91177421627194,-134.06930424298739,-58.5,1984.859619140625,6008.5458984375,6460.196221778342,910.55712890625,0.49306166650847455,3559364894.561812,1.00804844520785,not_applicable_whole_cells,0.1788306147010524
angular,440_ComptonOnly,550,67082.296875,73.38251495361328,110.91177421627194,-134.06930424298739,-58.5,2000.3763427734375,6152.51904296875,6675.283342674611,914.1455078125,0.4958900967860825,3559315535.776239,1.0080344662962946,not_applicable_whole_cells,0.17704304262245069
angular,440_ComptonOnly,600,69531.25,75.8182373046875,110.91177421627194,-134.06930424298739,-58.5,2019.328857421875,6230.0146484375,6597.476709008775,917.0781860351562,0.4988061223491487,3559280730.094137,1.0080246089720903,not_applicable_whole_cells,0.17555540738788228
angular,440_ComptonOnly,650,71595.6875,77.8610610961914,110.91177421627194,-134.06930424298739,-58.5,2050.87646484375,6330.43603515625,6709.744742847149,919.5313720703125,0.5019925854937626,3559255010.164045,1.0080173248255337,not_applicable_whole_cells,0.17428583876321332
angular,440_ComptonOnly,700,73345.671875,79.5826416015625,110.91177421627194,-134.06930424298739,-58.5,2067.953857421875,6380.81298828125,6807.8796202375825,921.6290283203125,0.5055686203350073,3559234888.717563,1.0080116262266428,not_applicable_whole_cells,0.17317773494425695
angular,440_ComptonOnly,750,74836.6171875,81.0394515991211,110.91177421627194,-134.06930424298739,-58.5,2079.813232421875,6383.62451171875,6719.308256620419,923.4591064453125,0.509606275075258,3559218129.735841,1.00800687991207,not_applicable_whole_cells,0.17219137550454044
angular,440_ComptonOnly,800,76112.9296875,82.27668762207031,110.91177421627194,-134.06930424298739,-58.5,2106.027587890625,6327.65283203125,6716.503569565876,925.0850219726562,0.5141434819817357,3559203340.881095,1.0080026915575533,not_applicable_whole_cells,0.17129855273057396
angular,440_ComptonOnly,850,77210.328125,83.33070373535156,110.91177421627194,-134.06930424298739,-58.5,2123.167236328125,6171.03955078125,6774.446312918684,926.5531616210938,0.5191933848405802,3559189648.2115035,1.0079988136538538,not_applicable_whole_cells,0.17047899029662178
angular,440_ComptonOnly,900,78157.859375,84.23117065429688,110.91177421627194,-134.06930424298739,-58.5,2139.761962890625,6311.02685546875,6787.719168681162,927.8970947265625,0.5247526322027992,3559176569.76059,1.0079951097031492,not_applicable_whole_cells,0.16971800071249238
angular,440_ComptonOnly,950,78979.140625,85.00222778320312,110.91177421627194,-134.06930424298739,-58.5,2159.085205078125,6270.86328125,6728.417695478189,929.1419677734375,0.530805990279748,3559163791.818427,1.0079914908595882,not_applicable_whole_cells,0.16900481823127453
angular,440_ComptonOnly,1000,79693.8828125,85.66413879394531,110.91177421627194,-134.06930424298739,-58.5,2180.139404296875,6222.978515625,6772.5732982427735,930.3062133789062,0.5373311498249884,3559151174.097922,1.0079879173924347,not_applicable_whole_cells,0.1683314824424165
angular,440_ComptonOnly,1050,80318.203125,86.23351287841797,110.91177421627194,-134.06930424298739,-58.5,2192.59375,6204.86083984375,6834.6899545786555,931.4036254882812,0.5443012658421951,3559138638.159934,1.0079843670869246,not_applicable_whole_cells,0.16769203404068356
angular,440_ComptonOnly,1100,80865.671875,86.72437286376953,110.91177421627194,-134.06930424298739,-58.5,2219.138671875,6268.36181640625,6916.447768376537,932.444580078125,0.551687249446429,3559126152.9722257,1.0079808311544112,not_applicable_whole_cells,0.16708197695789628
angular,440_ComptonOnly,1150,81347.46875,87.14835357666016,110.91177421627194,-134.06930424298739,-58.5,2242.25634765625,6281.5341796875,6895.864066526095,933.4367065429688,0.5594594331277091,3559113708.9273033,1.0079773068739546,not_applicable_whole_cells,0.16649786950056225
angular,440_ComptonOnly,1200,81773.0078125,87.5152359008789,110.91177421627194,-134.06930424298739,-58.5,2261.30029296875,6344.267578125,6900.52731718649,934.385986328125,0.5675881737385509,3559101328.847426,1.007973800709051,not_applicable_whole_cells,0.16593703365132625
angular,440_ComptonOnly,1250,82150.28125,87.8333740234375,110.91177421627194,-134.06930424298739,-58.5,2283.094482421875,6419.73095703125,6948.102218634324,935.296875,0.5760449164912544,3559089010.8733315,1.007970312133139,not_applicable_whole_cells,0.16539737660693943
angular,440_ComptonOnly,1300,82485.8828125,88.10968017578125,110.91177421627194,-134.06930424298739,-58.5,2301.508544921875,6528.03662109375,6975.221308848196,936.1727294921875,0.5848026770191705,3559076793.498212,1.0079668520478824,not_applicable_whole_cells,0.16487722187554843
angular,440_ComptonOnly,1350,82785.3359375,88.34994506835938,110.91177421627194,-134.06930424298739,-58.5,2326.452880859375,6610.06689453125,7032.999266383999,937.0162963867188,0.593835947257944,3559064666.326604,1.0079634175091807,not_applicable_whole_cells,0.16437520866416336
angular,440_ComptonOnly,1400,83053.4765625,88.55923461914062,110.91177421627194,-134.06930424298739,-58.5,2351.2001953125,6650.94091796875,7071.009988002014,937.8296508789062,0.6031211290873567,3559052646.22952,1.0079600132950763,not_applicable_whole_cells,0.16389022483544327
angular,440_ComptonOnly,1450,83294.2578125,88.74169158935547,110.91177421627194,-134.06930424298739,-58.5,2380.19140625,6592.34228515625,7109.134969020099,938.6146850585938,0.6126361605338653,3559040771.0258393,1.0079566501162618,not_applicable_whole_cells,0.16342133708233747
angular,440_ComptonOnly,1500,83511.046875,88.90087127685547,110.91177421627194,-134.06930424298739,-58.5,2409.078369140625,6545.64306640625,7217.360467683909,939.3726806640625,0.6223611143417817,3559029027.625529,1.0079533242655059,not_applicable_whole_cells,0.1629677481624572
angular,440_ComptonOnly,1550,83706.8046875,89.03987884521484,110.91177421627194,-134.06930424298739,-58.5,2440.674560546875,6606.4501953125,7268.411520393199,940.1046752929688,0.6322777699328201,3559017437.5631166,1.0079500418416072,not_applicable_whole_cells,0.1625287737647203
angular,440_ComptonOnly,1600,83884.0703125,89.1613540649414,110.91177421627194,-134.06930424298739,-58.5,2464.462158203125,6708.720703125,7227.550756644026,940.8119506835938,0.642369278375489,3559006029.1626883,1.0079468108662353,not_applicable_whole_cells,0.162103808244897
angular,440_ComptonOnly,1650,84044.796875,89.26737213134766,110.91177421627194,-134.06930424298739,-58.5,2489.739990234375,6797.17333984375,7318.964329074959,941.4951782226562,0.6526205998305269,3558994781.5062795,1.0079436254152092,not_applicable_whole_cells,0.16169231580280544
angular,440_ComptonOnly,1700,84191.0234375,89.36001586914062,110.91177421627194,-134.06930424298739,-58.5,2523.741455078125,6911.5146484375,7392.496861320403,942.1554565429688,0.6630176645596169,3558983740.429462,1.0079404984696307,not_applicable_whole_cells,0.1612938041032386
angular,440_ComptonOnly,1750,84324.2578125,89.44087982177734,110.91177421627194,-134.06930424298739,-58.5,2550.697021484375,7039.541015625,7420.099609325848,942.7932739257812,0.6735482764145798,3558972907.2541065,1.007937430403867,not_applicable_whole_cells,0.16090782852779587
angular,440_ComptonOnly,1800,84445.8515625,89.51132202148438,110.91177421627194,-134.06930424298739,-58.5,2571.475341796875,7154.85009765625,7402.527277693669,943.4097290039062,0.6842007980293495,3558962281.570646,1.0079344211019243,not_applicable_whole_cells,0.16053396120232535
angular,440_ComptonOnly,1850,84557.1015625,89.57272338867188,110.91177421627194,-134.06930424298739,-58.5,2597.380615234375,7257.015625,7411.254544226625,944.0050659179688,0.6949653184456628,3558951874.335534,1.0079314736667824,not_applicable_whole_cells,0.1601718176042201
angular,440_ComptonOnly,1900,84659.0625,89.6261215209961,110.91177421627194,-134.06930424298739,-58.5,2621.53515625,7327.07763671875,7484.384140331874,944.5802001953125,0.7058324236453316,3558941696.282802,1.0079285911384281,not_applicable_whole_cells,0.1598210255860637
angular,440_ComptonOnly,1950,84752.5859375,89.67241668701172,110.91177421627194,-134.06930424298739,-58.5,2652.147216796875,7344.1787109375,7560.551213637081,945.135498046875,0.7167938857353198,3558931753.5697374,1.0079257752606683,not_applicable_whole_cells,0.15948122778998708
angular,440_ComptonOnly,2000,84838.609375,89.7125244140625,110.91177421627194,-134.06930424298739,-58.5,2687.82666015625,7368.08740234375,7668.312503872714,945.671875,0.7278420368083208,3558922054.080552,1.007923028266392,not_applicable_whole_cells,0.1591520865371898
continuous_energy,440_ComptonOnly,50,1703.6209716796875,2.369292974472046,35.26711513754837,-48.54101966249685,-1.5,1297.8048095703125,1593.529052734375,1584.6461695682192,719.0419311523438,0.41580653000738577,3545285935.809633,1.0040611404777384,not_applicable_whole_cells,0.27040439176960795
continuous_energy,440_ComptonOnly,100,2984.593017578125,3.5890519618988037,-243.77364139491195,33.021383391143274,-58.5,1506.0379638671875,2026.227294921875,2021.9839470468999,831.5825805664062,0.42077975733539996,3540041815.308547,1.0025759520595239,not_applicable_whole_cells,0.19633934165886274
continuous_energy,440_ComptonOnly,150,5042.08544921875,5.673900604248047,-243.77364139491195,33.021383391143274,-58.5,1617.425537109375,2381.770751953125,2365.632724072972,888.6453857421875,0.4322638806678716,3535793476.301096,1.0013727791177107,not_applicable_whole_cells,0.1588808666393422
continuous_energy,440_ComptonOnly,200,6567.69091796875,7.120217800140381,-243.77364139491195,33.021383391143274,-58.5,1708.2706298828125,2671.03125,2664.7305151926416,922.4002685546875,0.4464382582328951,3533171570.6063933,1.0006302286803939,not_applicable_whole_cells,0.13724757875279514
continuous_energy,440_ComptonOnly,250,7676.18115234375,8.127559661865234,-243.77364139491195,33.021383391143274,-58.5,1783.0382080078125,2937.785888671875,2925.330448499101,944.4632568359375,0.45997233697680107,3531534347.434875,1.0001665503778325,not_applicable_whole_cells,0.1236258088625753
continuous_energy,440_ComptonOnly,300,8452.9365234375,8.804807662963867,-243.77364139491195,33.021383391143274,-58.5,1847.267333984375,3163.83154296875,3150.871062499497,960.0364990234375,0.4718417700844758,3530490477.7088637,0.9998709158235015,not_applicable_whole_cells,0.11444186211551183
continuous_energy,440_ComptonOnly,350,8991.119140625,9.252950668334961,-243.77364139491195,33.021383391143274,-58.5,1906.4193115234375,3364.924560546875,3337.751169268345,971.7029418945312,0.48195222212332733,3529811244.049547,0.9996785499227047,not_applicable_whole_cells,0.10787202954351294
continuous_energy,440_ComptonOnly,400,9380.5693359375,9.563920974731445,-243.77364139491195,33.021383391143274,-58.5,1950.7943115234375,3571.823974609375,3532.5639687412354,980.8287963867188,0.49051798645405303,3529357898.3510046,0.9995501577965543,not_applicable_whole_cells,0.10292452964501901
continuous_energy,440_ComptonOnly,450,9686.943359375,9.802800178527832,-243.77364139491195,33.021383391143274,-58.5,1999.8270263671875,3762.492431640625,3718.6353272424876,988.1812744140625,0.4978363362103948,3529045494.9835234,0.9994616819762336,not_applicable_whole_cells,0.09903930037601145
continuous_energy,440_ComptonOnly,500,9945.927734375,10.003711700439453,-243.77364139491195,33.021383391143274,-58.5,2045.7032470703125,3938.52197265625,3884.880917513061,994.2237548828125,0.504207285711988,3528822574.1470995,0.999398548521469,not_applicable_whole_cells,0.09588943112099617
continuous_energy,440_ComptonOnly,550,10172.1435546875,10.179655075073242,-243.77364139491195,33.021383391143274,-58.5,2076.434326171875,4114.03515625,4025.013507922748,999.2621459960938,0.5099003714349535,3528658392.2184753,0.9993520505245557,not_applicable_whole_cells,0.09327424395891334
continuous_energy,440_ComptonOnly,600,10370.3486328125,10.334033966064453,-243.77364139491195,33.021383391143274,-58.5,2107.20166015625,4247.64306640625,4188.8928648378,1003.5140991210938,0.5151425578145646,3528534486.959629,0.999316959291363,not_applicable_whole_cells,0.09106231856099055
continuous_energy,440_ComptonOnly,650,10542.4013671875,10.467636108398438,-243.77364139491195,33.021383391143274,-58.5,2138.3564453125,4369.82275390625,4278.536409774399,1007.1425170898438,0.5201173284832098,3528439383.0461974,0.9992900248929779,not_applicable_whole_cells,0.08916223516606601
continuous_energy,440_ComptonOnly,700,10690.0732421875,10.581375122070312,-243.77364139491195,33.021383391143274,-58.5,2166.549560546875,4466.3984375,4406.285604806136,1010.2725830078125,0.5249692701427825,3528365524.6715913,0.999269107447902,not_applicable_whole_cells,0.08750751590876754
continuous_energy,440_ComptonOnly,750,10815.6845703125,10.676872253417969,-243.77364139491195,33.021383391143274,-58.5,2192.182373046875,4624.1865234375,4534.7308215450485,1013.001220703125,0.5298100646068099,3528307697.619524,0.9992527302368954,not_applicable_whole_cells,0.08604841973119334
continuous_energy,440_ComptonOnly,800,11503.4130859375,11.328900337219238,110.91177421627194,-134.06930424298739,-58.5,2218.01123046875,4750.35546875,4662.9209323250425,1015.4042358398438,0.5347244650474806,3528262134.7381296,0.9992398263641233,not_applicable_whole_cells,0.08474705490432524
continuous_energy,440_ComptonOnly,850,12254.0341796875,12.042790412902832,110.91177421627194,-134.06930424298739,-58.5,2236.259033203125,4880.85791015625,4782.931867431299,1017.5411376953125,0.5397756780266845,3528226036.418051,0.9992296029516585,not_applicable_whole_cells,0.08357420582901383
continuous_energy,440_ComptonOnly,900,12946.1953125,12.69908332824707,110.91177421627194,-134.06930424298739,-58.5,2264.292724609375,5005.07177734375,4929.193218952004,1019.4590454101562,0.5450096830971686,3528197276.437614,0.9992214578318345,not_applicable_whole_cells,0.08250713085145774
continuous_energy,440_ComptonOnly,950,13584.669921875,13.302719116210938,110.91177421627194,-134.06930424298739,-58.5,2284.06787109375,5117.07470703125,5004.925645957513,1021.1950073242188,0.550458874613082,3528174244.837658,0.9992149350477947,not_applicable_whole_cells,0.08152798307930846
continuous_energy,440_ComptonOnly,1000,14173.7890625,13.85811710357666,110.91177421627194,-134.06930424298739,-58.5,2315.967529296875,5248.57080078125,5088.362063529093,1022.7788696289062,0.5561450597172835,3528155677.9646597,0.9992096767199714,not_applicable_whole_cells,0.0806226497618842
continuous_energy,440_ComptonOnly,1050,14717.4970703125,14.369266510009766,110.91177421627194,-134.06930424298739,-58.5,2342.01708984375,5306.373046875,5174.996713592156,1024.234375,0.562081432777532,3528140607.8886523,0.9992054087207247,not_applicable_whole_cells,0.07977988252601803
continuous_energy,440_ComptonOnly,1100,15219.361328125,14.839750289916992,110.91177421627194,-134.06930424298739,-58.5,2363.685302734375,5376.044921875,5263.169198972909,1025.5806884765625,0.5682749637954012,3528128268.721193,0.9992019141426354,not_applicable_whole_cells,0.07899065725855653
continuous_energy,440_ComptonOnly,1150,15682.646484375,15.272819519042969,110.91177421627194,-134.06930424298739,-58.5,2382.5732421875,5448.134765625,5340.029137196946,1026.833740234375,0.5747272112985747,3528118058.005288,0.9991990223637374,not_applicable_whole_cells,0.0782476714921989
continuous_energy,440_ComptonOnly,1200,16110.3232421875,15.671431541442871,110.91177421627194,-134.06930424298739,-58.5,2399.4267578125,5514.98974609375,5449.31345768281,1028.005859375,0.5814363461571345,3528109499.3006287,0.9991965984512754,not_applicable_whole_cells,0.0775449799170177
continuous_energy,440_ComptonOnly,1250,16505.123046875,16.038284301757812,110.91177421627194,-134.06930424298739,-58.5,2423.46240234375,5610.67529296875,5530.695693298725,1029.1077880859375,0.5883971687872926,3528102227.003942,0.9991945388626731,not_applicable_whole_cells,0.07687770646691901
continuous_energy,440_ComptonOnly,1300,16869.578125,16.375877380371094,110.91177421627194,-134.06930424298739,-58.5,2449.858154296875,5739.07373046875,5616.800037653653,1030.1480712890625,0.5956026284240985,3528095926.6581755,0.9991927545404857,not_applicable_whole_cells,0.07624182389377517
continuous_energy,440_ComptonOnly,1350,17206.01171875,16.68649673461914,110.91177421627194,-134.06930424298739,-58.5,2475.857666015625,5835.95263671875,5713.347479995536,1031.1339111328125,0.6030440334843565,3528090368.668469,0.999191180461107,not_applicable_whole_cells,0.07563398606004602
continuous_energy,440_ComptonOnly,1400,17516.56640625,16.97224235534668,110.91177421627194,-134.06930424298739,-58.5,2503.6884765625,5914.4853515625,5800.908597764669,1032.0714111328125,0.6107115911107264,3528085358.1751423,0.9991897614382876,not_applicable_whole_cells,0.07505139442925146
continuous_energy,440_ComptonOnly,1450,17803.23046875,17.235071182250977,110.91177421627194,-134.06930424298739,-58.5,2538.472412109375,5990.826171875,5895.582816244526,1032.96533203125,0.6185951705331048,3528080741.5048733,0.9991884539501754,not_applicable_whole_cells,0.07449169544718257
continuous_energy,440_ComptonOnly,1500,18067.87109375,17.476802825927734,110.91177421627194,-134.06930424298739,-58.5,2561.266357421875,6088.97216796875,5971.324818071648,1033.8201904296875,0.6266837327187036,3528076413.7701044,0.999187228291544,not_applicable_whole_cells,0.07395289179503632
continuous_energy,440_ComptonOnly,1550,18312.205078125,17.699119567871094,110.91177421627194,-134.06930424298739,-58.5,2583.880615234375,6202.77490234375,6044.600148244555,1034.6392822265625,0.6349667552132462,3528072256.9058566,0.9991860510251873,not_applicable_whole_cells,0.07343328744147687
continuous_energy,440_ComptonOnly,1600,18537.810546875,17.903560638427734,110.91177421627194,-134.06930424298739,-58.5,2615.911865234375,6290.8974609375,6140.6012823601495,1035.4259033203125,0.6434332141544732,3528068209.7068577,0.9991849048171476,not_applicable_whole_cells,0.07293142508545922
continuous_energy,440_ComptonOnly,1650,18746.197265625,18.091596603393555,110.91177421627194,-134.06930424298739,-58.5,2640.868896484375,6414.927734375,6211.169035514895,1036.1826171875,0.6520726265749714,3528064206.6718106,0.9991837711167896,not_applicable_whole_cells,0.07244605150541811
continuous_energy,440_ComptonOnly,1700,18938.740234375,18.26456642150879,110.91177421627194,-134.06930424298739,-58.5,2666.0390625,6501.7392578125,6290.583804100451,1036.91162109375,0.660874660657988,3528060212.5588393,0.9991826399432544,not_applicable_whole_cells,0.07197608058611238
continuous_energy,440_ComptonOnly,1750,19116.732421875,18.42373275756836,110.91177421627194,-134.06930424298739,-58.5,2693.22900390625,6555.7421875,6403.703128591863,1037.614501953125,0.6698297133528891,3528056179.7906237,0.9991814978221598,not_applicable_whole_cells,0.0715205603165768
continuous_energy,440_ComptonOnly,1800,19281.380859375,18.57025718688965,110.91177421627194,-134.06930424298739,-58.5,2723.310546875,6629.375,6483.0307121103615,1038.293701171875,0.678927735770663,3528052088.261683,0.9991803390594284,not_applicable_whole_cells,0.071078659116149
continuous_energy,440_ComptonOnly,1850,19433.814453125,18.705244064331055,110.91177421627194,-134.06930424298739,-58.5,2749.333984375,6701.3896484375,6550.67827311427,1038.9500732421875,0.6881603378373059,3528047919.1867065,0.9991791583348687,not_applicable_whole_cells,0.07064964303148034
continuous_energy,440_ComptonOnly,1900,19575.07421875,18.829696655273438,110.91177421627194,-134.06930424298739,-58.5,2776.347412109375,6773.20849609375,6615.313980591262,1039.585205078125,0.6975185297997413,3528043669.680004,0.9991779548312237,not_applicable_whole_cells,0.07023285950195829
continuous_energy,440_ComptonOnly,1950,19706.138671875,18.944564819335938,110.91177421627194,-134.06930424298739,-58.5,2810.01513671875,6868.294921875,6679.279706059903,1040.2000732421875,0.7069945392256762,3528039323.5797977,0.9991767239713132,not_applicable_whole_cells,0.06982772482890937
continuous_energy,440_ComptonOnly,2000,19827.904296875,19.050718307495117,110.91177421627194,-134.06930424298739,-58.5,2841.4443359375,6907.8544921875,6753.041204760751,1040.795654296875,0.7165807080717572,3528034877.309756,0.9991754647422835,not_applicable_whole_cells,0.06943370889504544
angular,440_SinglePlusCompton,50,561.4468994140625,1.5475103855133057,27.239429984372798,-53.46039145130208,1.5,505.2381896972656,545.0763549804688,543.9202716129047,362.8065490722656,0.2265330957917541,3397043897.2928295,0.9620774830365975,not_applicable_whole_cells,0.45389927533380947
angular,440_SinglePlusCompton,100,820.4138793945312,1.871445894241333,24.515486985935517,-48.114352306171874,1.5,682.0262451171875,780.9893188476562,774.7044244034497,438.3850402832031,0.28709373218978546,3437685727.3110366,0.9735876638620727,not_applicable_whole_cells,0.41486796077903737
angular,440_SinglePlusCompton,150,1065.5572509765625,2.1478846073150635,24.515486985935517,-48.114352306171874,1.5,832.9503784179688,996.7537841796875,989.3219952190534,496.09613037109375,0.3325988593312606,3457899156.3945208,0.9793123131642719,not_applicable_whole_cells,0.3827810549372077
angular,440_SinglePlusCompton,200,1294.5386962890625,2.3917384147644043,31.740403623793537,-43.68691769624717,1.5,952.2544555664062,1190.884521484375,1177.0909824458524,541.2542724609375,0.36632258897530534,3469127539.93625,0.9824923059176789,not_applicable_whole_cells,0.3565832511520884
angular,440_SinglePlusCompton,250,1507.761474609375,2.6115434169769287,31.740403623793537,-43.68691769624717,1.5,1046.109130859375,1362.706787109375,1342.206223778137,577.344970703125,0.39071358420673163,3475508834.248966,0.9842995535590138,not_applicable_whole_cells,0.33508622257065707
angular,440_SinglePlusCompton,300,2040.649169921875,3.362746477127075,-243.77364139491195,33.021383391143274,58.5,1120.7491455078125,1518.1654052734375,1497.0606736036084,606.8400268554688,0.40832157149729537,3479135635.7410293,0.9853267007365165,not_applicable_whole_cells,0.31724000554928555
angular,440_SinglePlusCompton,350,2761.708251953125,4.373657703399658,-243.77364139491195,33.021383391143274,58.5,1185.2578125,1652.2039794921875,1629.5323766642564,631.4413452148438,0.4211936357085448,3481141903.840539,0.9858948963271037,not_applicable_whole_cells,0.3022369965495984
angular,440_SinglePlusCompton,400,3452.69482421875,5.292882919311523,-243.77364139491195,33.021383391143274,58.5,1238.53076171875,1780.92822265625,1759.203800649405,652.3278198242188,0.4308151144035235,3482165857.2922564,0.9861848903894,not_applicable_whole_cells,0.2894799449818798
angular,440_SinglePlusCompton,450,4084.708251953125,6.093506336212158,-243.77364139491195,33.021383391143274,58.5,1284.339111328125,1903.7899169921875,1882.4553780660117,670.337890625,0.4382129319110873,3482585928.411042,0.9863038588151481,not_applicable_whole_cells,0.278522054020321
angular,440_SinglePlusCompton,500,4647.88330078125,6.774526596069336,-243.77364139491195,33.021383391143274,58.5,1327.7418212890625,2022.727294921875,1997.214347163871,686.0823974609375,0.4440763598663224,3482637729.3777585,0.9863185293773145,not_applicable_whole_cells,0.2690212723599894
angular,440_SinglePlusCompton,550,5143.16845703125,7.3472394943237305,-243.77364139491195,33.021383391143274,58.5,1366.794921875,2121.3271484375,2108.6172891437914,700.0137329101562,0.44885929710677236,3482472105.499859,0.9862716230056578,not_applicable_whole_cells,0.2607110795011776
angular,440_SinglePlusCompton,600,5576.81103515625,7.827420234680176,-243.77364139491195,33.021383391143274,58.5,1401.70703125,2218.37255859375,2210.507919948356,712.4711303710938,0.45285723354162083,3482186259.2535114,0.9861906684329363,not_applicable_whole_cells,0.2533815847748821
angular,440_SinglePlusCompton,650,5957.08740234375,8.231303215026855,-243.77364139491195,33.021383391143274,58.5,1431.1552734375,2319.92431640625,2305.694836955085,723.7113647460938,0.456262591940298,3481842172.5123315,0.986093219558,not_applicable_whole_cells,0.2468664182068038
angular,440_SinglePlusCompton,700,6292.529296875,8.573735237121582,-243.77364139491195,33.021383391143274,58.5,1461.5810546875,2429.093994140625,2408.6457893158504,733.930908203125,0.4592019326181624,3481478489.089847,0.9859902207030236,not_applicable_whole_cells,0.24103303453483954
angular,440_SinglePlusCompton,750,6591.04931640625,8.8674955368042,-243.77364139491195,33.021383391143274,58.5,1488.0242919921875,2531.087646484375,2519.705121647354,743.2819213867188,0.4617606636135482,3481118407.9181695,0.9858882420422201,not_applicable_whole_cells,0.23577528534311173
angular,440_SinglePlusCompton,800,6859.55859375,9.123162269592285,-243.77364139491195,33.021383391143274,58.5,1513.649658203125,2665.863037109375,2651.8418495040833,751.8838500976562,0.46399859077926414,3480775058.350016,0.9857910019422044,not_applicable_whole_cells,0.2310076667323435
angular,440_SinglePlusCompton,850,7103.88037109375,9.349276542663574,-243.77364139491195,33.021383391143274,58.5,1542.927490234375,2798.51123046875,2788.350136054097,759.8320922851562,0.46595951719840706,3480455155.004306,0.9857004020515461,not_applicable_whole_cells,0.2266608246775774
angular,440_SinglePlusCompton,900,7328.74658203125,9.552543640136719,-243.77364139491195,33.021383391143274,58.5,1564.053955078125,2910.97314453125,2906.043764906036,767.2036743164062,0.46767753671181034,3480161387.5401855,0.9856172041091514,not_applicable_whole_cells,0.222678079974431
angular,440_SinglePlusCompton,950,7537.95947265625,9.738182067871094,-243.77364139491195,33.021383391143274,58.5,1587.667724609375,3037.034423828125,3036.131948009607,774.0623168945312,0.46918012177189244,3479894052.954832,0.9855414922276505,not_applicable_whole_cells,0.21901272762369953
angular,440_SinglePlusCompton,1000,7734.498046875,9.910164833068848,-243.77364139491195,33.021383391143274,58.5,1604.07861328125,3167.80029296875,3161.84578329586,780.4610595703125,0.47049062983447193,3479652096.3261304,0.9854729676423395,not_applicable_whole_cells,0.2156259561682265
angular,440_SinglePlusCompton,1050,7920.685546875,10.07150650024414,-243.77364139491195,33.021383391143274,58.5,1623.002197265625,3285.504638671875,3293.3579600893777,786.4449462890625,0.47162919940017606,3479433744.8861876,0.9854111282872682,not_applicable_whole_cells,0.21248524260834326
angular,440_SinglePlusCompton,1100,8098.30517578125,10.22445011138916,-243.77364139491195,33.021383391143274,58.5,1638.927734375,3405.56396484375,3436.1214044091657,792.0528564453125,0.4726136114419102,3479236939.14591,0.9853553908941175,not_applicable_whole_cells,0.20956309924430186
angular,440_SinglePlusCompton,1150,8268.69921875,10.370636940002441,-243.77364139491195,33.021383391143274,58.5,1651.33251953125,3508.965576171875,3559.0554251164262,797.318359375,0.47345977238154263,3479059566.996792,0.9853051572922142,not_applicable_whole_cells,0.20683612347988498
angular,440_SinglePlusCompton,1200,8847.3466796875,11.027877807617188,110.91177421627194,-134.06930424298739,-58.5,1663.499755859375,3640.60693359375,3668.8666783269446,802.27099609375,0.4741821008599246,3478899597.10606,0.9852598521873966,not_applicable_whole_cells,0.20428423899073314
angular,440_SinglePlusCompton,1250,9600.1826171875,11.89706802368164,110.91177421627194,-134.06930424298739,-58.5,1674.208740234375,3769.183349609375,3794.332288138048,806.9368286132812,0.4747933435157323,3478755131.103675,0.9852189379419052,not_applicable_whole_cells,0.20189011756912265
angular,440_SinglePlusCompton,1300,10362.2626953125,12.77180290222168,110.91177421627194,-134.06930424298739,-58.5,1685.3896484375,3891.40478515625,3925.8729744312745,811.3390502929688,0.4753052720537661,3478624479.9584928,0.9851819362048913,not_applicable_whole_cells,0.19963869823554597
angular,440_SinglePlusCompton,1350,11130.6376953125,13.648879051208496,110.91177421627194,-134.06930424298739,-58.5,1696.182861328125,4000.092529296875,4052.6680290491004,815.498291015625,0.4757283893181442,3478506115.384894,0.985148414150278,not_applicable_whole_cells,0.1975168251786851
angular,440_SinglePlusCompton,1400,11902.634765625,14.525447845458984,110.91177421627194,-134.06930424298739,-58.5,1701.7755126953125,4158.26806640625,4201.853982727678,819.4332275390625,0.4760723063724406,3478398691.42607,0.985117990589368,not_applicable_whole_cells,0.19551294658771268
angular,440_SinglePlusCompton,1450,12675.8388671875,15.398981094360352,110.91177421627194,-134.06930424298739,-58.5,1712.339599609375,4272.9033203125,4322.693903974203,823.160888671875,0.47634541756347826,3478301024.354572,0.9850903302784731,not_applicable_whole_cells,0.19361687082002843
angular,440_SinglePlusCompton,1500,13448.0859375,16.26726722717285,110.91177421627194,-134.06930424298739,-58.5,1723.1253662109375,4392.8583984375,4425.790423250667,826.6961059570312,0.4765558408601398,3478212085.763308,0.985065141962215,not_applicable_whole_cells,0.19181956663697236
angular,440_SinglePlusCompton,1550,14217.4638671875,17.128385543823242,110.91177421627194,-134.06930424298739,-58.5,1730.4674072265625,4493.74658203125,4528.199460224834,830.052734375,0.4767105743822752,3478130959.012108,0.985042166038747,not_applicable_whole_cells,0.19011299779081933
angular,440_SinglePlusCompton,1600,14982.2919921875,17.98068618774414,110.91177421627194,-134.06930424298739,-58.5,1736.069580078125,4617.9501953125,4686.213623582611,833.24365234375,0.47681605969704943,3478056854.4967804,0.985021178884108,not_applicable_whole_cells,0.18848998714505383
angular,440_SinglePlusCompton,1650,15741.1220703125,18.822792053222656,110.91177421627194,-134.06930424298739,-58.5,1738.806640625,4746.10009765625,4833.7537225925635,836.2799072265625,0.4768784106393336,3477989072.20127,0.9850019822466106,not_applicable_whole_cells,0.18694411326553198
angular,440_SinglePlusCompton,1700,16492.7265625,19.653566360473633,110.91177421627194,-134.06930424298739,-58.5,1749.2777099609375,4839.9814453125,4947.348561305282,839.1722412109375,0.4769028259368428,3477926998.7835073,0.9849844024215244,not_applicable_whole_cells,0.18546959075136665
angular,440_SinglePlusCompton,1750,17236.0234375,20.472034454345703,110.91177421627194,-134.06930424298739,-58.5,1755.2982177734375,4925.78759765625,5033.093045599344,841.93017578125,0.47689439259328426,3477870092.0855727,0.9849682858641963,not_applicable_whole_cells,0.18406120612345256
angular,440_SinglePlusCompton,1800,17970.12109375,21.27743148803711,110.91177421627194,-134.06930424298739,-58.5,1761.37939453125,5009.4345703125,5130.357650438567,844.5625,0.47685760789378745,3477817874.3307633,0.9849534972633904,not_applicable_whole_cells,0.18271424443444426
angular,440_SinglePlusCompton,1850,18694.2890625,22.06916618347168,110.91177421627194,-134.06930424298739,-58.5,1767.34375,5101.81689453125,5233.054605032996,847.0772705078125,0.4767967593648715,3477769924.750076,0.9849399174530332,not_applicable_whole_cells,0.18142443107499268
angular,440_SinglePlusCompton,1900,19407.90234375,22.846750259399414,110.91177421627194,-134.06930424298739,-58.5,1770.1588134765625,5169.0302734375,5327.240193474077,849.48193359375,0.4767157602375989,3477725862.7199244,0.9849274386366426,not_applicable_whole_cells,0.180187877992144
angular,440_SinglePlusCompton,1950,20110.5,23.609874725341797,110.91177421627194,-134.06930424298739,-58.5,1775.86181640625,5273.28369140625,5409.758991179548,851.783447265625,0.47661816529828127,3477685349.0026965,0.984915964738666,not_applicable_whole_cells,0.17900105029581798
angular,440_SinglePlusCompton,2000,20801.7109375,24.358320236206055,110.91177421627194,-134.06930424298739,-58.5,1781.2349853515625,5374.71044921875,5484.088627450255,853.9879150390625,0.47650738600165327,3477648077.1357903,0.984905408965769,not_applicable_whole_cells,0.17786070386095068
continuous_energy,440_SinglePlusCompton,50,571.1297607421875,1.544656753540039,27.239429984372798,-53.46039145130208,1.5,516.0166625976562,555.2335815429688,554.4480447948483,369.74542236328125,0.22836068518031552,3400036852.9044995,0.9629251185952696,not_applicable_whole_cells,0.45087189852151194
continuous_energy,440_SinglePlusCompton,100,858.8936157226562,1.8780279159545898,24.515486985935517,-48.114352306171874,1.5,719.9296264648438,817.732421875,814.1818761913165,457.3380432128906,0.2947451206798748,3450718054.3164177,0.9772785518053928,not_applicable_whole_cells,0.4068429919058609
continuous_energy,440_SinglePlusCompton,150,1140.122314453125,2.162632465362549,24.515486985935517,-48.114352306171874,1.5,901.4818725585938,1070.750732421875,1059.628859975282,527.19189453125,0.34607129923524277,3479411118.101045,0.9854047201509127,not_applicable_whole_cells,0.36918456226266805
continuous_energy,440_SinglePlusCompton,200,1407.0592041015625,2.4130730628967285,31.740403623793537,-43.68691769624717,1.5,1047.483642578125,1299.142578125,1282.519194695764,583.0984497070312,0.3841688399573559,3497192931.2944074,0.9904407110294912,not_applicable_whole_cells,0.3374971600487176
continuous_energy,440_SinglePlusCompton,250,1655.173828125,2.63485050201416,31.740403623793537,-43.68691769624717,1.5,1162.4215087890625,1499.4171142578125,1478.281569154382,628.1851196289062,0.4111826108838891,3508394520.903996,0.9936131154680061,not_applicable_whole_cells,0.31093677957863847
continuous_energy,440_SinglePlusCompton,300,1882.21142578125,2.830169439315796,31.740403623793537,-43.68691769624717,1.5,1257.458984375,1675.0997314453125,1647.8856414460738,665.0525512695312,0.4298664188253891,3515457073.4529176,0.9956133023909643,not_applicable_whole_cells,0.288576660519368
continuous_energy,440_SinglePlusCompton,350,2090.502197265625,3.0049946308135986,31.740403623793537,-43.68691769624717,1.5,1333.4991455078125,1830.0498046875,1801.5024744677628,695.6758422851562,0.44259263044864283,3519869676.8508472,0.9968629966837292,not_applicable_whole_cells,0.2695968369546853
continuous_energy,440_SinglePlusCompton,400,2282.937744140625,3.1641411781311035,31.740403623793537,-43.68691769624717,1.5,1395.727294921875,1967.2572021484375,1926.0167893156001,721.5031127929688,0.451148822187296,3522563562.454964,0.9976259325656185,not_applicable_whole_cells,0.2533311389229497
continuous_energy,440_SinglePlusCompton,450,2473.281005859375,3.3261306285858154,27.239429984372798,-53.46039145130208,1.5,1442.58251953125,2083.226806640625,2043.9800669803108,743.591064453125,0.4568132912462583,3524132068.9689927,0.9980701496098391,not_applicable_whole_cells,0.23925564768972946
continuous_energy,440_SinglePlusCompton,500,2666.767333984375,3.496401786804199,27.239429984372798,-53.46039145130208,1.5,1483.2691650390625,2211.13330078125,2162.3901215397746,762.7176513671875,0.4604802308127019,3524960628.71667,0.9983048061820505,not_applicable_whole_cells,0.22696181356227355
continuous_energy,440_SinglePlusCompton,550,2856.28759765625,3.664431095123291,27.239429984372798,-53.46039145130208,1.5,1522.7437744140625,2315.598388671875,2277.0493747133123,779.4627685546875,0.4627699867775641,3525304108.996994,0.9984020833010864,not_applicable_whole_cells,0.21613049635595935
continuous_energy,440_SinglePlusCompton,600,3042.815673828125,3.8309857845306396,27.239429984372798,-53.46039145130208,1.5,1554.415771484375,2425.2177734375,2387.7777001773184,794.264404296875,0.46411159475573627,3525332970.07995,0.9984102570541751,not_applicable_whole_cells,0.20651122505023498
continuous_energy,440_SinglePlusCompton,650,3227.035400390625,3.9965386390686035,27.239429984372798,-53.46039145130208,1.5,1578.387451171875,2514.309814453125,2486.3247249188494,807.4575805664062,0.46480195413467823,3525161495.2269907,0.998361693626699,not_applicable_whole_cells,0.19790646389685657
continuous_energy,440_SinglePlusCompton,700,3409.417236328125,4.161374092102051,27.239429984372798,-53.46039145130208,1.5,1603.7685546875,2608.007080078125,2566.0904548230365,819.30078125,0.46504792666908235,3524865942.576416,0.9982779901012909,not_applicable_whole_cells,0.1901596279329541
continuous_energy,440_SinglePlusCompton,750,3590.284423828125,4.325657367706299,27.239429984372798,-53.46039145130208,1.5,1623.271240234375,2686.318359375,2645.589223168233,829.9973754882812,0.4649931754390519,3524496808.7511845,0.9981734476366599,not_applicable_whole_cells,0.183145758476629
continuous_energy,440_SinglePlusCompton,800,3769.874267578125,4.489503860473633,27.239429984372798,-53.46039145130208,1.5,1639.303466796875,2754.609375,2730.9695632832395,839.7084350585938,0.4647385774292268,3524087286.230334,0.9980574666814475,not_applicable_whole_cells,0.17676422837748262
continuous_energy,440_SinglePlusCompton,850,3948.3544921875,4.652982711791992,27.239429984372798,-53.46039145130208,1.5,1656.0672607421875,2828.718505859375,2808.8819760960864,848.564208984375,0.4643545695149694,3523659089.5500784,0.997936197013807,not_applicable_whole_cells,0.17093310525229677
continuous_energy,440_SinglePlusCompton,900,4125.8603515625,4.816152572631836,27.239429984372798,-53.46039145130208,1.5,1668.107666015625,2903.599609375,2877.885675099168,856.6714477539062,0.46389020002913994,3523226384.6639333,0.9978136505762729,not_applicable_whole_cells,0.16558486284591062
continuous_energy,440_SinglePlusCompton,950,4302.48828125,4.9790496826171875,27.239429984372798,-53.46039145130208,1.5,1678.243408203125,2987.73876953125,2940.2884351185194,864.1183471679688,0.46337975443071144,3522798372.7132916,0.9976924332259434,not_applicable_whole_cells,0.160663164829282
continuous_energy,440_SinglePlusCompton,1000,4478.3125,5.141695976257324,27.239429984372798,-53.46039145130208,1.5,1689.5311279296875,3046.67431640625,3004.4922336943528,870.9796142578125,0.4628466944589853,3522380956.6316895,0.9975742167338083,not_applicable_whole_cells,0.1561204681972748
continuous_energy,440_SinglePlusCompton,1050,4653.3828125,5.304098129272461,27.239429984372798,-53.46039145130208,1.5,1698.981689453125,3106.83740234375,3064.356650381312,877.3184204101562,0.4623070428972898,3521977847.791354,0.9974600521983401,not_applicable_whole_cells,0.15191623720585315
continuous_energy,440_SinglePlusCompton,1100,4827.73974609375,5.466257095336914,27.239429984372798,-53.46039145130208,1.5,1708.2252197265625,3174.151611328125,3123.938333770221,883.1892700195312,0.46177139692801183,3521591260.518382,0.9973505667392764,not_applicable_whole_cells,0.14801559822191898
continuous_energy,440_SinglePlusCompton,1150,5001.40380859375,5.628161430358887,27.239429984372798,-53.46039145130208,1.5,1716.6116943359375,3263.490966796875,3190.5184071662557,888.6390380859375,0.4612468166749568,3521222394.445547,0.9972461001048553,not_applicable_whole_cells,0.14438832184006217
continuous_energy,440_SinglePlusCompton,1200,5174.376953125,5.789778232574463,27.239429984372798,-53.46039145130208,1.5,1726.53564453125,3307.487548828125,3251.9423393606867,893.708984375,0.46073758575022017,3520871734.5132146,0.9971467896351351,not_applicable_whole_cells,0.14100802662129774
continuous_energy,440_SinglePlusCompton,1250,5346.666015625,5.951088905334473,27.239429984372798,-53.46039145130208,1.5,1735.4207763671875,3369.80908203125,3299.7771186657437,898.4348754882812,0.4602466569705333,3520539282.0924673,0.9970526357184204,not_applicable_whole_cells,0.13785156172375845
continuous_energy,440_SinglePlusCompton,1300,5518.25634765625,6.112051010131836,27.239429984372798,-53.46039145130208,1.5,1744.37939453125,3433.125732421875,3357.268737114669,902.8485107421875,0.45977540972413294,3520224714.5364943,0.9969635469778431,not_applicable_whole_cells,0.13489850723230012
continuous_energy,440_SinglePlusCompton,1350,5689.12353515625,6.2726149559021,27.239429984372798,-53.46039145130208,1.5,1750.475341796875,3491.721435546875,3420.1501994837713,906.9779663085938,0.45932476653485577,3519927503.3101087,0.9968793737268471,not_applicable_whole_cells,0.13213077386687494
continuous_energy,440_SinglePlusCompton,1400,5859.25439453125,6.43274450302124,27.239429984372798,-53.46039145130208,1.5,1756.0247802734375,3536.19775390625,3475.325032604737,910.8482666015625,0.4588950541762171,3519646939.4194574,0.9967999151711411,not_applicable_whole_cells,0.12953228014392118
continuous_energy,440_SinglePlusCompton,1450,6028.62109375,6.592390537261963,27.239429984372798,-53.46039145130208,1.5,1760.0509033203125,3587.24853515625,3522.927561205417,914.4818115234375,0.4584862913447157,3519382274.487943,0.996724959362839,not_applicable_whole_cells,0.1270886711465076
continuous_energy,440_SinglePlusCompton,1500,6197.18994140625,6.751498699188232,27.239429984372798,-53.46039145130208,1.5,1764.9288330078125,3640.013916015625,3564.7762509314275,917.8984375,0.45809845275382793,3519132699.8034086,0.9966542772664087,not_applicable_whole_cells,0.1247871012565769
continuous_energy,440_SinglePlusCompton,1550,6364.93310546875,6.9100213050842285,27.239429984372798,-53.46039145130208,1.5,1771.6126708984375,3699.834228515625,3630.1919919241896,921.1162719726562,0.4577313995648829,3518897383.2633996,0.9965876332219472,not_applicable_whole_cells,0.1226160326685314
continuous_energy,440_SinglePlusCompton,1600,6531.826171875,7.067918300628662,27.239429984372798,-53.46039145130208,1.5,1776.46826171875,3770.636962890625,3671.2110128686936,924.1513671875,0.45738508777584164,3518675517.888827,0.996524798684745,not_applicable_whole_cells,0.12056508119515874
continuous_energy,440_SinglePlusCompton,1650,6697.83642578125,7.225139141082764,27.239429984372798,-53.46039145130208,1.5,1779.4710693359375,3840.59423828125,3717.755305551527,927.018310546875,0.4570593236832534,3518466315.5544434,0.9964655504496929,not_applicable_whole_cells,0.11862487584115818
continuous_energy,440_SinglePlusCompton,1700,6862.9296875,7.381633758544922,27.239429984372798,-53.46039145130208,1.5,1783.19287109375,3909.509765625,3764.4929800967334,929.73046875,0.4567540996004386,3518269002.715599,0.9964096694410556,not_applicable_whole_cells,0.11678693277878803
continuous_energy,440_SinglePlusCompton,1750,7027.0791015625,7.537360668182373,27.239429984372798,-53.46039145130208,1.5,1783.7279052734375,3970.826416015625,3809.5591875456257,932.2996826171875,0.45646953890977804,3518082862.4655757,0.9963569526235375,not_applicable_whole_cells,0.11504356247107608
continuous_energy,440_SinglePlusCompton,1800,7190.2744140625,7.692297458648682,27.239429984372798,-53.46039145130208,1.5,1786.0465087890625,4023.67822265625,3852.7140470929385,934.7369384765625,0.4562056268703399,3517907206.7388663,0.9963072051299687,not_applicable_whole_cells,0.11338777889396952
continuous_energy,440_SinglePlusCompton,1850,7358.2021484375,7.852499961853027,27.239429984372798,-53.46039145130208,4.5,1788.547607421875,4075.11572265625,3900.36926441892,937.0521850585938,0.45596246071447016,3517741392.8292036,0.9962602449393784,not_applicable_whole_cells,0.11181321666842176
continuous_energy,440_SinglePlusCompton,1900,7536.64453125,8.02407169342041,27.239429984372798,-53.46039145130208,4.5,1787.66064453125,4124.7451171875,3945.891823632374,939.2543334960938,0.4557404071274697,3517584804.6277356,0.996215897563455,not_applicable_whole_cells,0.1103140743849392
continuous_energy,440_SinglePlusCompton,1950,7715.0693359375,8.195734977722168,27.239429984372798,-53.46039145130208,4.5,1790.2674560546875,4178.58447265625,3984.1740827451067,941.3516845703125,0.45553959753631984,3517436884.1592946,0.9961740049779394,not_applicable_whole_cells,0.10888504851003261
continuous_energy,440_SinglePlusCompton,2000,7893.44482421875,8.367445945739746,27.239429984372798,-53.46039145130208,4.5,1792.331298828125,4223.78076171875,4020.750745883815,943.351806640625,0.45536021381123915,3517297100.4593887,0.9961344168082716,not_applicable_whole_cells,0.10752128599483
