view,window218,measured440to218,window440,modeled218_background_from_final440_200
1,1114,469,581,340.37373283319175
2,1103,469,614,347.7972947661765
3,1131,463,622,365.3882115967572
4,1151,490,599,388.7106031421572
5,1117,480,615,415.7425705008209
6,1186,500,651,429.8561256653629
7,1205,539,608,414.3641073941253
8,1154,505,628,388.2825010828674
9,1163,485,581,363.66705075092614
10,1147,486,586,350.3629845730029
11,1157,495,620,344.63766423566267
12,1133,493,584,352.30640221899375
13,1116,519,631,369.85511163575575
14,1083,477,647,392.6372719942592
15,1155,506,635,418.8210365669802
16,1157,493,568,429.9562454270199
17,1261,581,624,412.7700181393884
18,1124,486,625,385.209414944984
19,1160,475,549,359.46668195864186
20,1112,458,603,346.17846438195556
