channel,energy_keV,iteration,saved_frame_index,fixed_scale,native_max_density,display_max,display_pixels_above_10
218_SinglePhoton_CrossTalkCorrected,218,100,1,415.22638574679667,250.29000854492188,0.6014174818992615,0
218_SinglePhoton_CrossTalkCorrected,218,500,9,415.22638574679667,819.8984985351562,1.964455485343933,0
218_SinglePhoton_CrossTalkCorrected,218,1000,19,415.22638574679667,1556.369140625,3.6910455226898193,0
218_SinglePhoton_CrossTalkCorrected,218,2000,39,415.22638574679667,2744.77587890625,6.4421491622924805,0
218_SinglePhoton_CrossTalkCorrected,218,5000,99,415.22638574679667,6408.27392578125,14.262778282165527,37
218_SinglePhoton_CrossTalkCorrected,218,10000,199,415.22638574679667,10589.8916015625,22.14788246154785,76
440_SinglePhoton,440,100,1,943.351806640625,635.838134765625,0.6690418720245361,0
440_SinglePhoton,440,500,9,943.351806640625,1294.9547119140625,1.3540120124816895,0
440_SinglePhoton,440,1000,19,943.351806640625,3123.90380859375,3.2405893802642822,0
440_SinglePhoton,440,2000,39,943.351806640625,7603.22802734375,7.754560947418213,0
440_SinglePhoton,440,5000,99,943.351806640625,18568.900390625,18.909679412841797,99
440_SinglePhoton,440,10000,199,943.351806640625,33085.5703125,34.62063980102539,205
440_ComptonOnly,440,100,1,943.351806640625,2984.593017578125,2.6634273529052734,0
440_ComptonOnly,440,500,9,943.351806640625,9945.927734375,8.875667572021484,0
440_ComptonOnly,440,1000,19,943.351806640625,14173.7890625,11.489429473876953,4
440_ComptonOnly,440,2000,39,943.351806640625,19827.904296875,16.072717666625977,44
440_ComptonOnly,440,5000,99,943.351806640625,33532.90625,31.18855857849121,732
440_ComptonOnly,440,10000,199,943.351806640625,106175.3359375,97.37277221679688,2287
440_SinglePlusCompton,440,100,1,943.351806640625,858.8936157226562,0.9084974527359009,0
440_SinglePlusCompton,440,500,9,943.351806640625,2666.767333984375,2.8196263313293457,0
440_SinglePlusCompton,440,1000,19,943.351806640625,4478.3125,4.677060604095459,0
440_SinglePlusCompton,440,2000,39,943.351806640625,7893.44482421875,8.07735538482666,0
440_SinglePlusCompton,440,5000,99,943.351806640625,18152.724609375,17.998411178588867,104
440_SinglePlusCompton,440,10000,199,943.351806640625,32457.998046875,31.874773025512695,224
