view,expected218direct,sampled218direct,expected440,sampled440,expected_cross,sampled_cross,estimated_fixed_cross_from_new440200
1,663.5054615732489,647,583.7435058858221,600,365.87370992147885,375,336.6394693860784
2,664.5347194977938,688,585.2525929359425,555,366.97143694768977,379,339.05168605362996
3,667.8038573571838,663,589.5120290490971,583,369.9204121195532,359,352.00913372728974
4,676.8115485197086,658,598.1199719175124,604,375.5471907135511,376,376.40521052246913
5,684.544511153325,686,606.1999604728162,565,380.90799195264293,379,405.42815277026966
6,684.9787961089445,700,608.6490217009275,638,382.5367599138902,349,421.7081185807474
7,684.2446194369552,657,608.4299035151926,607,382.0968055501537,400,409.8277046903968
8,676.6095060230352,631,602.4043928480796,603,377.9246037079778,375,383.1582933352329
9,667.8398080456564,650,595.2357506883487,592,373.14637327084154,346,357.8198506999761
10,665.3120161264616,689,591.701382263528,589,370.61406433827204,361,346.0219278507866
11,664.314100221241,655,590.411291341463,562,369.61921109460695,398,340.7149042095989
12,665.3937467913627,675,592.3280129049066,597,370.9650232858251,386,343.6761610163376
13,667.9192385930902,651,596.3415925287129,632,373.7665031260096,389,356.4852600824088
14,676.4971462252871,702,603.7238113637873,582,378.67070808553973,362,380.56692816875875
15,684.1301067049432,702,609.5275946101285,589,382.71467712545456,395,408.6894585820846
16,684.9712116529661,691,609.4171818724429,635,382.96666717199344,391,421.6187915778719
17,684.7814353873474,710,606.6596216881932,623,381.16080385583587,404,407.3052045092918
18,677.1755569776202,653,598.4088520674475,616,375.70516990994435,352,379.20696612866595
19,667.9335663779725,715,589.7350704063339,570,370.0487799858269,355,353.70662613445893
20,664.5948067004078,660,585.3412150977058,579,367.02385378594334,355,341.1658685589209
