channel,diameter_mm,peak_cnr_iteration,peak_cnr,final200_cnr,final200_crc
440_SinglePhoton,13,180,3.1703249594205785,3.164960344489881,1.126176639249582
440_SinglePhoton,22,10,1.4683705957924293,0.37070624148387654,0.10445187106292411
440_SinglePhoton,37,20,5.5442914763115105,1.7726978228458006,0.49130753487068307
218_SinglePhoton_CrossTalkCorrected,10,200,-0.12236719194535968,-0.12236719194535968,-0.04421081981347186
218_SinglePhoton_CrossTalkCorrected,17,30,2.630145810359442,1.5049713815774473,0.31709897324266234
218_SinglePhoton_CrossTalkCorrected,28,30,6.7685116479556955,2.7688549015351196,0.682645715424499
440SinglePlus218Single,10,200,-0.450752885264521,-0.450752885264521,-0.41144249734868343
440SinglePlus218Single,13,170,2.539657735840286,2.5302834131210505,1.0878944432451847
440SinglePlus218Single,17,70,0.8955388212197344,0.6681362441239757,0.4999357945088214
440SinglePlus218Single,22,10,1.2271208944152066,0.2774209837144228,0.08976866276636679
440SinglePlus218Single,28,10,2.8480532969646877,0.6894034895625812,0.6087313336464033
440SinglePlus218Single,37,20,5.637089062082527,1.6773322624338738,0.5356786088844456
