response,view,scope,predicted,observed,standard_error,relative_bias,adequate,status
A218,1,view_total,663.4323679717127,645.0,25.701275368268313,0.028577314684825838,True,PASSED
A218,2,view_total,664.496045685244,634.0,32.11783858785574,0.0481010184309842,True,PASSED
A218,3,view_total,667.648883057205,668.0,21.48901528171493,0.0005256241658607606,True,PASSED
A218,4,view_total,676.7439366982851,661.0,24.74087935201801,0.02381836111692148,True,PASSED
A218,5,view_total,684.449118559111,637.0,19.382122346808842,0.07448841218070794,True,PASSED
A218,6,view_total,685.0747402958046,686.0,36.85406656289401,0.001348775079001975,True,PASSED
A218,7,view_total,684.3377406506833,666.0,18.571184369578827,0.027534145121146034,True,PASSED
A218,8,view_total,676.638599271093,649.0,17.60366123534786,0.042586439554842793,True,PASSED
A218,9,view_total,667.843720687877,678.0,31.510139461590597,0.014979762997231633,True,PASSED
A218,10,view_total,665.3426253691246,661.0,36.64999621039846,0.006569781193834436,True,PASSED
A218,11,view_total,664.3319021866787,662.0,27.23559762108733,0.003522510856010105,True,PASSED
A218,12,view_total,665.4319511510678,640.0,33.59894178227774,0.0397374236735434,True,PASSED
A218,13,view_total,668.0157394906166,597.0,23.240290684737815,0.11895433750522047,True,HOLD
A218,14,view_total,676.6105343564326,606.0,17.397317800933187,0.11651903359147293,True,HOLD
A218,15,view_total,684.0991500995099,649.0,23.96525262402492,0.054081895376748644,True,PASSED
A218,16,view_total,684.8630863342087,664.0,32.700662582481925,0.03142031074429017,True,PASSED
A218,17,view_total,684.7170082502025,680.0,24.494897427831784,0.006936776838533125,True,PASSED
A218,18,view_total,677.2528085301783,638.0,36.29508690350987,0.06152477826046755,True,PASSED
A218,19,view_total,667.9654692896609,685.0,30.523215208537042,0.024867928044290718,True,PASSED
A218,20,view_total,664.6162806367174,654.0,23.860706890897713,0.016232845010271283,True,PASSED
A218,,global,13473.911708571413,13060.0,123.55655475215478,0.03169308641435018,True,PASSED
A440,1,view_total,583.770260415662,581.0,18.823743871327334,0.004768090216285802,True,PASSED
A440,2,view_total,585.2667633669616,614.0,28.759539480163994,0.046796802333938695,True,PASSED
A440,3,view_total,589.5689462892407,622.0,21.333333333333336,0.052139957734339756,True,PASSED
A440,4,view_total,598.1448309133455,599.0,24.740879352018013,0.0014276612465017385,True,PASSED
A440,5,view_total,606.2351059361314,615.0,14.240006242195888,0.014251860266453024,True,PASSED
A440,6,view_total,608.613552707077,651.0,33.67986539957269,0.06510975006593392,True,PASSED
A440,7,view_total,608.3954535974053,608.0,29.955522584881297,0.0006504171009955945,True,PASSED
A440,8,view_total,602.3936162261488,628.0,11.623730516108465,0.040774496455177126,True,PASSED
A440,9,view_total,595.2342998225465,581.0,23.44970978261541,0.024499655460493146,True,PASSED
A440,10,view_total,591.6900564292398,586.0,20.28683207293725,0.009709993906552566,True,PASSED
A440,11,view_total,590.4047088615939,620.0,15.20233900132184,0.04773434054581626,True,PASSED
A440,12,view_total,592.3138635420362,584.0,26.549743668986505,0.014236067708966075,True,PASSED
A440,13,view_total,596.3057463469595,631.0,19.632739096836296,0.054982969339208404,True,PASSED
A440,14,view_total,603.6817115344163,647.0,15.779733838059501,0.06695253240430246,True,PASSED
A440,15,view_total,609.5390694967383,635.0,21.147629234082533,0.040095953548443614,True,PASSED
A440,16,view_total,609.4572049221533,568.0,19.252705437591533,0.07298803683477698,True,PASSED
A440,17,view_total,606.6833683379981,624.0,29.181424837652386,0.027751012278849192,True,PASSED
A440,18,view_total,598.3804503662475,625.0,23.816427570528337,0.04259127941400402,True,PASSED
A440,19,view_total,589.7233513022916,549.0,22.874051285730353,0.07417732477648739,True,PASSED
A440,20,view_total,585.3333463753033,603.0,28.907899727698428,0.0292979330426147,True,PASSED
A440,,global,11951.135706789497,12171.0,103.66130747133506,0.018064603829636275,True,PASSED
C440to218,1,view_total,365.89047889448096,469.0,20.733762053445318,0.2198497251716824,True,HOLD
C440to218,2,view_total,366.9803222452453,469.0,25.05327656548474,0.21752596536195032,True,HOLD
C440to218,3,view_total,369.95612784356393,463.0,27.0,0.20095868716292886,True,HOLD
C440to218,4,view_total,375.5627991641758,490.0,17.448336437736536,0.2335453078282127,True,HOLD
C440to218,5,view_total,380.93007573477837,480.0,27.92848008753789,0.20639567555254507,True,HOLD
C440to218,6,view_total,382.5144676017346,500.0,29.8142396999972,0.23497106479653077,True,HOLD
C440to218,7,view_total,382.0751708417635,539.0,28.92327013938008,0.29114068489468736,True,HOLD
C440to218,8,view_total,377.9178428831559,505.0,12.133516482134198,0.2516478358749388,True,HOLD
C440to218,9,view_total,373.14546373993505,485.0,22.422706745122852,0.2306279098145669,True,HOLD
C440to218,10,view_total,370.6069703655297,486.0,46.12061481714127,0.23743421735487713,True,PASSED
C440to218,11,view_total,369.61509021980066,495.0,23.345235059857504,0.2533028480408067,True,HOLD
C440to218,12,view_total,370.95616177900445,493.0,18.740923729160798,0.24755342438335812,True,HOLD
C440to218,13,view_total,373.7440359659588,519.0,23.82575637134458,0.2798766166359175,True,HOLD
C440to218,14,view_total,378.6443020172378,477.0,20.333333333333336,0.20619643182969014,True,HOLD
C440to218,15,view_total,382.7218820618069,506.0,38.4187454245971,0.24363264414662664,True,HOLD
C440to218,16,view_total,382.991818241595,493.0,24.45176658012441,0.22314032811035495,True,HOLD
C440to218,17,view_total,381.1757237413948,581.0,35.728917637616114,0.3439316286722981,True,HOLD
C440to218,18,view_total,375.68733817844725,486.0,31.34751452135667,0.22698078564105503,True,HOLD
C440to218,19,view_total,370.0414264462953,475.0,22.81568661153014,0.22096541800779937,True,HOLD
C440to218,20,view_total,367.01891989653666,458.0,21.333333333333336,0.1986486465141121,True,HOLD
C440to218,,global,7498.176417862442,9869.0,120.66344378753105,0.2402293628673177,True,HOLD
