channel,iteration,diameter_mm,maximum_density_reduction,peak_background_reduction,extreme_spike_improved,crc_change_percentage_points,crc_cost_over_5_percentage_points
440_ComptonOnly,100,13,0.8804329165371406,0.8915258902377432,True,0.14151934454388962,False
440_ComptonOnly,100,22,0.8804329165371406,0.8915258902377432,True,0.34450974955642577,False
440_ComptonOnly,100,37,0.8804329165371406,0.8915258902377432,True,-0.5488038728768775,False
440_ComptonOnly,500,13,0.8266464642856103,0.8424805292438534,True,1.3380634039087624,False
440_ComptonOnly,500,22,0.8266464642856103,0.8424805292438534,True,1.0806406406312894,False
440_ComptonOnly,500,37,0.8266464642856103,0.8424805292438534,True,-1.0801072601518538,False
440_ComptonOnly,1000,13,0.763919572351449,0.785564327560812,True,2.615783955056341,False
440_ComptonOnly,1000,22,0.763919572351449,0.785564327560812,True,1.8899643158984063,False
440_ComptonOnly,1000,37,0.763919572351449,0.785564327560812,True,-0.5510355497683778,False
440_ComptonOnly,2000,13,0.7375948112189894,0.7613752310521558,True,4.196460895177716,False
440_ComptonOnly,2000,22,0.7375948112189894,0.7613752310521558,True,5.495833274258954,False
440_ComptonOnly,2000,37,0.7375948112189894,0.7613752310521558,True,-1.6180133275399078,False
440_SinglePlusCompton,100,13,-0.04109832183090267,-0.005471103301707636,False,0.019982880214253207,False
440_SinglePlusCompton,100,22,-0.04109832183090267,-0.005471103301707636,False,0.029248318065736977,False
440_SinglePlusCompton,100,37,-0.04109832183090267,-0.005471103301707636,False,-0.01060876340505737,False
440_SinglePlusCompton,500,13,0.614714738934621,0.6524482535046554,True,0.0683697278581974,False
440_SinglePlusCompton,500,22,0.614714738934621,0.6524482535046554,True,0.1635165272896557,False
440_SinglePlusCompton,500,37,0.614714738934621,0.6524482535046554,True,-0.12007149087932614,False
440_SinglePlusCompton,1000,13,0.7225359921351495,0.7521441527760959,True,0.09579228907036341,False
440_SinglePlusCompton,1000,22,0.7225359921351495,0.7521441527760959,True,0.19196924534946697,False
440_SinglePlusCompton,1000,37,0.7225359921351495,0.7521441527760959,True,-0.6395574575797356,False
440_SinglePlusCompton,2000,13,0.6610979054702346,0.6953380087822647,True,0.13561684905425175,False
440_SinglePlusCompton,2000,22,0.6610979054702346,0.6953380087822647,True,0.31082277409472736,False
440_SinglePlusCompton,2000,37,0.6610979054702346,0.6953380087822647,True,-1.647419715020762,False
