group,channel,iteration,diameter_mm,hot_mean,local_background_mean,crc,cnr
angular,440_ComptonOnly,50,13,194.29720175290367,183.4315185546875,0.006581737656907604,0.3878529255719884
angular,440_ComptonOnly,50,22,211.1011678744511,197.4576873779297,0.007677301894505575,0.9679050575737741
angular,440_ComptonOnly,50,37,271.7678264518159,216.5384521484375,0.028339526231642105,1.2780436497816374
angular,440_ComptonOnly,100,13,246.75849890993746,227.4140167236328,0.009451426699883105,0.7500840436957338
angular,440_ComptonOnly,100,22,219.69038105632225,208.73585510253906,0.005831147455823693,0.35064903646335577
angular,440_ComptonOnly,100,37,345.82007340409126,249.44100952148438,0.042931131879190315,1.657019104299789
angular,440_ComptonOnly,150,13,284.98054392779056,259.589111328125,0.010868215058857366,0.8768806631049875
angular,440_ComptonOnly,150,22,213.96977948109466,204.96609497070312,0.004880853051264388,0.22189496190665586
angular,440_ComptonOnly,150,37,406.86332135128896,270.0802001953125,0.056272635172424805,1.9894406483762892
angular,440_ComptonOnly,200,13,310.1062889667014,281.53961181640625,0.011273991671877124,0.7895688670586765
angular,440_ComptonOnly,200,22,207.01155250004936,198.1853790283203,0.004948326390732838,0.18995044359726107
angular,440_ComptonOnly,200,37,456.7149986958619,283.5467529296875,0.06785800224280074,2.2144906526102304
angular,440_ComptonOnly,250,13,325.74682880241056,296.15380859375,0.011102721832722798,0.6705500153105896
angular,440_ComptonOnly,250,22,201.72243568410008,191.62088012695312,0.0058573734822719,0.19844824163269387
angular,440_ComptonOnly,250,37,496.75803155272814,291.9770812988281,0.07792885255200106,2.3673521998827294
angular,440_ComptonOnly,300,13,335.09726710460615,305.8930358886719,0.010608004102222266,0.5646355588153682
angular,440_ComptonOnly,300,22,198.53869656414142,186.10447692871094,0.007423679334815272,0.2273860666542788
angular,440_ComptonOnly,300,37,529.1545553817249,296.9899597167969,0.08685837800574325,2.4789432582966406
angular,440_ComptonOnly,350,13,340.33957278239905,312.4399719238281,0.00992176395313492,0.47357933363912896
angular,440_ComptonOnly,350,22,197.2035927971174,181.68182373046875,0.009492644734588144,0.2668813444442354
angular,440_ComptonOnly,350,37,555.826730883616,299.7117614746094,0.09494862224695767,2.564080334309816
angular,440_ComptonOnly,400,13,342.8758523271838,316.8825378417969,0.00911424805419155,0.3944996600060135
angular,440_ComptonOnly,400,22,197.34865029676993,178.1917266845703,0.011945263159103171,0.31146470916052343
angular,440_ComptonOnly,400,37,578.2574941616806,300.8924865722656,0.10242307652039027,2.629527220071045
angular,440_ComptonOnly,450,13,343.61326032910927,319.9261779785156,0.008226579192689851,0.32528523841387896
angular,440_ComptonOnly,450,22,198.65127324053887,175.4506378173828,0.014692727324444476,0.3579583662752541
angular,440_ComptonOnly,450,37,597.5487315436907,301.0282897949219,0.10944724089655639,2.6791500802696406
angular,440_ComptonOnly,500,13,343.15471537133783,322.0401306152344,0.0072850081398811994,0.2645697539726598
angular,440_ComptonOnly,500,22,200.8598824870747,173.3013458251953,0.017668989323293156,0.40447362503763584
angular,440_ComptonOnly,500,37,614.5104074951468,300.4492492675781,0.11614502060689046,2.7158598248060697
angular,440_ComptonOnly,550,13,341.9109296835514,323.54473876953125,0.006307281914385256,0.21132791826393788
angular,440_ComptonOnly,550,22,203.78446206958378,171.61952209472656,0.020824450364428544,0.449885751090239
angular,440_ComptonOnly,550,37,629.7353743884848,299.37689208984375,0.12260965693426545,2.7421624580907586
angular,440_ComptonOnly,600,13,340.1658162988299,324.6627197265625,0.0053057101451570166,0.16466797183431922
angular,440_ComptonOnly,600,22,207.28214562775383,170.30926513671875,0.024121399555328858,0.4935432829237625
angular,440_ComptonOnly,600,37,643.657000693088,297.9613952636719,0.12891140743753185,2.7602606414068833
angular,440_ComptonOnly,650,13,338.11496576310253,325.5500183105469,0.004288450910712023,0.12375459558143206
angular,440_ComptonOnly,650,22,211.24438850143935,169.29666137695312,0.02753071756689618,0.5350945504851085
angular,440_ComptonOnly,650,37,656.5922933576913,296.3055114746094,0.1351033413264948,2.7720439231814242
angular,440_ComptonOnly,700,13,335.89176225513245,326.3153076171875,0.003260804781415574,0.08781202805193455
angular,440_ComptonOnly,700,22,215.58770211590652,168.5244140625,0.031029653817499274,0.5743821989931448
angular,440_ComptonOnly,700,37,668.7736328588123,294.4803771972656,0.14122550342324067,2.779077457055178
angular,440_ComptonOnly,750,13,333.5848021911273,327.0330810546875,0.0022259797474074214,0.05613401092205982
angular,440_ComptonOnly,750,22,220.2467542549206,167.94754028320312,0.03460023150584034,0.6113736247876527
angular,440_ComptonOnly,750,37,680.3720403467617,292.53594970703125,0.1473080453979304,2.782615277783414
angular,440_ComptonOnly,800,13,331.2503273306119,327.75299072265625,0.001185627492163283,0.02809101405638513
angular,440_ComptonOnly,800,22,225.1695040821433,167.5303192138672,0.03822802883863178,0.646114511653006
angular,440_ComptonOnly,800,37,691.5139475317212,290.5077209472656,0.15337371155915303,2.7836330941508014
angular,440_ComptonOnly,850,13,328.9216989448153,328.506591796875,0.00014040210330492877,0.0031352501452888686
angular,440_ComptonOnly,850,22,230.3137721532837,167.24386596679688,0.04190149105645137,0.6786992525066854
angular,440_ComptonOnly,850,37,702.2930652105526,288.4214782714844,0.1594393460490949,2.782866388153037
angular,440_ComptonOnly,900,13,326.61601476909436,329.312255859375,-0.0009097212084704376,-0.019203229179880658
angular,440_ComptonOnly,900,22,235.64489270686886,167.06468200683594,0.045611216683146556,0.7092485641258582
angular,440_ComptonOnly,900,37,712.7788583913144,286.2960510253906,0.16551740209651433,2.780858174877337
angular,440_ComptonOnly,950,13,324.3394934288436,330.17913818359375,-0.0019651435907306583,-0.0393221343472554
angular,440_ComptonOnly,950,22,241.13387913350678,166.97340393066406,0.049349492831430516,0.7378956822705299
angular,440_ComptonOnly,950,37,723.0226966764945,284.1454162597656,0.17161685347739442,2.7779975408919073
angular,440_ComptonOnly,1000,13,322.09116105940427,331.1098937988281,-0.0030264315088704974,-0.05755489695417888
angular,440_ComptonOnly,1000,22,246.75617718187323,166.95387268066406,0.05311001523945786,0.76477702005942
angular,440_ComptonOnly,1000,37,733.062428599552,281.9801025390625,0.17774395427146278,2.7745573155090177
angular,440_ComptonOnly,1050,13,319.8654344247076,332.1027526855469,-0.004094220893945992,-0.07418006723156471
angular,440_ComptonOnly,1050,22,252.49075856011595,166.99270629882812,0.05688741619402212,0.7900251370715464
angular,440_ComptonOnly,1050,37,742.9254508130755,279.80816650390625,0.1839026954691609,2.770721730737222
angular,440_ComptonOnly,1100,13,317.65424973849446,333.153076171875,-0.005169070763863328,-0.08942860586576534
angular,440_ComptonOnly,1100,22,258.31950724809354,167.0785675048828,0.06067733489152524,0.8137678035012461
angular,440_ComptonOnly,1100,37,752.6315074687272,277.63580322265625,0.19009544107486645,2.7666120537047783
angular,440_ComptonOnly,1150,13,315.44854523193044,334.25469970703125,-0.006251438562530681,-0.10349206231894532
angular,440_ComptonOnly,1150,22,264.22669924976,167.2019805908203,0.06447605618871245,0.8361240192671706
angular,440_ComptonOnly,1150,37,762.1942519333321,275.4676208496094,0.19632338864466942,2.7623051502715925
angular,440_ComptonOnly,1200,13,313.23904993288266,335.40057373046875,-0.007341643771438274,-0.11652909514121401
angular,440_ComptonOnly,1200,22,270.19856811209064,167.35494995117188,0.0682804344172702,0.8572039504360126
angular,440_ComptonOnly,1200,37,771.6231818434603,273.307373046875,0.20258664295208875,2.757845640386327
angular,440_ComptonOnly,1250,13,311.0169806681098,336.5832824707031,-0.008439813705053546,-0.12867054953026644
angular,440_ComptonOnly,1250,22,276.22299778329625,167.5307159423828,0.07208779677572341,0.8771083464532947
angular,440_ComptonOnly,1250,37,780.9241641243774,271.157958984375,0.20888448073642596,2.753254591620829
angular,440_ComptonOnly,1300,13,308.7744256026428,337.7955627441406,-0.009545924071069503,-0.140025003985207
angular,440_ComptonOnly,1300,22,282.2893519347372,167.7235565185547,0.07589591520861923,0.8959298738927192
angular,440_ComptonOnly,1300,37,790.1008857776567,269.02166748046875,0.21521571650399945,2.748541169090131
angular,440_ComptonOnly,1350,13,306.5043534270281,339.0303955078125,-0.010659824970057685,-0.15068298091867305
angular,440_ComptonOnly,1350,22,288.3881895264393,167.92868041992188,0.07970282305116196,0.9137518908674894
angular,440_ComptonOnly,1350,37,799.1551286422379,266.9002990722656,0.221578715772672,2.7437030922438344
angular,440_ComptonOnly,1400,13,304.2010403734602,340.28131103515625,-0.011781190539719315,-0.16071943884361659
angular,440_ComptonOnly,1400,22,294.5112469506578,168.14199829101562,0.08350696299295371,0.9306515522339901
angular,440_ComptonOnly,1400,37,808.0875776916644,264.79534912109375,0.2279715386802429,2.738734464209154
angular,440_ComptonOnly,1450,13,301.8596020449481,341.542236328125,-0.01290962322675573,-0.1701976561564513
angular,440_ComptonOnly,1450,22,300.6509511638746,168.36001586914062,0.08730691034117581,0.9466974947235182
angular,440_ComptonOnly,1450,37,816.8979357930351,262.7080383300781,0.23439197241575924,2.733624517421531
angular,440_ComptonOnly,1500,13,299.47636998293484,342.8077392578125,-0.01404459711592639,-0.17917053298871582
angular,440_ComptonOnly,1500,22,306.80084817970436,168.57992553710938,0.09110147750208222,0.9619526428187269
angular,440_ComptonOnly,1500,37,825.5854036666323,260.639404296875,0.24083763495811297,2.7283620237184
angular,440_ComptonOnly,1550,13,297.0486009678756,344.0727844238281,-0.0151854767636826,-0.18768238692333383
angular,440_ComptonOnly,1550,22,312.9551017502911,168.7992401123047,0.09488975157186551,0.9764747975124639
angular,440_ComptonOnly,1550,37,834.148930182406,258.59027099609375,0.24730614143166477,2.72293548115449
angular,440_ComptonOnly,1600,13,294.57445481673165,345.3328857421875,-0.016331562649363394,-0.19577093737637727
angular,440_ComptonOnly,1600,22,319.1084813730696,169.01589965820312,0.09867091532571469,0.9903154285911387
angular,440_ComptonOnly,1600,37,842.587303323429,256.5613708496094,0.2537949975924453,2.71733376888575
angular,440_ComptonOnly,1650,13,292.0528849465206,346.5840759277344,-0.017482110809378965,-0.20346849969402644
angular,440_ComptonOnly,1650,22,325.2563925147725,169.22821044921875,0.1024442947658107,1.003521926707071
angular,440_ComptonOnly,1650,37,850.8992428379103,254.55332946777344,0.2603016710866276,2.7115471614687965
angular,440_ComptonOnly,1700,13,289.4834818939058,347.82275390625,-0.018636334920319995,-0.21080285517565797
angular,440_ComptonOnly,1700,22,331.3949155612455,169.4347686767578,0.10620943987231783,1.0161381277982864
angular,440_ComptonOnly,1700,37,859.0835564899578,252.56675720214844,0.26682353696486394,2.7055660036069877
angular,440_ComptonOnly,1750,13,286.8663755422829,349.0456237792969,-0.01979341635876428,-0.21779792890809224
angular,440_ComptonOnly,1750,22,337.520501230688,169.63446044921875,0.10996589066794342,1.0282029346867014
angular,440_ComptonOnly,1750,37,867.139195067581,250.60211181640625,0.2733581128455473,2.699382817971155
angular,440_ComptonOnly,1800,13,284.2024701200323,350.2499084472656,-0.020952480162279328,-0.22447422845439555
angular,440_ComptonOnly,1800,22,343.6300901074316,169.8263702392578,0.11371334382634618,1.0397525298261683
angular,440_ComptonOnly,1800,37,875.0652851321431,248.65982055664062,0.27990290920041083,2.6929924278267627
angular,440_ComptonOnly,1850,13,281.49274008634706,351.4330139160156,-0.02211272484060636,-0.23085063211881687
angular,440_ComptonOnly,1850,22,349.720904760732,170.00973510742188,0.11745155491619237,1.0508194897058356
angular,440_ComptonOnly,1850,37,882.8611210365276,246.74034118652344,0.28645533320621386,2.686389548560912
angular,440_ComptonOnly,1900,13,278.7387760571096,352.5925598144531,-0.023273253347593177,-0.2369426982502011
angular,440_ComptonOnly,1900,22,355.79078898814896,170.18405151367188,0.121180396441794,1.0614343614344124
angular,440_ComptonOnly,1900,37,890.5261482483378,244.8439483642578,0.29301302782070143,2.6795714965379047
angular,440_ComptonOnly,1950,13,275.942510303735,353.7265625,-0.024433201751004115,-0.2427646737411184
angular,440_ComptonOnly,1950,22,361.8376771812456,170.34884643554688,0.12489979940998468,1.0716245053111186
angular,440_ComptonOnly,1950,37,898.0601139759768,242.97096252441406,0.2995735899400089,2.6725361449791607
angular,440_ComptonOnly,2000,13,273.1060169839044,354.8332824707031,-0.025591757382738542,-0.24832978265910222
angular,440_ComptonOnly,2000,22,367.8599479051453,170.5038299560547,0.12860976527947057,1.081415592309952
angular,440_ComptonOnly,2000,37,905.4628417299855,241.1217041015625,0.30613453995672607,2.6652831288133285
continuous_energy,440_ComptonOnly,50,13,216.5552161030418,202.82540893554688,0.007521415278923162,0.40922768788515634
continuous_energy,440_ComptonOnly,50,22,242.87038242482828,223.30088806152344,0.009737481482789004,1.3645180991916426
continuous_energy,440_ComptonOnly,50,37,302.19116072971485,243.57374572753906,0.026739524376483265,1.2478343173382982
continuous_energy,440_ComptonOnly,100,13,274.15266394619556,249.729248046875,0.010866620145322001,0.8806068878089447
continuous_energy,440_ComptonOnly,100,22,257.09482962520644,237.28482055664062,0.00927624495138795,0.607359435954518
continuous_energy,440_ComptonOnly,100,37,375.0912281017808,280.5494689941406,0.03744309315042154,1.5217541810470063
continuous_energy,440_ComptonOnly,150,13,316.1685345563308,282.86041259765625,0.01308384727953054,1.0920092041349017
continuous_energy,440_ComptonOnly,150,22,256.9591596586346,236.2137908935547,0.009758282804650001,0.4577986892997432
continuous_energy,440_ComptonOnly,150,37,431.49315935547764,302.35491943359375,0.04745645730366616,1.732439907044663
continuous_energy,440_ComptonOnly,200,13,347.89567114127686,307.0076904296875,0.014798029852593745,1.0706090843834755
continuous_energy,440_ComptonOnly,200,22,256.59289610189046,233.22662353515625,0.01113188738087424,0.42876631644814683
continuous_energy,440_ComptonOnly,200,37,478.4451138162528,316.37255859375,0.05692042878634466,1.9012532397136344
continuous_energy,440_ComptonOnly,250,13,372.64705863381937,325.18951416015625,0.01621534602889037,1.0160548352834737
continuous_energy,440_ComptonOnly,250,22,257.3605754981166,230.140869140625,0.013141567722380657,0.44055272527658634
continuous_energy,440_ComptonOnly,250,37,518.5512053317834,325.51800537109375,0.06588923799933719,2.0470710556117697
continuous_energy,440_ComptonOnly,300,13,392.40894904169085,339.2516174316406,0.017409998583380683,0.962945880409208
continuous_energy,440_ComptonOnly,300,22,259.3106551971459,227.35589599609375,0.015616611940329471,0.4701511239177898
continuous_energy,440_ComptonOnly,300,37,553.5922303589952,331.5239562988281,0.07442675621037499,2.173490347230891
continuous_energy,440_ComptonOnly,350,13,408.44247238532165,350.34844970703125,0.018424204286037662,0.9129098964062592
continuous_energy,440_ComptonOnly,350,22,262.2563999761435,224.91485595703125,0.01844724942206878,0.5083578617439314
continuous_energy,440_ComptonOnly,350,37,584.6848577144159,335.3974609375,0.08258440467753293,2.2808301298015237
continuous_energy,440_ComptonOnly,400,13,421.68197144990546,359.3027648925781,0.019290202102637148,0.8655177790482939
continuous_energy,440_ComptonOnly,400,22,266.01892536789194,222.78408813476562,0.021562899055765448,0.5508712096713134
continuous_energy,440_ComptonOnly,400,37,612.5976259423807,337.7489318847656,0.09041847627396425,2.370129176432488
continuous_energy,440_ComptonOnly,450,13,432.81247468179606,366.7019348144531,0.020031570175741444,0.8207107623298421
continuous_energy,440_ComptonOnly,450,22,270.4563832993111,220.9161834716797,0.024916538756972702,0.5954448896757008
continuous_energy,440_ComptonOnly,450,37,637.9781897732489,339.0086669921875,0.09798816106765765,2.4431725578557084
continuous_energy,440_ComptonOnly,500,13,442.31136682808693,372.94671630859375,0.020665642178968824,0.7785423182318006
continuous_energy,440_ComptonOnly,500,22,275.46495316437097,219.27059936523438,0.02847539572960605,0.6407876719326917
continuous_energy,440_ComptonOnly,500,37,661.3636297921729,339.4924011230469,0.10534394800537192,2.5019888427881165
continuous_energy,440_ComptonOnly,550,13,450.5270556081987,378.3211669921875,0.0212065229568712,0.7390410656022879
continuous_energy,440_ComptonOnly,550,22,280.9721735102031,217.8175506591797,0.03221586275093231,0.6861077382521426
continuous_energy,440_ComptonOnly,550,37,683.1587382685777,339.42218017578125,0.11252343874351434,2.5486069590924565
continuous_energy,440_ComptonOnly,600,13,457.7248482545538,383.03680419921875,0.021665467836839338,0.7021521003659176
continuous_energy,440_ComptonOnly,600,22,286.92731320491396,216.5355987548828,0.03612016523164252,0.7308976578493996
continuous_energy,440_ComptonOnly,600,37,703.651287408238,338.94818115234375,0.11955387169802438,2.5849702312240175
continuous_energy,440_ComptonOnly,650,13,464.10608173209806,387.25140380859375,0.022051330412704993,0.6677499648369414
continuous_energy,440_ComptonOnly,650,22,293.2943964586748,215.40875244140625,0.04017459990961673,0.7748293045872284
continuous_energy,440_ComptonOnly,650,37,723.0460346262702,338.17205810546875,0.12645567291559262,2.612876304557131
continuous_energy,440_ComptonOnly,700,13,469.8200576689681,391.0804748535156,0.022370952010138747,0.635660301851402
continuous_energy,440_ComptonOnly,700,22,300.04703653257843,214.42449951171875,0.04436813538660039,0.8176885412229178
continuous_energy,440_ComptonOnly,700,37,741.4942123839558,337.16473388671875,0.1332449485238817,2.63392478242201
continuous_energy,440_ComptonOnly,750,13,474.975213612951,394.6071472167969,0.02262955756911879,0.605682906906595
continuous_energy,440_ComptonOnly,750,22,307.1649140934568,213.57223510742188,0.04869165951638485,0.8593386400521771
continuous_energy,440_ComptonOnly,750,37,759.1124032668165,335.97735595703125,0.13993504152302347,2.6494881053549486
continuous_energy,440_ComptonOnly,800,13,479.6503199875475,397.890869140625,0.02283134430065339,0.5776145816282635
continuous_energy,440_ComptonOnly,800,22,314.6311789617956,212.84242248535156,0.05313725383620074,0.8996939996428965
continuous_energy,440_ComptonOnly,800,37,775.9934430399691,334.64794921875,0.1465372440406101,2.6607074256786447
continuous_energy,440_ComptonOnly,850,13,483.902599439181,400.97430419921875,0.02297966460734724,0.5512581200227538
continuous_energy,440_ComptonOnly,850,22,322.431024184716,212.22598266601562,0.05769795224583385,0.9387056000050883
continuous_energy,440_ComptonOnly,850,37,792.212532497842,333.2057800292969,0.15306082106318378,2.6685044737211316
continuous_energy,440_ComptonOnly,900,13,487.77482904771784,403.8884582519531,0.023077430601846145,0.526433857037533
continuous_energy,440_ComptonOnly,900,22,330.55063509641315,211.71409606933594,0.06236741028133132,0.9763493109207808
continuous_energy,440_ComptonOnly,900,37,807.8315656058326,331.6732177734375,0.15951388371860706,2.673613075525807
continuous_energy,440_ComptonOnly,950,13,491.2996336858603,406.6562194824219,0.02312721003591727,0.5029809042696721
continuous_energy,440_ComptonOnly,950,22,338.97683162541847,211.2981719970703,0.06713980344647669,1.0126200266823584
continuous_energy,440_ComptonOnly,950,37,822.901705080694,330.06817626953125,0.16590294041041403,2.6766052124197195
continuous_energy,440_ComptonOnly,1000,13,494.5028481465055,409.2947692871094,0.023131408041692916,0.4807590504937969
continuous_energy,440_ComptonOnly,1000,22,347.69664922459094,210.9698486328125,0.07200965839844192,1.0475252216692141
continuous_energy,440_ComptonOnly,1000,37,837.4655937053193,328.4046936035156,0.172233598773779,2.67792418459974
continuous_energy,440_ComptonOnly,1050,13,497.4052453429312,411.81756591796875,0.02309212366192131,0.4596436459833863
continuous_energy,440_ComptonOnly,1050,22,356.6972656215326,210.72093200683594,0.076971910048922,1.0810831731704966
continuous_energy,440_ComptonOnly,1050,37,851.559066603705,326.69427490234375,0.17851035255047792,2.677909526343594
continuous_energy,440_ComptonOnly,1100,13,500.0242931812569,414.235107421875,0.023011404828452875,0.4395286940735496
continuous_energy,440_ComptonOnly,1100,22,365.9657172003834,210.54354858398438,0.08202165282389558,1.1133177289858058
continuous_energy,440_ComptonOnly,1100,37,865.212463172467,324.94622802734375,0.18473697032033273,2.676820476268766
continuous_energy,440_ComptonOnly,1150,13,502.37499104832665,416.5556640625,0.02289125223555298,0.42032330940721674
continuous_energy,440_ComptonOnly,1150,22,375.48906496629047,210.43006896972656,0.08715431465595877,1.1442591342582786
continuous_energy,440_ComptonOnly,1150,37,878.4518462102448,323.1683349609375,0.19091650153177098,2.674853645757129
continuous_energy,440_ComptonOnly,1200,13,504.47077476643085,418.7861328125,0.022733598432977557,0.4019495890687229
continuous_energy,440_ComptonOnly,1200,22,385.2543005770652,210.37319946289062,0.09236553661179706,1.173941150836282
continuous_energy,440_ComptonOnly,1200,37,891.2995484562192,321.36700439453125,0.19705146254322203,2.6721582403126587
continuous_energy,440_ComptonOnly,1250,13,506.32315121808267,420.9320983886719,0.02254020255319822,0.3843385014384577
continuous_energy,440_ComptonOnly,1250,22,395.2484184075009,210.36602783203125,0.09765116570115204,1.2024009359992482
continuous_energy,440_ComptonOnly,1250,37,903.7752576199583,319.54779052734375,0.20314383304971026,2.668846885256845
continuous_energy,440_ComptonOnly,1300,13,507.94257586801166,422.9982604980469,0.02231275668182802,0.36743000217979926
continuous_energy,440_ComptonOnly,1300,22,405.4584778873979,210.40203857421875,0.10300726099580676,1.2296776763239885
continuous_energy,440_ComptonOnly,1300,37,915.8960391938701,317.7154541015625,0.20919507879353727,2.6650045036955654
continuous_energy,440_ComptonOnly,1350,13,509.33891128963506,424.98858642578125,0.022052964756131683,0.35117312007150053
continuous_energy,440_ComptonOnly,1350,22,415.8714439693752,210.47509765625,0.10843000673783616,1.255811017854798
continuous_energy,440_ComptonOnly,1350,37,927.6771434204182,315.8739013671875,0.21520656727791312,2.6606968653588163
continuous_energy,440_ComptonOnly,1400,13,510.5209560187462,426.90643310546875,0.021762385912850526,0.33552177185035575
continuous_energy,440_ComptonOnly,1400,22,426.4744972921902,210.5794677734375,0.11391583836180935,1.280842573579143
continuous_energy,440_ComptonOnly,1400,37,939.1321983932083,314.02667236328125,0.22117920441652972,2.655973235855427
continuous_energy,440_ComptonOnly,1450,13,511.4969876160891,428.75469970703125,0.02144253474476865,0.3204356131668789
continuous_energy,440_ComptonOnly,1450,22,437.2551273351148,210.70989990234375,0.11946136346057168,1.3048152765226768
continuous_energy,440_ComptonOnly,1450,37,950.2731969272493,312.1767883300781,0.22711362152997744,2.6508710600637837
continuous_energy,440_ComptonOnly,1500,13,512.2748634073362,430.53582763671875,0.021094911277134268,0.30587950671121944
continuous_energy,440_ComptonOnly,1500,22,448.20082131524356,210.86146545410156,0.1250633418644579,1.3277710333910393
continuous_energy,440_ComptonOnly,1500,37,961.1112569188247,310.32684326171875,0.23301039167356466,2.6454206280245836
continuous_energy,440_ComptonOnly,1550,13,512.8618275173183,432.2518615722656,0.02072093535978032,0.2918217685125745
continuous_energy,440_ComptonOnly,1550,22,459.2993038430609,211.02964782714844,0.13071868156504868,1.3497522111152631
continuous_energy,440_ComptonOnly,1550,37,971.656219197248,308.47906494140625,0.238869858111336,2.639644920224271
continuous_energy,440_ComptonOnly,1600,13,513.264766396549,433.90478515625,0.02032191391987359,0.2782335206023869
continuous_energy,440_ComptonOnly,1600,22,470.53849938572796,211.2103729248047,0.13642434258517402,1.3707999119013357
continuous_energy,440_ComptonOnly,1600,37,981.917275813555,306.6353454589844,0.2446923575709849,2.6335632574142562
continuous_energy,440_ComptonOnly,1650,13,513.4902641578229,435.4960632324219,0.019899197849739345,0.26508968117568005
continuous_energy,440_ComptonOnly,1650,22,481.90675275063194,211.39984130859375,0.14217760669784363,1.3909558497362067
continuous_energy,440_ComptonOnly,1650,37,991.9027693536816,304.79742431640625,0.25047796420425866,2.627189968444812
continuous_energy,440_ComptonOnly,1700,13,513.5443432693468,437.0272521972656,0.019453933285083602,0.25236580256478786
continuous_energy,440_ComptonOnly,1700,22,493.3925159077557,211.5946807861328,0.14797569793692666,1.4102598641606456
continuous_energy,440_ComptonOnly,1700,37,1001.620478729766,302.96673583984375,0.25622678819589,2.620538233945692
continuous_energy,440_ComptonOnly,1750,13,513.432986556202,438.49945068359375,0.018987363421573637,0.24004142114050675
continuous_energy,440_ComptonOnly,1750,22,504.98453252804205,211.79176330566406,0.1538160589891589,1.428750834195959
continuous_energy,440_ComptonOnly,1750,37,1011.0778526324115,301.1443786621094,0.2619391318485082,2.6136203238253963
continuous_energy,440_ComptonOnly,1800,13,513.1618347504498,439.91375732421875,0.018500615482190928,0.22809714152667188
continuous_energy,440_ComptonOnly,1800,22,516.67194545083,211.98834228515625,0.15969620461268802,1.4464672849629583
continuous_energy,440_ComptonOnly,1800,37,1020.2818344671267,299.3316650390625,0.26761476895684366,2.606444099459627
continuous_energy,440_ComptonOnly,1850,13,512.7361638258976,441.2711181640625,0.017994743599195912,0.21651483225843438
continuous_energy,440_ComptonOnly,1850,22,528.444068860726,212.18191528320312,0.16561373404273924,1.4634447995730056
continuous_energy,440_ComptonOnly,1850,37,1029.2393273972289,297.5293884277344,0.27325402965929435,2.5990202436450818
continuous_energy,440_ComptonOnly,1900,13,512.1613465701585,442.57244873046875,0.017470811348843023,0.20527848162967507
continuous_energy,440_ComptonOnly,1900,22,540.290691058467,212.37034606933594,0.17156629709397148,1.4797189870301044
continuous_energy,440_ComptonOnly,1900,37,1037.9569384901843,295.7383728027344,0.27885704766434444,2.591357285953083
continuous_energy,440_ComptonOnly,1950,13,511.4424181480527,443.8183898925781,0.01692985484241332,0.19437348268535343
continuous_energy,440_ComptonOnly,1950,22,552.2019915384986,212.55162048339844,0.17755183437983243,1.4953238624474763
continuous_energy,440_ComptonOnly,1950,37,1046.4411428248072,293.95953369140625,0.28442373217689343,2.583462445569114
continuous_energy,440_ComptonOnly,2000,13,510.5843001065765,445.0096130371094,0.016372851569038623,0.1837862244360727
continuous_energy,440_ComptonOnly,2000,22,564.1684628431589,212.72415161132812,0.18356809802206012,1.510291361368447
continuous_energy,440_ComptonOnly,2000,37,1054.6984592270203,292.1934509277344,0.289954406681327,2.575343804526715
angular,440_SinglePlusCompton,50,13,83.45627936132031,81.781982421875,0.0022747430150573183,0.2613287901067274
angular,440_SinglePlusCompton,50,22,85.57791234232985,82.42640686035156,0.0042482414205999115,0.4286517323483984
angular,440_SinglePlusCompton,50,37,107.68022745829498,99.2829360961914,0.009397711331412317,1.6652846068677054
angular,440_SinglePlusCompton,100,13,112.41926375593997,108.81539154052734,0.003679904473879706,0.2641018205556792
angular,440_SinglePlusCompton,100,22,119.77123741972828,112.2186050415039,0.007478094876049236,0.6589307710066965
angular,440_SinglePlusCompton,100,37,152.78033416439297,131.6477508544922,0.01783596603033856,1.8654199012990793
angular,440_SinglePlusCompton,150,13,135.34908919500046,129.90576171875,0.004655791675639984,0.26320844686992867
angular,440_SinglePlusCompton,150,22,149.93266679821295,137.503662109375,0.010043372662202257,0.8710655209934157
angular,440_SinglePlusCompton,150,37,192.9603014824863,157.42501831054688,0.025080923218273696,1.7954102443551838
angular,440_SinglePlusCompton,200,13,153.66326263769872,146.49588012695312,0.005436165398215638,0.26942378694199176
angular,440_SinglePlusCompton,200,22,175.0759382885056,157.883056640625,0.012099589555363967,1.061005496687929
angular,440_SinglePlusCompton,200,37,228.3357470055578,177.85792541503906,0.03153442181619378,1.8106773395629696
angular,440_SinglePlusCompton,250,13,168.57935794997886,159.76522827148438,0.006129917959311924,0.2818039200869031
angular,440_SinglePlusCompton,250,22,195.45211690513497,173.89962768554688,0.013770708173849103,1.2135529040911528
angular,440_SinglePlusCompton,250,37,259.52852349106547,194.0780792236328,0.03747085510306696,1.8702248890633046
angular,440_SinglePlusCompton,300,13,181.06603490699413,170.65032958984375,0.006781707328524049,0.29863391408907847
angular,440_SinglePlusCompton,300,22,211.79024185171417,186.3739471435547,0.015152508108742468,1.3154089473113688
angular,440_SinglePlusCompton,300,37,287.35429051766477,207.0933074951172,0.043062168982527606,1.950236840816313
angular,440_SinglePlusCompton,350,13,191.80938627316308,179.82174682617188,0.007407112666090078,0.31841691664142596
angular,440_SinglePlusCompton,350,22,224.86822531147808,196.0735626220703,0.016317380694798586,1.3650214298396077
angular,440_SinglePlusCompton,350,37,312.54163434542477,217.68678283691406,0.04841556206600736,2.038749792571549
angular,440_SinglePlusCompton,400,13,201.27295239334092,187.73910522460938,0.008009843206223024,0.33993619372917194
angular,440_SinglePlusCompton,400,22,235.36288006416578,203.62294006347656,0.01731956133713222,1.3726083642482374
angular,440_SinglePlusCompton,400,37,335.6637529217581,226.43331909179688,0.05359950964228645,2.129321564766968
angular,440_SinglePlusCompton,450,13,209.77097983659135,194.71827697753906,0.008589448129143133,0.36221464298721184
angular,440_SinglePlusCompton,450,22,243.82337479287253,209.50628662109375,0.018199977949875996,1.3529988145046068
angular,440_SinglePlusCompton,450,37,357.1585129403862,233.75254821777344,0.05865935564173457,2.2184024479709343
angular,440_SinglePlusCompton,500,13,217.5228356149481,200.98159790039062,0.009144694443758934,0.3844813992894806
angular,440_SinglePlusCompton,500,22,250.68404701936788,214.09388732910156,0.018989674808739157,1.3192452903830811
angular,440_SinglePlusCompton,500,37,377.36268625935395,239.95579528808594,0.06362602041684856,2.304091920802537
angular,440_SinglePlusCompton,550,13,224.68570645428213,206.68930053710938,0.009674427521247649,0.4061283823158107
angular,440_SinglePlusCompton,550,22,256.2846918058403,217.66810607910156,0.0197122666462497,1.280304549264009
angular,440_SinglePlusCompton,550,37,396.5378988224242,245.27806091308594,0.06852079877844666,2.3854428361835627
angular,440_SinglePlusCompton,600,13,231.3738497884982,211.95816040039062,0.010177946519377645,0.4266882196288465
angular,440_SinglePlusCompton,600,22,260.88986269334396,220.44436645507812,0.020385842009665298,1.241418315645489
angular,440_SinglePlusCompton,600,37,414.88714008587374,249.89852905273438,0.07335804641212013,2.4620436207497938
angular,440_SinglePlusCompton,650,13,237.67013952517812,216.8734130859375,0.010654820935668127,0.4458065833637837
angular,440_SinglePlusCompton,650,22,264.70477819825607,222.5874786376953,0.021024093447729583,1.2052576195112354
angular,440_SinglePlusCompton,650,37,432.56652381614924,253.95425415039062,0.07814717578579031,2.5337782820652084
angular,440_SinglePlusCompton,700,13,243.63416124963297,221.49685668945312,0.011104900283687725,0.46322933672911915
angular,440_SinglePlusCompton,700,22,267.88855040627817,224.22377014160156,0.021637501896283478,1.1729628641629557
angular,440_SinglePlusCompton,700,37,449.6941548759138,257.5503234863281,0.08289375959559285,2.600680064934273
angular,440_SinglePlusCompton,750,13,249.30839073603215,225.8731231689453,0.011528235772511818,0.4787883180035877
angular,440_SinglePlusCompton,750,22,270.56462295848917,225.4506378173828,0.02223398019276747,1.1448336451211192
angular,440_SinglePlusCompton,750,37,466.3576954453008,260.76727294921875,0.08760064105817038,2.662857424655044
angular,440_SinglePlusCompton,800,13,254.72248876228466,230.03407287597656,0.011925004354376132,0.4923866358667883
angular,440_SinglePlusCompton,800,22,272.82921968982214,226.34368896484375,0.02281954046549226,1.120746957801576
angular,440_SinglePlusCompton,800,37,482.6208350614726,263.6670227050781,0.09226865431762682,2.7204568461399283
angular,440_SinglePlusCompton,850,13,259.8970520743069,234.002685546875,0.012295379557962264,0.5039827033833997
angular,440_SinglePlusCompton,850,22,274.7576517637635,226.96188354492188,0.023398822878351315,1.1003925044121106
angular,440_SinglePlusCompton,850,37,498.5288273558176,266.29742431640625,0.09689725423683544,2.7736430003369414
angular,440_SinglePlusCompton,900,13,264.84637414995,237.7954559326172,0.012639676262591597,0.5135861063294644
angular,440_SinglePlusCompton,900,22,276.4093076650743,227.35186767578125,0.023975288706447963,1.0833889174802116
angular,440_SinglePlusCompton,900,37,514.11266789014,268.69561767578125,0.10148494929244462,2.8225903377622927
angular,440_SinglePlusCompton,950,13,269.58057654138395,241.42449951171875,0.01295830791665067,0.5212459695562579
angular,440_SinglePlusCompton,950,22,277.8315178961162,227.5508270263672,0.02455162876347076,1.0693520003452466
angular,440_SinglePlusCompton,950,37,529.3928434819658,270.8908386230469,0.1060295915887082,2.8674799014045536
angular,440_SinglePlusCompton,1000,13,274.1069876262971,244.89915466308594,0.01325163730415809,0.5270362071735072
angular,440_SinglePlusCompton,1000,22,279.06222177617315,227.58872985839844,0.02512987740346885,1.0579209147632158
angular,440_SinglePlusCompton,1000,37,544.3820441048938,272.90618896484375,0.11052876455042865,2.9084983788696848
angular,440_SinglePlusCompton,1050,13,278.431265653089,248.22671508789062,0.013520144971997224,0.5310543104189799
angular,440_SinglePlusCompton,1050,22,280.1324370155514,227.49002075195312,0.025711709653408202,1.048773637412499
angular,440_SinglePlusCompton,1050,37,559.0874692354836,274.7603454589844,0.11497984757974915,2.9458354040873065
angular,440_SinglePlusCompton,1100,13,282.5582882320809,251.41334533691406,0.013764381544411163,0.5334131389366659
angular,440_SinglePlusCompton,1100,22,281.06769392097056,227.2750244140625,0.026298372616852837,1.041624465212699
angular,440_SinglePlusCompton,1100,37,573.5124791286835,276.4685363769531,0.1193802483294854,2.979683648700375
angular,440_SinglePlusCompton,1150,13,286.49232820280554,254.4644317626953,0.01398488242683333,0.5342324220794217
angular,440_SinglePlusCompton,1150,22,281.88905341522997,226.96067810058594,0.02689079387590386,1.0362219991840738
angular,440_SinglePlusCompton,1150,37,587.6577347193277,278.0432434082031,0.12372755303812413,3.0102376651445817
angular,440_SinglePlusCompton,1200,13,290.23748484273057,257.38494873046875,0.014182188229172067,0.5336343777823648
angular,440_SinglePlusCompton,1200,22,282.61458400928007,226.5613250732422,0.02748986341675293,1.0323535928237508
angular,440_SinglePlusCompton,1200,37,601.5223285462541,279.4951477050781,0.12801938840454394,3.037688582637955
angular,440_SinglePlusCompton,1250,13,293.79786634453956,260.1795959472656,0.014356865164138317,0.5317420788174434
angular,440_SinglePlusCompton,1250,22,283.25932129569674,226.0892791748047,0.028096099582899776,1.0298284546213128
angular,440_SinglePlusCompton,1250,37,615.104373460691,280.83331298828125,0.13225364379377855,3.062227293787932
angular,440_SinglePlusCompton,1300,13,297.17774956648327,262.85296630859375,0.01450949882739626,0.5286766873758993
angular,440_SinglePlusCompton,1300,22,283.8364234875773,225.5551300048828,0.02871005095612215,1.0284862600313474
angular,440_SinglePlusCompton,1300,37,628.4016570158361,282.0655822753906,0.13642850634892628,3.0840391338961677
angular,440_SinglePlusCompton,1350,13,300.381561890658,265.40948486328125,0.014640721443609506,0.5245557824579173
angular,440_SinglePlusCompton,1350,22,284.35733423116005,224.9681396484375,0.02933215080318647,1.0281879727756733
angular,440_SinglePlusCompton,1350,37,641.4120100717503,283.1989440917969,0.14054237350069013,3.1033049087165367
angular,440_SinglePlusCompton,1400,13,303.4136985241764,267.8536376953125,0.014751033078625674,0.5194865967900397
angular,440_SinglePlusCompton,1400,22,284.8318153090088,224.3363800048828,0.029962661578320345,1.0288091847633238
angular,440_SinglePlusCompton,1400,37,654.1334505340894,284.2396545410156,0.14459386651121361,3.1201978246596207
angular,440_SinglePlusCompton,1450,13,306.2791579922559,270.18975830078125,0.014841174307535324,0.513578294102462
angular,440_SinglePlusCompton,1450,22,285.26867665899215,223.6669158935547,0.030601933494294877,1.0302464454921911
angular,440_SinglePlusCompton,1450,37,666.564634094714,285.1933288574219,0.14858197995225472,3.1348844722754747
angular,440_SinglePlusCompton,1500,13,308.98264120221467,272.42218017578125,0.014911683933959759,0.5069255344590455
angular,440_SinglePlusCompton,1500,22,285.6754531785225,222.966064453125,0.0312500912435594,1.0324039080778564
angular,440_SinglePlusCompton,1500,37,678.7048733162194,286.0652160644531,0.1525058837412099,3.1475223815323594
angular,440_SinglePlusCompton,1550,13,311.5289702370771,274.55523681640625,0.01496308229241277,0.49961594286804695
angular,440_SinglePlusCompton,1550,22,286.0589823168781,222.23944091796875,0.03190729839017083,1.0351995650576429
angular,440_SinglePlusCompton,1550,37,690.5539058317329,286.860107421875,0.15636495047398746,3.1582597667910774
angular,440_SinglePlusCompton,1600,13,313.9231240472862,276.5930480957031,0.014995988675056656,0.49173299650775937
angular,440_SinglePlusCompton,1600,22,286.425370211602,221.4919891357422,0.03257372940525786,1.0385630188499662
angular,440_SinglePlusCompton,1600,37,702.112383196329,287.5824279785156,0.16015889509261422,3.1672379529384367
angular,440_SinglePlusCompton,1650,13,316.1702183907664,278.5397644042969,0.015011004130754093,0.4833534292018857
angular,440_SinglePlusCompton,1650,22,286.7798895683456,220.72813415527344,0.03324942677956513,1.0424285873741732
angular,440_SinglePlusCompton,1650,37,713.3816953641095,288.2364196777344,0.16388756153010822,3.174587276774209
angular,440_SinglePlusCompton,1700,13,318.2752178173209,280.3994140625,0.015008671303737101,0.4745448722141704
angular,440_SinglePlusCompton,1700,22,287.1272863553629,219.95176696777344,0.03393446982271637,1.0467400374301659
angular,440_SinglePlusCompton,1700,37,724.3637549693908,288.8260192871094,0.1675509770965969,3.180431672174449
angular,440_SinglePlusCompton,1750,13,320.24307778766325,282.17596435546875,0.014989509400295815,0.4653687251680239
angular,440_SinglePlusCompton,1750,22,287.4718120287736,219.1663818359375,0.03462890695220658,1.0514471336518607
angular,440_SinglePlusCompton,1750,37,735.0612613187549,289.35498046875,0.17114936129393288,3.1848832970559444
angular,440_SinglePlusCompton,1800,13,322.07866751010573,283.8731994628906,0.014954042908164909,0.45588094634035436
angular,440_SinglePlusCompton,1800,22,287.81706075981845,218.3751220703125,0.03533264637634104,1.0565016512135255
angular,440_SinglePlusCompton,1800,37,745.4774426682725,289.82684326171875,0.17468307562108087,3.188047977438811
angular,440_SinglePlusCompton,1850,13,323.78702927547175,285.49493408203125,0.014902811699254571,0.44613266689522535
angular,440_SinglePlusCompton,1850,22,288.16636957007637,217.58071899414062,0.03604570340722178,1.0618632807236537
angular,440_SinglePlusCompton,1850,37,755.6161029720524,290.24493408203125,0.17815266205415567,3.1900245773543023
angular,440_SinglePlusCompton,1900,13,325.372690227097,287.0446472167969,0.014836268458169322,0.4361676550659697
angular,440_SinglePlusCompton,1900,22,288.522732110985,216.78561401367188,0.03676808046496465,1.0674965683414035
angular,440_SinglePlusCompton,1900,37,765.4814016794728,290.6123962402344,0.18155874804103467,3.1909024453866386
angular,440_SinglePlusCompton,1950,13,326.84074805970795,288.5260009765625,0.014754975655366728,0.4260287000418089
angular,440_SinglePlusCompton,1950,22,288.88856361700067,215.9919891357422,0.03749962866315479,1.0733656761593344
angular,440_SinglePlusCompton,1950,37,775.0782048404293,290.93231201171875,0.18490207471321415,3.1907655339260095
angular,440_SinglePlusCompton,2000,13,328.1954512845898,289.9422607421875,0.014659313526187632,0.41574945315111345
angular,440_SinglePlusCompton,2000,22,289.26618093390334,215.20169067382812,0.03824034923195817,1.0794420652288361
angular,440_SinglePlusCompton,2000,37,784.4114953758577,291.20758056640625,0.188183408111285,3.1896902935612355
continuous_energy,440_SinglePlusCompton,50,13,84.72091523927486,82.96332550048828,0.00235390454247058,0.2681861761022663
continuous_energy,440_SinglePlusCompton,50,22,86.98002678400603,83.71784210205078,0.004329602335185066,0.4230266598565575
continuous_energy,440_SinglePlusCompton,50,37,109.34273955734912,100.96502685546875,0.009219598071400666,1.5873587042195358
continuous_energy,440_SinglePlusCompton,100,13,117.31000860375838,113.3520278930664,0.0038797332760222383,0.26982817256199315
continuous_energy,440_SinglePlusCompton,100,22,125.49420286622703,117.2914047241211,0.007770578056706606,0.6413858340262175
continuous_energy,440_SinglePlusCompton,100,37,159.49842340153086,137.5497589111328,0.017729878396287986,1.8112646094802325
continuous_energy,440_SinglePlusCompton,150,13,144.4113425878978,138.25697326660156,0.004945998724843692,0.2655779805072962
continuous_energy,440_SinglePlusCompton,150,22,161.66684237813755,147.596923828125,0.010591848683480695,0.8409538937620844
continuous_energy,440_SinglePlusCompton,150,37,206.24213552905815,168.28160095214844,0.025064161211608333,1.7357611312060577
continuous_energy,440_SinglePlusCompton,200,13,166.61866848031906,158.3677215576172,0.00578888091135838,0.2683006442760419
continuous_energy,440_SinglePlusCompton,200,22,193.31554765069941,173.20309448242188,0.012902292683484948,1.024657927740287
continuous_energy,440_SinglePlusCompton,200,37,248.37515751445952,193.4456329345703,0.03155036594152998,1.7416170765202863
continuous_energy,440_SinglePlusCompton,250,13,184.87484405242745,174.60879516601562,0.0065327299086261155,0.2777873609962444
continuous_energy,440_SinglePlusCompton,250,22,219.84191518089227,194.0010528564453,0.014799955374794567,1.1836668281542129
continuous_energy,440_SinglePlusCompton,250,37,285.760671731351,213.73440551757812,0.03744328597362302,1.7936266956715174
continuous_energy,440_SinglePlusCompton,300,13,200.14800517231726,187.91412353515625,0.0072337307932709306,0.2926894475447817
continuous_energy,440_SinglePlusCompton,300,22,241.52396059838088,210.50933837890625,0.016370148526591393,1.3058970786884194
continuous_energy,440_SinglePlusCompton,300,37,318.91383264950133,230.05523681640625,0.04291655104842299,1.869546681472224
continuous_energy,440_SinglePlusCompton,350,13,213.21867804727972,199.04412841796875,0.00791256678270422,0.311701249332779
continuous_energy,440_SinglePlusCompton,350,22,258.98153776039663,223.4214630126953,0.017684600947164803,1.3842670001304418
continuous_energy,440_SinglePlusCompton,350,37,348.5392952603704,243.2620086669922,0.0480859150684977,1.9579294824614504
continuous_energy,440_SinglePlusCompton,400,13,224.6516940834285,208.55918884277344,0.00857337501057567,0.3336794686481169
continuous_energy,440_SinglePlusCompton,400,22,272.906902500471,233.40963745117188,0.018802072842411026,1.4209625846335203
continuous_energy,440_SinglePlusCompton,400,37,375.31193722656707,254.05992126464844,0.05302861683546308,2.052060028875027
continuous_energy,440_SinglePlusCompton,450,13,234.8364240004503,216.8545379638672,0.009213491016411347,0.35761679513233896
continuous_energy,440_SinglePlusCompton,450,22,283.948260041046,241.05751037597656,0.019769717376743143,1.4252949697977901
continuous_energy,440_SinglePlusCompton,450,37,399.80128070197054,262.9977722167969,0.057796648631517046,2.1474858382094313
continuous_energy,440_SinglePlusCompton,500,13,244.03700700285592,224.20484924316406,0.009828391722340908,0.38261801218640545
continuous_energy,440_SinglePlusCompton,500,22,292.6685961651235,246.8478240966797,0.020624840081635714,1.4085887403002875
continuous_energy,440_SinglePlusCompton,500,37,422.4605839312547,270.49114990234375,0.0624253055080553,2.2410347536465633
continuous_energy,440_SinglePlusCompton,550,13,252.43423484349333,230.8019561767578,0.010414064760722387,0.4078913026909403
continuous_energy,440_SinglePlusCompton,550,22,299.53806613124044,251.17042541503906,0.021396556911187876,1.3804584041556198
continuous_energy,440_SinglePlusCompton,550,37,443.6408823583835,276.8514099121094,0.06693902556257483,2.3304179855225104
continuous_energy,440_SinglePlusCompton,600,13,260.1544446224808,236.78208923339844,0.010967587898951643,0.4327350066846719
continuous_energy,440_SinglePlusCompton,600,22,304.94106344157433,254.33641052246094,0.022107488273835907,1.3476123677541563
continuous_energy,440_SinglePlusCompton,600,37,463.6107459051307,282.3117980957031,0.07135489083439565,2.4140456181987595
continuous_energy,440_SinglePlusCompton,650,13,267.2894494355196,242.24468994140625,0.011487356257734992,0.4565440109943879
continuous_energy,440_SinglePlusCompton,650,22,309.187685228084,256.5924377441406,0.02277509204278279,1.314165310304488
continuous_energy,440_SinglePlusCompton,650,37,482.57521696016664,287.04779052734375,0.075685200585362,2.4909223395311115
continuous_energy,440_SinglePlusCompton,700,13,273.9085651854123,247.26466369628906,0.011972731786810083,0.47880895125174916
continuous_energy,440_SinglePlusCompton,700,22,312.52609362036617,258.1334228515625,0.023412815042157357,1.282393342501919
continuous_energy,440_SinglePlusCompton,700,37,500.69116236351016,291.1925964355469,0.07993890889184291,2.560549184915255
continuous_energy,440_SinglePlusCompton,750,13,280.06677256750504,251.90020751953125,0.012424040335183505,0.49913067838167124
continuous_energy,440_SinglePlusCompton,750,22,315.15381868093993,259.1130676269531,0.024031015394693805,1.2534173206214483
continuous_energy,440_SinglePlusCompton,750,37,518.0794727520107,294.84844970703125,0.08412269771010511,2.6228266979110626
continuous_energy,440_SinglePlusCompton,800,13,285.8092243129378,256.197998046875,0.012842162221668785,0.5172173200980116
continuous_energy,440_SinglePlusCompton,800,22,317.2275884437879,259.65264892578125,0.02463758998210455,1.2276766151298322
continuous_energy,440_SinglePlusCompton,800,37,534.8337909632829,298.0946350097656,0.08824161045582114,2.677955029086042
continuous_energy,440_SinglePlusCompton,850,13,291.17396297219966,260.1963195800781,0.01322832076355751,0.5328809616883976
continuous_energy,440_SinglePlusCompton,850,22,318.8714500702325,259.8475646972656,0.025238679814166536,1.205240999962302
continuous_energy,440_SinglePlusCompton,850,37,551.0271166589431,300.9933166503906,0.09229950233929074,2.726340413116925
continuous_energy,440_SinglePlusCompton,900,13,296.19386840326735,263.92724609375,0.013583971756138964,0.5460329160416106
continuous_energy,440_SinglePlusCompton,900,22,320.18337266977187,259.7732849121094,0.025838807771725265,1.1859761040348946
continuous_energy,440_SinglePlusCompton,900,37,566.7165270220023,303.5937805175781,0.09629927422383752,2.768512942421738
continuous_energy,440_SinglePlusCompton,950,13,300.8973568602753,267.4180603027344,0.013910510888889036,0.5566642701742038
continuous_energy,440_SinglePlusCompton,950,22,321.2410207811115,259.4892883300781,0.026441567780410995,1.169663275803896
continuous_energy,440_SinglePlusCompton,950,37,581.9470049884671,305.9353942871094,0.10024324519906491,2.8050666842815293
continuous_energy,440_SinglePlusCompton,1000,13,305.30995366118054,270.69219970703125,0.014209560194861724,0.5648452817363036
continuous_energy,440_SinglePlusCompton,1000,22,322.1055971927813,259.04266357421875,0.02704956985696352,1.1560412925946932
continuous_energy,440_SinglePlusCompton,1000,37,596.7542162535602,308.0500793457031,0.1041331899746313,2.8366079972620164
continuous_energy,440_SinglePlusCompton,1050,13,309.45397056855825,273.7699890136719,0.01448254738847147,0.5706949314894675
continuous_energy,440_SinglePlusCompton,1050,22,322.82575770093354,258.4708251953125,0.027664816912225308,1.1448488718731937
continuous_energy,440_SinglePlusCompton,1050,37,611.1664137294135,309.9638977050781,0.10797046518226781,2.8637223501023534
continuous_energy,440_SinglePlusCompton,1100,13,313.3495427562655,276.6694030761719,0.014730834093872991,0.5743705004312175
continuous_energy,440_SinglePlusCompton,1100,22,323.44005329979854,257.8034973144531,0.028288796470991546,1.1358343182835458
continuous_energy,440_SinglePlusCompton,1100,37,625.2065747665916,311.69842529296875,0.11175622333562149,2.8869577895785548
continuous_energy,440_SinglePlusCompton,1150,13,317.01441588749714,279.4061279296875,0.01495564429077382,0.576051483977374
continuous_energy,440_SinglePlusCompton,1150,22,323.97911624651283,257.0644836425781,0.028922545319611383,1.1287627145902137
continuous_energy,440_SinglePlusCompton,1150,37,638.8931930872222,313.2718200683594,0.11549124511025768,2.9068083655312837
continuous_energy,440_SinglePlusCompton,1200,13,320.4648042414868,281.993896484375,0.015158290160307071,0.5759353811261555
continuous_energy,440_SinglePlusCompton,1200,22,324.46721298906624,256.27276611328125,0.029566781046983143,1.1234191883427422
continuous_energy,440_SinglePlusCompton,1200,37,652.2414731134073,314.6992492675781,0.11917629808686482,2.9237156247054235
continuous_energy,440_SinglePlusCompton,1250,13,323.71465834211153,284.4449462890625,0.01533970420692072,0.5742112619356536
continuous_energy,440_SinglePlusCompton,1250,22,324.9236656961035,255.44357299804688,0.030221979003727376,1.1196097057304997
continuous_energy,440_SinglePlusCompton,1250,37,665.2637801727408,315.99371337890625,0.12281189009852472,2.938063981581362
continuous_energy,440_SinglePlusCompton,1300,13,326.7765218394356,286.7698669433594,0.015500875056094297,0.5710682825342974
continuous_energy,440_SinglePlusCompton,1300,22,325.3635874053165,254.58892822265625,0.030888425019873916,1.117159811839586
continuous_energy,440_SinglePlusCompton,1300,37,677.9706036284183,317.16632080078125,0.1263985553617696,2.9501879613146453
continuous_energy,440_SinglePlusCompton,1350,13,329.66152429396647,288.97796630859375,0.01564269895539663,0.5666853078312364
continuous_energy,440_SinglePlusCompton,1350,22,325.7988498267613,253.71847534179688,0.03156620930951183,1.1159125915482762
continuous_energy,440_SinglePlusCompton,1350,37,690.3708209240822,318.22674560546875,0.1299367267933295,2.9603745568806783
continuous_energy,440_SinglePlusCompton,1400,13,332.3797029853853,291.07763671875,0.015765960332104683,0.5612270436023669
continuous_energy,440_SinglePlusCompton,1400,22,326.2383877714192,252.83961486816406,0.032255306256992994,1.1157270632549687
continuous_energy,440_SinglePlusCompton,1400,37,702.4722485857842,319.1834716796875,0.13342683959899235,2.9688691886516567
continuous_energy,440_SinglePlusCompton,1450,13,334.9402290713018,293.07635498046875,0.01587143243254172,0.5548452152260656
continuous_energy,440_SinglePlusCompton,1450,22,326.6892724721256,251.9582061767578,0.03295567124641,1.1164812699567475
continuous_energy,440_SinglePlusCompton,1450,37,714.2818573986674,320.0441589355469,0.13686920224951254,2.975879547291612
continuous_energy,440_SinglePlusCompton,1500,13,337.3514304572093,294.9810485839844,0.015959737856839757,0.5476739702299656
continuous_energy,440_SinglePlusCompton,1500,22,327.1565468170809,251.07861328125,0.033667159523198986,1.1180658182025782
continuous_energy,440_SinglePlusCompton,1500,37,725.8066226480328,320.8157043457031,0.14026430225495215,2.9815849486083357
continuous_energy,440_SinglePlusCompton,1550,13,339.62124271459425,296.7981872558594,0.01603149034428217,0.539834209966253
continuous_energy,440_SinglePlusCompton,1550,22,327.6439926628271,250.2041778564453,0.03438960908283691,1.1203848362472069
continuous_energy,440_SinglePlusCompton,1550,37,737.0531856216344,321.50457763671875,0.14361247324463053,2.9861357248206466
continuous_energy,440_SinglePlusCompton,1600,13,341.7571884853571,298.5337219238281,0.016087319599193715,0.5314354494547158
continuous_energy,440_SinglePlusCompton,1600,22,328.154260921146,249.33746337890625,0.03512276827742292,1.1233516368008172
continuous_energy,440_SinglePlusCompton,1600,37,748.0280828096692,322.1165771484375,0.14691420431683705,2.9896610010024767
continuous_energy,440_SinglePlusCompton,1650,13,343.7660744177509,300.19329833984375,0.01612767370553028,0.5225694482416848
continuous_energy,440_SinglePlusCompton,1650,22,328.68951649312595,248.4804229736328,0.035866493607472655,1.1268931871350563
continuous_energy,440_SinglePlusCompton,1650,37,758.7380065832408,322.65728759765625,0.15016990188376106,2.9922691386575697
continuous_energy,440_SinglePlusCompton,1700,13,345.6548635731329,301.7821960449219,0.01615317570206249,0.5133227212248233
continuous_energy,440_SinglePlusCompton,1700,22,329.2511770742226,247.634521484375,0.036620569835749,1.1309425839039153
continuous_energy,440_SinglePlusCompton,1700,37,769.1892700442287,323.1318359375,0.15337992611955484,2.994052110492354
continuous_energy,440_SinglePlusCompton,1750,13,347.4293460323626,303.30535888671875,0.016164123365311072,0.5037621978531193
continuous_energy,440_SinglePlusCompton,1750,22,329.8401679807749,246.8009490966797,0.03738470175978227,1.135439155141341
continuous_energy,440_SinglePlusCompton,1750,37,779.3882278149048,323.5447692871094,0.15654486790608427,2.995090008937661
continuous_energy,440_SinglePlusCompton,1800,13,349.0954364761888,304.7671813964844,0.01616106318585237,0.49395369332097494
continuous_energy,440_SinglePlusCompton,1800,22,330.45724672058316,245.98056030273438,0.038158700343312243,1.140330622653461
continuous_energy,440_SinglePlusCompton,1800,37,789.3409206964916,323.90045166015625,0.1596651298435518,2.9954516566907277
continuous_energy,440_SinglePlusCompton,1850,13,350.6584367547003,306.17205810546875,0.016144291518996188,0.4839480806606947
continuous_energy,440_SinglePlusCompton,1850,22,331.10290222618727,245.1741485595703,0.03894227573495976,1.1455673200771563
continuous_energy,440_SinglePlusCompton,1850,37,799.0531296579551,324.20281982421875,0.1627411679074496,2.9951939810500483
continuous_energy,440_SinglePlusCompton,1900,13,352.1230731102457,307.5237121582031,0.01611415430520571,0.4737907530881617
continuous_energy,440_SinglePlusCompton,1900,22,331.7776349406769,244.3822479248047,0.03973528617474309,1.1511094244883455
continuous_energy,440_SinglePlusCompton,1900,37,808.530320432114,324.4553527832031,0.16577352494007036,2.994367081853881
continuous_energy,440_SinglePlusCompton,1950,13,353.4944147363434,308.82568359375,0.016071177407983854,0.4635267584550714
continuous_energy,440_SinglePlusCompton,1950,22,332.4816206400547,243.60533142089844,0.040537467669419604,1.156916444241926
continuous_energy,440_SinglePlusCompton,1950,37,817.7779903638208,324.6614074707031,0.16876268682323398,2.9930147660489577
continuous_energy,440_SinglePlusCompton,2000,13,354.7761421813572,310.08123779296875,0.01601548201673015,0.45318433927456886
continuous_energy,440_SinglePlusCompton,2000,22,333.21508796344,242.84385681152344,0.04134857697290544,1.1629540288051872
continuous_energy,440_SinglePlusCompton,2000,37,826.8014677210477,324.8240051269531,0.17170921096107739,2.991176111736559
