model,bin,volume_mm3,accepted_mass,adequate,predicted_efficiency,observed_efficiency,relative_bias,relative_se,hold
angular,0,41506.72213922829,218.55,False,0.0001251276325265183,0.00012907551089918286,-0.03058580473679573,0.024635557782752122,False
angular,1,58109.410994919606,307.44999999999993,False,0.00012596921193388158,0.00012969985889451174,-0.028763693287163772,0.02280818975424286,False
angular,2,66410.75542276527,348.4,False,0.00012643619194719458,0.00012860303133515016,-0.01684905375448431,0.018593019849823676,False
angular,3,66410.75542276527,349.9,False,0.00012645668502329064,0.00012915671832425097,-0.020905093718639023,0.02097834436830412,False
angular,4,58109.410994919606,308.8,False,0.0001259567762284557,0.0001302693655118726,-0.03310516840602751,0.01965068218697128,False
angular,5,41506.72213922829,220.7,False,0.00012502975477144567,0.00013034529972752074,-0.0407804881893471,0.026148460902507935,False
angular,6,44814.81920345845,235.2,False,0.00012517569581957516,0.00012865514195583615,-0.027044749890022923,0.024880845614625745,False
angular,7,62740.74688484182,331.6,False,0.00012601908814964457,0.00012956160432627296,-0.027342330276393656,0.022756190900201815,False
angular,8,71703.71072553353,377.15,False,0.0001264854423754313,0.00012893889984227116,-0.019028062670312318,0.017862818240604702,False
angular,9,71703.71072553353,376.44999999999993,False,0.00012650586932262962,0.00012869958596214496,-0.01704525017011771,0.020637569119871926,False
angular,10,62740.74688484182,334.79999999999995,False,0.0001260044818478269,0.00013081189725101385,-0.03675059764603861,0.01967341163032343,False
angular,11,44814.81920345845,236.6,False,0.00012507780966922264,0.00012942094637224,-0.03355822086577587,0.02630537988317123,False
angular,12,34240.21833147517,181.65000000000003,False,0.0001253287391475294,0.00013005000000000002,-0.03630342831580646,0.02443380702157164,False
angular,13,47936.30566406524,254.0,False,0.00012617745195516572,0.00012989147103928267,-0.028593248304915497,0.022440485487639474,False
angular,14,54784.34933036028,286.55,False,0.00012664169377841084,0.0001282198854252684,-0.012308478061910155,0.018258027404061017,False
angular,15,54784.34933036028,287.2500000000001,False,0.00012666359635317732,0.00012853310796862087,-0.01454498101687507,0.021210740745630646,False
angular,16,47936.30566406524,256.3,False,0.00012615660028629684,0.00013106765365105576,-0.03746960617631656,0.020139987381625674,False
angular,17,34240.21833147517,180.7,False,0.00012522668034623208,0.0001293698596201486,-0.0320258465618003,0.02590939185423011,False
angular,18,33816.103323240546,177.60000000000002,False,0.0001252585254290914,0.00012874515050167228,-0.027081603143845,0.024696105270683708,False
angular,19,47342.54465253676,252.45000000000005,False,0.0001261049689994162,0.00013071795867176304,-0.035289639765031855,0.02259553788417467,False
angular,20,54105.765317184865,285.9000000000001,False,0.00012656952939521485,0.00012953349707357876,-0.02288186257088609,0.018316577822879872,False
angular,21,54105.765317184865,283.40000000000003,False,0.00012659120513613156,0.00012840081521739145,-0.014093446978479807,0.021343800642333047,False
angular,22,47342.54465253676,255.10000000000002,False,0.0001260863094445586,0.0001320901218346871,-0.04545239497653253,0.019633642056095118,False
angular,23,33816.103323240546,178.5,False,0.00012515877011347453,0.00012939757525083604,-0.0327579951103768,0.02623952770340367,False
angular,24,41167.430132640606,217.55,False,0.0001251002261353514,0.0001295438530219782,-0.03430210529459021,0.02572205037089418,False
angular,25,57634.40218569684,303.7,False,0.00012594179794743672,0.00012917381279434865,-0.025020666162865912,0.02317539685080079,False
angular,26,65867.88821222496,344.54999999999995,False,0.00012641119516650854,0.0001282301038804947,-0.01418472463908571,0.018745544552280193,False
angular,27,65867.88821222496,346.54999999999995,False,0.0001264293058801153,0.00012897443767170356,-0.01973361417606434,0.021463771002083645,False
angular,28,57634.40218569684,307.8,False,0.00012593097365766356,0.00013091768053375227,-0.03809040043909939,0.020573790576080764,False
angular,29,41167.430132640606,218.65,False,0.00012500193058118786,0.00013019886675824188,-0.03991537181889515,0.026559486187736694,False
angular,30,36445.61637429513,192.95000000000002,False,0.00012530700713553404,0.00012978095422808405,-0.03447306362601754,0.024669477941524357,False
angular,31,51023.862924013185,271.05,False,0.00012615557491454365,0.00013022295799623224,-0.031233993946031213,0.02254080153110605,False
angular,32,58312.98619887221,306.45000000000005,False,0.00012661785033228954,0.00012882668250581875,-0.017145766160899467,0.01823307884769354,False
angular,33,58312.98619887221,304.95000000000005,False,0.0001266402651797596,0.00012819610647789005,-0.012136416158620156,0.02138694300180321,False
angular,34,51023.862924013185,274.70000000000005,False,0.00012613379204973028,0.0001319765599024718,-0.04427125435804069,0.020165763097632607,False
angular,35,36445.61637429513,191.6,False,0.00012520626545308748,0.00012887292474786675,-0.028451742691126936,0.02605220948674795,False
angular,36,40743.31512440597,213.55,False,0.0001251324350160521,0.00012848566967383777,-0.026098121808431296,0.02491563689510947,False
angular,37,57040.641174168355,301.7,False,0.0001259737761686467,0.00012965891741845948,-0.028421811034557765,0.022931751092967325,False
angular,38,65189.30419904955,342.54999999999995,False,0.00012644246571819737,0.00012881282529493435,-0.018401580520493344,0.018476059626442207,False
angular,39,65189.30419904955,343.54999999999995,False,0.00012646228642016258,0.00012918886623872333,-0.02110537771515386,0.020855576394258512,False
angular,40,57040.641174168355,302.8,False,0.0001259623887912292,0.00013013165460493722,-0.032038828879609516,0.01960023758656232,False
angular,41,40743.31512440597,216.65,False,0.0001250345784704524,0.0001303508327550315,-0.04078419885947293,0.026419294310198686,False
angular,42,36445.61637429511,192.95000000000002,False,0.0001253070071355341,0.00012978095422808408,-0.03447306362601732,0.024669477941524364,False
angular,43,51023.86292401316,271.05,False,0.0001261555749145438,0.00013022295799623224,-0.031233993946030103,0.022540801531106054,False
angular,44,58312.98619887219,306.45000000000005,False,0.00012661785033228962,0.0001288266825058188,-0.017145766160899356,0.018233078847693537,False
angular,45,58312.98619887219,304.95000000000005,False,0.00012664026517975965,0.00012819610647789013,-0.012136416158620378,0.021386943001803205,False
angular,46,51023.86292401316,274.70000000000005,False,0.00012613379204973033,0.00013197655990247186,-0.04427125435804069,0.02016576309763261,False
angular,47,36445.61637429511,191.6,False,0.0001252062654530875,0.00012887292474786678,-0.028451742691126936,0.02605220948674796,False
angular,48,112972.9284601503,648.45,True,0.00013858531583791424,0.00014070631444589068,-0.015073940471890257,0.013687719905101245,False
angular,49,158162.09984421072,927.35,True,0.00013992381569475327,0.00014373175671810422,-0.026493386780343298,0.01172601166849767,False
angular,50,180756.68553624087,1063.0,True,0.00014086227589018267,0.0001441618592952247,-0.022888046957586172,0.011491545604603881,False
angular,51,180756.68553624087,1076.9,True,0.00014087233562301308,0.00014604694851837023,-0.03543116064972951,0.011653563806439286,False
angular,52,158162.09984421072,928.15,True,0.0001397709304453297,0.00014385575025385055,-0.028395248721811317,0.012007647895616133,False
angular,53,112972.9284601503,649.4000000000001,True,0.0001383547052207974,0.0001409124536990692,-0.018151330213396877,0.01521533936310196,False
angular,54,119504.29958696428,689.9499999999999,True,0.00013870446353781807,0.00014152904225618612,-0.019957590847362594,0.01358723107073902,False
angular,55,167306.01942175062,984.0,True,0.00014004957256651425,0.00014417667696425907,-0.02862532612516744,0.011643604688884177,False
angular,56,191206.8793391438,1122.7000000000003,True,0.0001409896897096421,0.0001439367488051848,-0.02047468155287757,0.010992960839490869,False
angular,57,191206.8793391438,1143.6500000000003,True,0.00014100684191495607,0.00014662266212795013,-0.03830117480811679,0.011659563548628297,False
angular,58,167306.01942175062,978.45,True,0.00013990274712914386,0.0001433634853411376,-0.024139607123521034,0.012051172631541403,False
angular,59,119504.29958696428,690.4499999999999,True,0.00013847983158699753,0.0001416316069654088,-0.0222533334609486,0.015393664524355548,False
angular,60,102901.61073127271,589.7,True,0.00013871763716090393,0.00014048192009671878,-0.01255879001796234,0.013364472174327378,False
angular,61,144062.25502378237,846.3000000000001,True,0.00014006151198900273,0.00014400766609880635,-0.02740238916931048,0.011895172892667548,False
angular,62,164642.57717003726,972.3499999999999,True,0.00014100333787773114,0.00014477445629774006,-0.026048230581873666,0.011577497447201534,False
angular,63,164642.57717003726,981.0999999999999,True,0.00014101505474328104,0.00014607725517942378,-0.0346542685918142,0.011714077257249706,False
angular,64,144062.25502378237,846.7500000000001,True,0.00013990815041755293,0.0001440842387677707,-0.02898365835106098,0.012107933801189793,False
angular,65,102901.61073127271,590.2500000000001,True,0.00013848334671446647,0.00014061294444139095,-0.015145104423953781,0.014808257359977714,False
angular,66,105700.76978562129,610.4000000000001,True,0.00013877042470457164,0.0001415623796276475,-0.019722435652887227,0.013332596305279977,False
angular,67,147981.07769987028,871.3500000000001,True,0.00014011790865870152,0.0001443437318486125,-0.029276111513751313,0.012180709933303273,False
angular,68,169121.23165699487,996.95,True,0.00014105904369844926,0.00014450628109618949,-0.023855277234943184,0.010989493342601589,False
angular,69,169121.23165699487,1007.85,True,0.00014107727320048074,0.00014608621836881952,-0.03428759553274796,0.011850472533609251,False
angular,70,147981.07769987028,866.1500000000001,True,0.00013997194177797306,0.00014348232437100557,-0.024465610021451978,0.012249776611387238,False
angular,71,105700.76978562129,606.9,True,0.0001385438214866749,0.0001407506687352872,-0.01567912442933228,0.015338712823890939,False
angular,72,112972.92846015016,648.45,True,0.00013858531583791435,0.00014070631444589084,-0.015073940471890701,0.013687719905101247,False
angular,73,158162.09984421087,927.35,True,0.0001399238156947532,0.000143731756718104,-0.02649338678034241,0.011726011668497674,False
angular,74,180756.68553624142,1063.0,True,0.00014086227589018237,0.00014416185929522432,-0.022888046957585617,0.011491545604603874,False
angular,75,180756.68553624142,1076.9,True,0.00014087233562301267,0.00014604694851836966,-0.03543116064972851,0.011653563806439294,False
angular,76,158162.09984421087,928.15,True,0.00013977093044532956,0.00014385575025385047,-0.02839524872181165,0.012007647895616128,False
angular,77,112972.92846015016,649.4000000000001,True,0.00013835470522079765,0.00014091245369906937,-0.01815133021339632,0.015215339363101965,False
angular,78,107566.87582185301,620.8,True,0.00013880574102209756,0.00014147660603511751,-0.018878492267173752,0.013310213941743492,False
angular,79,150593.62615059467,887.1500000000001,True,0.00014015489721965125,0.00014441155541703574,-0.02947588359596287,0.012026450046032044,False
angular,80,172107.00131496575,1014.5000000000001,True,0.00014109720191555277,0.0001444990504415933,-0.023542359037269756,0.011039337355208057,False
angular,81,172107.00131496575,1027.85,True,0.00014111600803254354,0.00014640054114972083,-0.03609640425968719,0.011810949278815402,False
angular,82,150593.62615059467,881.6,True,0.00014000854942567543,0.00014350811841927374,-0.02438586075927751,0.012232014815742487,False
angular,83,107566.87582185301,619.0999999999999,True,0.0001385786602793362,0.00014108918620544657,-0.017793893306994213,0.015230802371305951,False
angular,84,112972.92846015029,648.45,True,0.00013858531583791424,0.00014070631444589068,-0.015073940471890257,0.013687719905101245,False
angular,85,158162.0998442109,927.35,True,0.00013992381569475317,0.000143731756718104,-0.02649338678034263,0.01172601166849767,False
angular,86,180756.68553624128,1063.0,True,0.00014086227589018242,0.00014416185929522443,-0.02288804695758606,0.011491545604603876,False
angular,87,180756.68553624128,1076.9,True,0.00014087233562301276,0.00014604694851836977,-0.03543116064972862,0.011653563806439296,False
angular,88,158162.0998442109,928.15,True,0.00013977093044532956,0.00014385575025385047,-0.02839524872181165,0.012007647895616128,False
angular,89,112972.92846015029,649.4000000000001,True,0.0001383547052207974,0.0001409124536990692,-0.018151330213396877,0.01521533936310196,False
angular,90,107566.8758218528,620.8,True,0.00013880574102209778,0.00014147660603511762,-0.018878492267172975,0.013310213941743502,False
angular,91,150593.62615059427,887.1500000000001,True,0.00014015489721965157,0.00014441155541703614,-0.029475883595963315,0.012026450046032049,False
angular,92,172107.00131496496,1014.5000000000001,True,0.0001410972019155534,0.00014449905044159402,-0.0235423590372702,0.011039337355208054,False
angular,93,172107.00131496496,1027.85,True,0.0001411160080325441,0.00014640054114972148,-0.03609640425968752,0.011810949278815402,False
angular,94,150593.62615059427,881.6,True,0.00014000854942567578,0.00014350811841927412,-0.024385860759277622,0.012232014815742485,False
angular,95,107566.8758218528,619.0999999999999,True,0.0001385786602793365,0.00014108918620544668,-0.01779389330699288,0.015230802371305967,False
angular,96,138063.5723473114,952.3499999999999,True,0.0001682745700636123,0.00016909429653901202,-0.004847747630628008,0.012090826384783322,False
angular,97,193289.00128623543,1347.5000000000002,True,0.0001709029364213774,0.00017089647757526072,3.779391013969402e-05,0.009797674937565221,False
angular,98,220901.71575569746,1574.4000000000003,True,0.0001730886968133933,0.00017471390538603286,-0.009302113469724427,0.009519171390420215,False
angular,99,220901.71575569746,1556.1000000000004,True,0.0001729880348360773,0.00017268312256809315,0.001765732883732829,0.00935637923621198,False
angular,100,193289.00128623543,1365.4500000000003,True,0.00017068389948885103,0.00017317298352886065,-0.01437339698888307,0.008923098065550743,False
angular,101,138063.5723473114,957.5,True,0.0001681786195439019,0.00017000870366577843,-0.010764649588025366,0.011780746286118813,False
angular,102,138855.25369601598,957.1500000000001,True,0.00016810966358467457,0.000168977611484422,-0.005136466849795962,0.012086777946569224,False
angular,103,194397.35517442191,1355.2000000000003,True,0.000170740418646543,0.0001708930971288941,-0.0008934151520230138,0.009769879742427316,False
angular,104,222168.40591362488,1576.0500000000002,True,0.00017293295642460346,0.00017389983582773345,-0.005559978814975941,0.00956928519088223,False
angular,105,222168.40591362488,1563.0500000000004,True,0.00017282415391987782,0.00017246542837507612,0.0020799852363544424,0.009121982120197025,False
angular,106,194397.35517442191,1374.9000000000003,True,0.00017053053231683705,0.00017337730168426538,-0.016419504397481854,0.008953540712708733,False
angular,107,138855.25369601598,972.6500000000001,True,0.00016805086911093355,0.00017171401954795278,-0.021332855911606274,0.011925846580515806,False
angular,108,127347.59980591659,879.8,True,0.000168240910975768,0.0001693575932504431,-0.006593635710350321,0.012008415223398832,False
angular,109,178286.63972828272,1240.8999999999999,True,0.00017086480899630642,0.00017061981413346827,0.0014359109701438388,0.009879654239081645,False
angular,110,203756.1596894658,1450.1999999999996,True,0.00017304829707604215,0.00017447316274422705,-0.008166675297069714,0.009604493820883629,False
angular,111,203756.1596894658,1433.9999999999995,True,0.00017294770868885148,0.00017252414520426258,0.002455096845067173,0.009440085183751544,False
angular,112,178286.63972828272,1261.6999999999998,True,0.00017064261753006672,0.000173479748160365,-0.016354246881172707,0.009139466034693868,False
angular,113,127347.59980591659,882.0999999999999,True,0.00016814573683287496,0.00016980033303729913,-0.009744363717241522,0.01198311372580615,False
angular,114,130118.48452638283,900.7,True,0.0001682687876079581,0.0001696885919165571,-0.008367117038116212,0.012176369692667614,False
angular,115,182165.87833693548,1266.9,True,0.0001709036088233068,0.00017048523933693382,0.0024539924277322545,0.009846463198712815,False
angular,116,208189.5752422118,1480.35,True,0.00017310164821745394,0.00017430783490873496,-0.006919865030235561,0.00963619415662383,False
angular,117,208189.5752422118,1465.85,True,0.0001729897458504312,0.00017260049299217702,0.0022552244869415983,0.00912294688052523,False
angular,118,182165.87833693548,1289.9499999999998,True,0.00017069029998519433,0.00017358705066120286,-0.01668759659764163,0.009115556081276845,False
angular,119,130118.48452638283,910.7500000000001,True,0.00016821453731406084,0.0001715819752281609,-0.01962582555435799,0.012149814094481263,False
angular,120,136056.09464166645,936.05,True,0.0001680367102556356,0.00016865240024937695,-0.003650644715586404,0.012115683458206633,False
angular,121,190478.53249833296,1327.45,True,0.00017065513731828665,0.00017083766031350257,-0.0010684002279179872,0.009850152824241029,False
angular,122,217689.75142666622,1547.8500000000001,True,0.00017283163761540148,0.00017430199890897805,-0.00843571102328211,0.00956385271158691,False
angular,123,217689.75142666622,1531.4500000000003,True,0.00017273352939853545,0.00017245520963217017,0.0016138669684662155,0.009354510369814632,False
angular,124,190478.53249833296,1346.0500000000002,True,0.0001704362781212634,0.0001732314080869261,-0.016135237810109615,0.008955178842477669,False
angular,125,136056.09464166645,943.4499999999999,True,0.00016793857000263837,0.00016998569201995059,-0.012042907805863812,0.011875918289057192,False
angular,126,131136.36054614486,908.95,True,0.00016841483479414793,0.0001699136804657185,-0.008821218323694424,0.012103268582252562,False
angular,127,183590.90476460275,1277.8,True,0.00017105581069202743,0.00017061735353908776,0.002569827416993853,0.0098370555244677,False
angular,128,209818.1768738317,1492.65,True,0.00017325975528790114,0.00017439191866106142,-0.006492063289702643,0.009594803803378535,False
angular,129,209818.1768738317,1478.0499999999997,True,0.00017314659305365523,0.0001726861456985775,0.00266638272117925,0.009155716674619464,False
angular,130,183590.90476460275,1299.9499999999998,True,0.00017084274409207264,0.0001735749168360752,-0.015740596589672196,0.009114396634770861,False
angular,131,131136.36054614486,918.0500000000001,True,0.0001683618929321094,0.00017161478007762015,-0.0189545862194358,0.012095353323196835,False
angular,132,136056.09464166677,936.05,True,0.00016803671025563527,0.00016865240024937657,-0.003650644715586071,0.012115683458206633,False
angular,133,190478.53249833328,1327.45,True,0.0001706551373182864,0.00017083766031350214,-0.001068400227916877,0.009850152824241032,False
angular,134,217689.75142666654,1547.8500000000001,True,0.00017283163761540123,0.00017430199890897775,-0.008435711023281778,0.00956385271158691,False
angular,135,217689.75142666654,1531.4500000000003,True,0.0001727335293985352,0.0001724552096321699,0.0016138669684664375,0.009354510369814632,False
angular,136,190478.53249833328,1346.0500000000002,True,0.00017043627812126313,0.00017323140808692583,-0.016135237810109726,0.008955178842477667,False
angular,137,136056.09464166677,943.4499999999999,True,0.000167938570002638,0.0001699856920199502,-0.012042907805863812,0.011875918289057192,False
angular,138,131136.36054614597,908.95,True,0.00016841483479414638,0.00016991368046571706,-0.008821218323695201,0.012103268582252552,False
angular,139,183590.90476460385,1277.8,True,0.00017105581069202657,0.0001706173535390864,0.0025698274169967394,0.00983705552446771,False
angular,140,209818.1768738328,1492.65,True,0.00017325975528790022,0.00017439191866106056,-0.006492063289702976,0.009594803803378536,False
angular,141,209818.1768738328,1478.0499999999997,True,0.0001731465930536542,0.00017268614569857676,0.0026663827211774738,0.009155716674619455,False
angular,142,183590.90476460385,1299.9499999999998,True,0.00017084274409207158,0.00017357491683607412,-0.015740596589672085,0.009114396634770865,False
angular,143,131136.36054614597,918.0500000000001,True,0.0001683618929321079,0.00017161478007761868,-0.01895458621943602,0.01209535332319683,False
angular,144,102938.77128437452,844.75,True,0.0002150206734562295,0.0002011688346085937,0.06885678328149969,0.013593944575274323,False
angular,145,144114.27979812448,1235.6000000000004,True,0.00021866394625299438,0.00021017563272513279,0.0403867632884094,0.00987815828843826,False
angular,146,164702.03405499924,1479.2000000000003,True,0.0002229093460637946,0.00022016050618010654,0.012485617567754348,0.01072426310232664,False
angular,147,164702.03405499924,1455.4500000000003,True,0.0002229424496491451,0.00021662561433196076,0.02916014958186941,0.00954163869769112,False
angular,148,144114.27979812448,1264.5500000000002,True,0.00021881159275820815,0.00021510002942907622,0.01725505728187593,0.010513223436375698,False
angular,149,102938.77128437452,841.05,True,0.00021510154313899777,0.00020028771630370857,0.07396273275604215,0.01380476843714027,False
angular,150,103984.92163802002,851.1500000000001,True,0.0002148293405904176,0.00020065371931323828,0.07064718922578206,0.01323301256491206,False
angular,151,145578.89029322815,1253.0,True,0.00021843597786827082,0.00021099110472343088,0.03528524652543408,0.010119470988888534,False
angular,152,166375.87462083198,1498.0000000000005,True,0.00022267309034880843,0.00022071555508079596,0.008869040821775753,0.010911559122521418,False
angular,153,166375.87462083198,1466.4500000000005,True,0.0002227128099595784,0.0002160669731296618,0.030758226181696324,0.009429626897054795,False
angular,154,145578.89029322815,1277.8000000000002,True,0.000218630417812209,0.0002151671457426974,0.016095729008986703,0.010491370019680235,False
angular,155,103984.92163802002,848.95,True,0.00021492294535663484,0.00020013508196084558,0.07388941134609461,0.013036481176883045,False
angular,156,98091.7426188359,803.5,True,0.00021483213205385681,0.0002008005558987036,0.06987817385441719,0.013678079701890347,False
angular,157,137328.43966637045,1178.3,True,0.00021847013449060714,0.00021033273625694913,0.03868821553159041,0.010030922491933752,False
angular,158,156946.7881901375,1410.3999999999999,True,0.00022270581563663832,0.00022029332921556574,0.010951245912271146,0.01086172444030359,False
angular,159,156946.7881901375,1387.1,True,0.0002227343202824734,0.00021665405342804266,0.028064403865170284,0.009675490796634694,False
angular,160,137328.43966637045,1202.5,True,0.00021861039939657527,0.00021465256331068604,0.018438336001423306,0.010524611436084371,False
angular,161,98091.7426188359,803.25,True,0.00021491653485984676,0.00020073807906114945,0.0706316203931503,0.013626038583623282,False
angular,162,97045.5922651905,795.1000000000001,True,0.00021509645686045814,0.00020084333222342529,0.07096638200155514,0.013333111350467693,False
angular,163,135863.82917126687,1171.1,True,0.00021869517105789382,0.00021130102805294297,0.03499340761890757,0.01016169445490132,False
angular,164,155272.94762430486,1398.8999999999996,True,0.00022294158287752543,0.00022085251654457746,0.009459101329851949,0.01102479210756428,False
angular,165,155272.94762430486,1369.4999999999998,True,0.00022298186138376501,0.00021621096676517168,0.0313161479267019,0.009526366015317454,False
angular,166,135863.82917126687,1192.15,True,0.0002188892058744292,0.0002150990697577627,0.01762042077139081,0.010380305545744177,False
angular,167,97045.5922651905,796.25,True,0.00021519096661584417,0.0002011338237742453,0.06988950231153934,0.012838204355035732,False
angular,168,102938.77128437451,844.75,True,0.0002150206734562295,0.00020116883460859377,0.06885678328149925,0.013593944575274318,False
angular,169,144114.27979812445,1235.6000000000004,True,0.0002186639462529944,0.0002101756327251328,0.0403867632884094,0.009878158288438259,False
angular,170,164702.0340549992,1479.2000000000003,True,0.0002229093460637946,0.00022016050618010665,0.012485617567753904,0.010724263102326638,False
angular,171,164702.0340549992,1455.4500000000003,True,0.0002229424496491451,0.0002166256143319608,0.029160149581869188,0.009541638697691118,False
angular,172,144114.27979812445,1264.5500000000002,True,0.00021881159275820823,0.00021510002942907622,0.017255057281876374,0.010513223436375698,False
angular,173,102938.77128437451,841.05,True,0.00021510154313899782,0.0002002877163037086,0.07396273275604237,0.01380476843714027,False
angular,174,98091.74261883587,802.5000000000001,True,0.00021486247648798556,0.00020055064854848743,0.07136266096909649,0.013336118083299302,False
angular,175,137328.43966637042,1183.4,True,0.00021846165411515105,0.00021124311303273675,0.034171722707455165,0.010224657128371171,False
angular,176,156946.78819013748,1414.05,True,0.0002226983026466743,0.00022086343035824656,0.008307723399258782,0.011031502108343605,False
angular,177,156946.78819013748,1383.8000000000002,True,0.00022273616263905851,0.00021613861951822182,0.030524591743681828,0.009541655089460973,False
angular,178,137328.43966637042,1203.95,True,0.0002186533589592177,0.00021491139592340995,0.017411654787917064,0.01046134563601519,False
angular,179,98091.74261883587,803.7,True,0.00021495861007461117,0.000200850537368747,0.0702416477978487,0.012871042701747002,False
angular,180,102938.77128437448,844.75,True,0.0002150206734562296,0.0002011688346085938,0.06885678328149969,0.013593944575274321,False
angular,181,144114.27979812442,1235.6000000000004,True,0.0002186639462529945,0.00021017563272513287,0.0403867632884094,0.009878158288438259,False
angular,182,164702.03405499918,1479.2000000000003,True,0.00022290934606379473,0.00022016050618010673,0.012485617567754126,0.010724263102326638,False
angular,183,164702.03405499918,1455.4500000000003,True,0.00022294244964914513,0.00021662561433196095,0.029160149581868744,0.009541638697691118,False
angular,184,144114.27979812442,1264.5500000000002,True,0.00021881159275820828,0.0002151000294290763,0.01725505728187615,0.010513223436375702,False
angular,185,102938.77128437448,841.05,True,0.00021510154313899793,0.00020028771630370868,0.07396273275604237,0.01380476843714027,False
angular,186,98091.7426188359,802.5000000000001,True,0.0002148624764879855,0.00020055064854848734,0.07136266096909671,0.013336118083299302,False
angular,187,137328.43966637045,1183.4,True,0.00021846165411515094,0.00021124311303273666,0.034171722707455165,0.010224657128371171,False
angular,188,156946.7881901375,1414.05,True,0.00022269830264667423,0.0002208634303582465,0.00830772339925856,0.011031502108343604,False
angular,189,156946.7881901375,1383.8000000000002,True,0.0002227361626390585,0.0002161386195182218,0.030524591743681828,0.009541655089460973,False
angular,190,137328.43966637045,1203.95,True,0.00021865335895921762,0.00021491139592340992,0.01741165478791662,0.01046134563601519,False
angular,191,98091.7426188359,803.7,True,0.0002149586100746111,0.00020085053736874692,0.0702416477978487,0.012871042701747002,False
continuous_energy,0,41506.72213922829,218.55,False,0.00012802608566753488,0.00012907551089918286,-0.008130320184962514,0.024623459547994542,False
continuous_energy,1,58109.410994919606,307.44999999999993,False,0.00012970831650891646,0.00012969985889451174,6.52091257216103e-05,0.02280138761998939,False
continuous_energy,2,66410.75542276527,348.4,False,0.00013064403244602917,0.00012860303133515016,0.015870552114436443,0.018586325122319294,False
continuous_energy,3,66410.75542276527,349.9,False,0.0001306639637152843,0.00012915671832425097,0.011669895384375906,0.020969989086406567,False
continuous_energy,4,58109.410994919606,308.8,False,0.0001296919398981899,0.0001302693655118726,-0.004432551056142819,0.019637507414033844,False
continuous_energy,5,41506.72213922829,220.7,False,0.00012795750432294137,0.00013034529972752074,-0.018318998917267626,0.026129800752146697,False
continuous_energy,6,44814.81920345845,235.2,False,0.00012807092319467979,0.00012865514195583615,-0.0045409670556105786,0.024868867512032208,False
continuous_energy,7,62740.74688484182,331.6,False,0.00012975611914772039,0.00012956160432627296,0.0015013307565843181,0.022749442480022385,False
continuous_energy,8,71703.71072553353,377.15,False,0.0001306917282924853,0.00012893889984227116,0.013594256290059281,0.01785598629056058,False
continuous_energy,9,71703.71072553353,376.44999999999993,False,0.00013071166727929043,0.00012869958596214496,0.015633937763694927,0.020629084099104827,False
continuous_energy,10,62740.74688484182,334.79999999999995,False,0.00012973756599885338,0.00013081189725101385,-0.008212794667284307,0.019660432430027335,False
continuous_energy,11,44814.81920345845,236.6,False,0.00012800248743301027,0.00012942094637224,-0.010960041469253112,0.026286672772299166,False
continuous_energy,12,34240.21833147517,181.65000000000003,False,0.00012821406399665195,0.00013005000000000002,-0.014117154966152068,0.024422126090007663,False
continuous_energy,13,47936.30566406524,254.0,False,0.0001299078139709806,0.00012989147103928267,0.00012581989846727204,0.02243393163208556,False
continuous_energy,14,54784.34933036028,286.55,False,0.00013084302047750853,0.0001282198854252684,0.02045809855109404,0.01825155327721289,False
continuous_energy,15,54784.34933036028,287.2500000000001,False,0.0001308648971138513,0.00012853310796862087,0.01814154486795494,0.021202653287950284,False
continuous_energy,16,47936.30566406524,256.3,False,0.0001298833782323142,0.00013106765365105576,-0.009035604023968413,0.020127572009984825,False
continuous_energy,17,34240.21833147517,180.7,False,0.0001281419951426802,0.0001293698596201486,-0.009491117027363494,0.025890687545760824,False
continuous_energy,18,33816.103323240546,177.60000000000002,False,0.00012814834268802915,0.00012874515050167228,-0.004635575097917011,0.02468419539406282,False
continuous_energy,19,47342.54465253676,252.45000000000005,False,0.00012983845521163655,0.00013071795867176304,-0.006728252713423699,0.022588999427163543,False
continuous_energy,20,54105.765317184865,285.9000000000001,False,0.00013077319784671575,0.00012953349707357876,0.009570503392128726,0.018310118872980938,False
continuous_energy,21,54105.765317184865,283.40000000000003,False,0.0001307945277963138,0.00012840081521739145,0.018642502969078878,0.021335662738626717,False
continuous_energy,22,47342.54465253676,255.10000000000002,False,0.0001298158401651358,0.0001320901218346871,-0.017217651388024446,0.019621009478258355,False
continuous_energy,23,33816.103323240546,178.5,False,0.0001280782437059191,0.00012939757525083604,-0.010195952608535563,0.02622093036955292,False
continuous_energy,24,41167.430132640606,217.55,False,0.00012800039255970525,0.0001295438530219782,-0.01191457893421688,0.025710515196660535,False
continuous_energy,25,57634.40218569684,303.7,False,0.0001296819690994743,0.00012917381279434865,0.003933895687778799,0.0231685853405607,False
continuous_energy,26,65867.88821222496,344.54999999999995,False,0.0001306197834237851,0.0001282301038804947,0.0186358699788427,0.018738806190859422,False
continuous_energy,27,65867.88821222496,346.54999999999995,False,0.0001306373468644337,0.00012897443767170356,0.012893323845791782,0.02145555014881301,False
continuous_energy,28,57634.40218569684,307.8,False,0.0001296675939159262,0.00013091768053375227,-0.009548646238838443,0.02056129003718364,False
continuous_energy,29,41167.430132640606,218.65,False,0.0001279316517336793,0.00013019886675824188,-0.017413477405855082,0.026541009372885505,False
continuous_energy,30,36445.61637429513,192.95000000000002,False,0.00012819364753031992,0.00012978095422808405,-0.012230659785214093,0.024657817169197904,False
continuous_energy,31,51023.862924013185,271.05,False,0.00012988694656018083,0.00013022295799623224,-0.002580278018727955,0.022534280073662448,False
continuous_energy,32,58312.98619887221,306.45000000000005,False,0.0001308199129084271,0.00012882668250581875,0.015472186070756955,0.018226617155727133,False
continuous_energy,33,58312.98619887221,304.95000000000005,False,0.0001308421712264703,0.00012819610647789005,0.020640757518143538,0.021378847867957785,False
continuous_energy,34,51023.862924013185,274.70000000000005,False,0.0001298612985758563,0.0001319765599024718,-0.01602755313654669,0.020153501837367815,False
continuous_energy,35,36445.61637429513,191.6,False,0.0001281227073177999,0.00012887292474786675,-0.00582137350831935,0.026033430631944073,False
continuous_energy,36,40743.31512440597,213.55,False,0.00012803058049420507,0.00012848566967383777,-0.0035419450339322367,0.024903574878087354,False
continuous_energy,37,57040.641174168355,301.7,False,0.00012971265245149708,0.00012965891741845948,0.00041443376288707867,0.022924982629199262,False
continuous_energy,38,65189.30419904955,342.54999999999995,False,0.0001306501512466509,0.00012881282529493435,0.014263532746135565,0.018469348037210696,False
continuous_energy,39,65189.30419904955,343.54999999999995,False,0.00013066940304094947,0.00012918886623872333,0.011460250757912238,0.020847186062326127,False
continuous_energy,40,57040.641174168355,302.8,False,0.0001296973970086795,0.00013013165460493722,-0.0033370635113806335,0.01958700801625294,False
continuous_energy,41,40743.31512440597,216.65,False,0.00012796209407899583,0.0001303508327550315,-0.01832545773240135,0.02640083049617243,False
continuous_energy,42,36445.61637429511,192.95000000000002,False,0.00012819364753031997,0.00012978095422808408,-0.012230659785213871,0.024657817169197908,False
continuous_energy,43,51023.86292401316,271.05,False,0.0001298869465601809,0.00013022295799623224,-0.002580278018727511,0.022534280073662455,False
continuous_energy,44,58312.98619887219,306.45000000000005,False,0.00013081991290842717,0.0001288266825058188,0.015472186070756955,0.01822661715572713,False
continuous_energy,45,58312.98619887219,304.95000000000005,False,0.00013084217122647036,0.00012819610647789013,0.020640757518143316,0.02137884786795778,False
continuous_energy,46,51023.86292401316,274.70000000000005,False,0.0001298612985758564,0.00013197655990247186,-0.01602755313654647,0.02015350183736781,False
continuous_energy,47,36445.61637429511,191.6,False,0.00012812270731779997,0.00012887292474786678,-0.0058213735083189055,0.026033430631944084,False
continuous_energy,48,112972.9284601503,648.45,True,0.00014054466561597755,0.00014070631444589068,-0.0011488384906512827,0.013681629196228715,False
continuous_energy,49,158162.09984421072,927.35,True,0.00014303047539354334,0.00014373175671810422,-0.00487909798484043,0.01172775827039063,False
continuous_energy,50,180756.68553624087,1063.0,True,0.00014460066021259035,0.0001441618592952247,0.003043807283777067,0.01149444676345601,False
continuous_energy,51,180756.68553624087,1076.9,True,0.00014461190678338506,0.00014604694851837023,-0.009825893314057588,0.011652053604527349,False
continuous_energy,52,158162.09984421072,928.15,True,0.00014286801345776755,0.00014385575025385055,-0.006866161375822855,0.012000184652548393,False
continuous_energy,53,112972.9284601503,649.4000000000001,True,0.00014033172503992715,0.0001409124536990692,-0.004121201809332287,0.015196284972856093,False
continuous_energy,54,119504.29958696428,689.9499999999999,True,0.0001406556976177308,0.00014152904225618612,-0.006170780389189945,0.013581230746184938,False
continuous_energy,55,167306.01942175062,984.0,True,0.00014315028824275376,0.00014417667696425907,-0.007118965030382451,0.011645446140174143,False
continuous_energy,56,191206.8793391438,1122.7000000000003,True,0.0001447240600950305,0.0001439367488051848,0.005469842110379375,0.010996086715566941,False
continuous_energy,57,191206.8793391438,1143.6500000000003,True,0.00014474268596696184,0.00014662266212795013,-0.01282186623611925,0.011658058816241613,False
continuous_energy,58,167306.01942175062,978.45,True,0.00014299449473465908,0.0001433634853411376,-0.0025738116341165185,0.012043733221457121,False
continuous_energy,59,119504.29958696428,690.4499999999999,True,0.00014044810544641077,0.0001416316069654088,-0.00835619636291407,0.015375012057396172,False
continuous_energy,60,102901.61073127271,589.7,True,0.00014066712878861907,0.00014048192009671878,0.001318380982924916,0.013358254345660379,False
continuous_energy,61,144062.25502378237,846.3000000000001,True,0.0001431617191564203,0.00014400766609880635,-0.0058743188144276814,0.011896956852516408,False
continuous_energy,62,164642.57717003726,972.3499999999999,True,0.00014473675495567633,0.00014477445629774006,-0.0002604143232711742,0.011580401541310497,False
continuous_energy,63,164642.57717003726,981.0999999999999,True,0.00014474962645463362,0.00014607725517942378,-0.009088538274897529,0.011712609608560964,False
continuous_energy,64,144062.25502378237,846.7500000000001,True,0.00014299838703163843,0.0001440842387677707,-0.007536228427332703,0.012100603360439447,False
continuous_energy,65,102901.61073127271,590.2500000000001,True,0.00014045007011516687,0.00014061294444139095,-0.0011583167315862841,0.014788598220634455,False
continuous_energy,66,105700.76978562129,610.4000000000001,True,0.0001407164542742999,0.0001415623796276475,-0.005975636716284649,0.01332650907976175,False
continuous_energy,67,147981.07769987028,871.3500000000001,True,0.00014321520684563744,0.0001443437318486125,-0.007818316656511781,0.012182509002791829,False
continuous_energy,68,169121.23165699487,996.95,True,0.0001447907912666668,0.00014450628109618949,0.001968842934155557,0.010992631294827039,False
continuous_energy,69,169121.23165699487,1007.85,True,0.0001448105721442664,0.00014608621836881952,-0.008732146254429973,0.011848998510680548,False
continuous_energy,70,147981.07769987028,866.1500000000001,True,0.00014306014311074843,0.00014348232437100557,-0.002942392117690318,0.012242515087596769,False
continuous_energy,71,105700.76978562129,606.9,True,0.00014050654442098997,0.0001407506687352872,-0.0017344451468033206,0.015319774664574968,False
continuous_energy,72,112972.92846015016,648.45,True,0.0001405446656159777,0.00014070631444589084,-0.0011488384906515048,0.01368162919622872,False
continuous_energy,73,158162.09984421087,927.35,True,0.0001430304753935432,0.000143731756718104,-0.004879097984839875,0.011727758270390633,False
continuous_energy,74,180756.68553624142,1063.0,True,0.0001446006602125899,0.00014416185929522432,0.003043807283776623,0.011494446763456002,False
continuous_energy,75,180756.68553624142,1076.9,True,0.00014461190678338463,0.00014604694851836966,-0.0098258933140567,0.011652053604527358,False
continuous_energy,76,158162.09984421087,928.15,True,0.00014286801345776736,0.00014385575025385047,-0.006866161375823632,0.01200018465254839,False
continuous_energy,77,112972.92846015016,649.4000000000001,True,0.00014033172503992726,0.00014091245369906937,-0.00412120180933262,0.015196284972856097,False
continuous_energy,78,107566.87582185301,620.8,True,0.0001407493227239608,0.00014147660603511751,-0.005140661283436376,0.013304117703444772,False
continuous_energy,79,150593.62615059467,887.1500000000001,True,0.00014325056922795748,0.00014441155541703574,-0.008039427217063966,0.012028284236540177,False
continuous_energy,80,172107.00131496575,1014.5000000000001,True,0.00014482771977966985,0.0001444990504415933,0.0022745432379804864,0.011042471026120668,False
continuous_energy,81,172107.00131496575,1027.85,True,0.00014484803578799932,0.00014640054114972083,-0.010604505622242133,0.011809482859033221,False
continuous_energy,82,150593.62615059467,881.6,True,0.00014309503023023217,0.00014350811841927374,-0.0028785004889736454,0.012224746263495052,False
continuous_energy,83,107566.87582185301,619.0999999999999,True,0.0001405388724409925,0.00014108918620544657,-0.003900467351571013,0.015211812816922014,False
continuous_energy,84,112972.92846015029,648.45,True,0.00014054466561597755,0.00014070631444589068,-0.0011488384906512827,0.013681629196228715,False
continuous_energy,85,158162.0998442109,927.35,True,0.00014303047539354318,0.000143731756718104,-0.004879097984840097,0.011727758270390631,False
continuous_energy,86,180756.68553624128,1063.0,True,0.00014460066021259005,0.00014416185929522443,0.003043807283776845,0.011494446763456005,False
continuous_energy,87,180756.68553624128,1076.9,True,0.00014461190678338476,0.00014604694851836977,-0.009825893314056477,0.01165205360452736,False
continuous_energy,88,158162.0998442109,928.15,True,0.00014286801345776733,0.00014385575025385047,-0.006866161375823743,0.012000184652548386,False
continuous_energy,89,112972.92846015029,649.4000000000001,True,0.00014033172503992715,0.0001409124536990692,-0.004121201809332287,0.015196284972856093,False
continuous_energy,90,107566.8758218528,620.8,True,0.00014074932272396107,0.00014147660603511762,-0.005140661283435266,0.013304117703444784,False
continuous_energy,91,150593.62615059427,887.1500000000001,True,0.00014325056922795797,0.00014441155541703614,-0.00803942721706341,0.01202828423654018,False
continuous_energy,92,172107.00131496496,1014.5000000000001,True,0.0001448277197796706,0.00014449905044159402,0.0022745432379807085,0.011042471026120665,False
continuous_energy,93,172107.00131496496,1027.85,True,0.00014484803578799997,0.00014640054114972148,-0.010604505622242133,0.011809482859033223,False
continuous_energy,94,150593.62615059427,881.6,True,0.00014309503023023245,0.00014350811841927412,-0.0028785004889744226,0.012224746263495049,False
continuous_energy,95,107566.8758218528,619.0999999999999,True,0.00014053887244099282,0.00014108918620544668,-0.00390046735156957,0.01521181281692203,False
continuous_energy,96,138063.5723473114,952.3499999999999,True,0.00016697570371324133,0.00016909429653901202,-0.01252906141208554,0.012071902080543902,False
continuous_energy,97,193289.00128623543,1347.5000000000002,True,0.0001718417695161981,0.00017089647757526072,0.005531371707302002,0.009802494002015253,False
continuous_energy,98,220901.71575569746,1574.4000000000003,True,0.00017520551072154424,0.00017471390538603286,0.002813773376682205,0.009528223396356618,False
continuous_energy,99,220901.71575569746,1556.1000000000004,True,0.00017510366562753816,0.00017268312256809315,0.014017253240776517,0.009359379429299363,False
continuous_energy,100,193289.00128623543,1365.4500000000003,True,0.00017156397500502115,0.00017317298352886065,-0.009291336853195387,0.008910701975583883,False
continuous_energy,101,138063.5723473114,957.5,True,0.0001667305586453228,0.00017000870366577843,-0.019282218790987127,0.011742804076819435,False
continuous_energy,102,138855.25369601598,957.1500000000001,True,0.0001668399223222685,0.000168977611484422,-0.012650724219466003,0.012068186540279727,False
continuous_energy,103,194397.35517442191,1355.2000000000003,True,0.0001716977196550272,0.0001708930971288941,0.004708338368554665,0.009775020105286684,False
continuous_energy,104,222168.40591362488,1576.0500000000002,True,0.00017506175425519596,0.00017389983582773345,0.00668153838059693,0.00957823133594333,False
continuous_energy,105,222168.40591362488,1563.0500000000004,True,0.00017495453280075895,0.00017246542837507612,0.014432483362808002,0.009124942825556974,False
continuous_energy,106,194397.35517442191,1374.9000000000003,True,0.00017142793913789092,0.00017337730168426538,-0.011243470324185934,0.008941282931133759,False
continuous_energy,107,138855.25369601598,972.6500000000001,True,0.0001666291022198596,0.00017171401954795278,-0.029612709209647092,0.011889180730949673,False
continuous_energy,108,127347.59980591659,879.8,True,0.00016694751309968898,0.0001693575932504431,-0.014230718000285525,0.011989499773153299,False
continuous_energy,109,178286.63972828272,1240.8999999999999,True,0.00017180794248523268,0.00017061981413346827,0.006963601254629248,0.00988452902946311,False
continuous_energy,110,203756.1596894658,1450.1999999999996,True,0.00017516826023917013,0.00017447316274422705,0.003983979449963204,0.009613556603358879,False
continuous_energy,111,203756.1596894658,1433.9999999999995,True,0.00017506655642354443,0.00017252414520426258,0.014736553056221346,0.00944308912599067,False
continuous_energy,112,178286.63972828272,1261.6999999999998,True,0.0001715261872490731,0.000173479748160365,-0.011261031515252262,0.009127403464136343,False
continuous_energy,113,127347.59980591659,882.0999999999999,True,0.00016670213571977897,0.00016980033303729913,-0.01824612038210549,0.011945707640381815,False
continuous_energy,114,130118.48452638283,900.7,True,0.00016697754072289112,0.0001696885919165571,-0.015976626142310768,0.01215797395982729,False
continuous_energy,115,182165.87833693548,1266.9,True,0.0001718474119952467,0.00017048523933693382,0.007989974167914804,0.009851660355208507,False
continuous_energy,116,208189.5752422118,1480.35,True,0.000175220217958201,0.00017430783490873496,0.005234320361696465,0.00964508996880638,False
continuous_energy,117,208189.5752422118,1465.85,True,0.00017510984504621172,0.00017260049299217702,0.014538498764012475,0.009125878885699138,False
continuous_energy,118,182165.87833693548,1289.9499999999998,True,0.00017157263883337055,0.00017358705066120286,-0.011604620391666876,0.009103381922801771,False
continuous_energy,119,130118.48452638283,910.7500000000001,True,0.00016676845447178564,0.0001715819752281609,-0.02805376701121709,0.012113426445276547,False
continuous_energy,120,136056.09464166645,936.05,True,0.0001667734703289676,0.00016865240024937695,-0.01114084304540619,0.012096924887389504,False
continuous_energy,121,190478.53249833296,1327.45,True,0.00017161734481258202,0.00017083766031350257,0.004563891226610384,0.009854975389634198,False
continuous_energy,122,217689.75142666622,1547.8500000000001,True,0.00017496595136601414,0.00017430199890897805,0.0038092073595943354,0.009572897782245978,False
continuous_energy,123,217689.75142666622,1531.4500000000003,True,0.00017486699612934153,0.00017245520963217017,0.013985002264155888,0.009357553176661268,False
continuous_energy,124,190478.53249833296,1346.0500000000002,True,0.00017134056230502467,0.0001732314080869261,-0.010915144099923446,0.00894302227844156,False
continuous_energy,125,136056.09464166645,943.4499999999999,True,0.00016652787217979613,0.00016998569201995059,-0.02034182876843904,0.011838652132332077,False
continuous_energy,126,131136.36054614486,908.95,True,0.00016710086057338365,0.0001699136804657185,-0.01655440506394268,0.012084667130288397,False
continuous_energy,127,183590.90476460275,1277.8,True,0.0001719847238399507,0.00017061735353908776,0.008014251027224528,0.009842225446923246,False
continuous_energy,128,209818.1768738317,1492.65,True,0.0001753671577176343,0.00017439191866106142,0.005592226199817807,0.009603732271170003,False
continuous_energy,129,209818.1768738317,1478.0499999999997,True,0.00017525530575887184,0.0001726861456985775,0.01487762697986672,0.009158616919871526,False
continuous_energy,130,183590.90476460275,1299.9499999999998,True,0.00017170969806376248,0.0001735749168360752,-0.01074590042335577,0.009102108441018138,False
continuous_energy,131,131136.36054614486,918.0500000000001,True,0.00016689213493943658,0.00017161478007762015,-0.027518871836374137,0.012058596907562724,False
continuous_energy,132,136056.09464166677,936.05,True,0.00016677347032896718,0.00016865240024937657,-0.011140843045406523,0.0120969248873895,False
continuous_energy,133,190478.53249833328,1327.45,True,0.0001716173448125817,0.00017083766031350214,0.00456389122661105,0.009854975389634204,False
continuous_energy,134,217689.75142666654,1547.8500000000001,True,0.00017496595136601398,0.00017430199890897775,0.0038092073595952236,0.009572897782245977,False
continuous_energy,135,217689.75142666654,1531.4500000000003,True,0.0001748669961293413,0.0001724552096321699,0.013985002264155888,0.009357553176661268,False
continuous_energy,136,190478.53249833328,1346.0500000000002,True,0.00017134056230502434,0.00017323140808692583,-0.01091514409992378,0.008943022278441558,False
continuous_energy,137,136056.09464166677,943.4499999999999,True,0.0001665278721797958,0.0001699856920199502,-0.02034182876843882,0.01183865213233208,False
continuous_energy,138,131136.36054614597,908.95,True,0.00016710086057338227,0.00016991368046571706,-0.016554405063942568,0.012084667130288386,False
continuous_energy,139,183590.90476460385,1277.8,True,0.00017198472383994973,0.0001706173535390864,0.008014251027226749,0.009842225446923258,False
continuous_energy,140,209818.1768738328,1492.65,True,0.00017536715771763328,0.00017439191866106056,0.005592226199816919,0.009603732271170003,False
continuous_energy,141,209818.1768738328,1478.0499999999997,True,0.00017525530575887097,0.00017268614569857676,0.014877626979866054,0.009158616919871517,False
continuous_energy,142,183590.90476460385,1299.9499999999998,True,0.00017170969806376156,0.00017357491683607412,-0.010745900423354882,0.00910210844101814,False
continuous_energy,143,131136.36054614597,918.0500000000001,True,0.0001668921349394352,0.00017161478007761868,-0.027518871836373915,0.012058596907562722,False
continuous_energy,144,102938.77128437452,844.75,True,0.000203660799584412,0.0002011688346085937,0.012387430591159099,0.013478489634432784,False
continuous_energy,145,144114.27979812448,1235.6000000000004,True,0.00021317594687665043,0.00021017563272513279,0.014275271174948534,0.009837014776673592,False
continuous_energy,146,164702.03405499924,1479.2000000000003,True,0.00022020714810371347,0.00022016050618010654,0.00021185418046210103,0.010709953503597614,False
continuous_energy,147,164702.03405499924,1455.4500000000003,True,0.00022017894610901713,0.00021662561433196076,0.016403100750639776,0.009513083083536236,False
continuous_energy,148,144114.27979812448,1264.5500000000002,True,0.0002131250887125671,0.00021510002942907622,-0.009181499053026898,0.010453908007209415,False
continuous_energy,149,102938.77128437452,841.05,True,0.00020356840189188923,0.00020028771630370857,0.016379864171030656,0.01367274231558441,False
continuous_energy,150,103984.92163802002,851.1500000000001,True,0.00020351573536674745,0.00020065371931323828,0.014263458775171323,0.013112173579546053,False
continuous_energy,151,145578.89029322815,1253.0,True,0.0002129855499352164,0.00021099110472343088,0.009452745481378866,0.010080446649509004,False
continuous_energy,152,166375.87462083198,1498.0000000000005,True,0.00021999701026441656,0.00022071555508079596,-0.0032555241342929753,0.010898242797324292,False
continuous_energy,153,166375.87462083198,1466.4500000000005,True,0.00021998130036364894,0.0002160669731296618,0.018116268198185903,0.009400999299980761,False
continuous_energy,154,145578.89029322815,1277.8000000000002,True,0.0002129763164236431,0.0002151671457426974,-0.010181988107395123,0.010431622679938128,False
continuous_energy,155,103984.92163802002,848.95,True,0.00020345001066052578,0.00020013508196084558,0.016563456377571617,0.012896490838646253,False
continuous_energy,156,98091.7426188359,803.5,True,0.00020351964677891993,0.0002008005558987036,0.013541251756235217,0.013563819922564748,False
continuous_energy,157,137328.43966637045,1178.3,True,0.00021301537156974328,0.00021033273625694913,0.012754245299775757,0.009991026230451052,False
continuous_energy,158,156946.7881901375,1410.3999999999999,True,0.00022002909091692815,0.00022029332921556574,-0.0011994838862280366,0.010847770532696541,False
continuous_energy,159,156946.7881901375,1387.1,True,0.00021999561902675023,0.00021665405342804266,0.015423508334301284,0.009647375448636149,False
continuous_energy,160,137328.43966637045,1202.5,True,0.00021295680642479374,0.00021465256331068604,-0.007900007620397664,0.010465628801208408,False
continuous_energy,161,98091.7426188359,803.25,True,0.00020342975037616624,0.00020073807906114945,0.013408872534826033,0.013493729289300427,False
continuous_energy,162,97045.5922651905,795.1000000000001,True,0.0002037072327164328,0.00020084333222342529,0.014259375510766725,0.013211826225303364,False
continuous_energy,163,135863.82917126687,1171.1,True,0.00021320111494945403,0.00021130102805294297,0.008992322063075653,0.010122616930167505,False
continuous_energy,164,155272.94762430486,1398.8999999999996,True,0.00022023353036276506,0.00022085251654457746,-0.0028027128307024363,0.011011367134938098,False
continuous_energy,165,155272.94762430486,1369.4999999999998,True,0.00022021749091089249,0.00021621096676517168,0.01853062407362671,0.009497420162448087,False
continuous_energy,166,135863.82917126687,1192.15,True,0.00021318981593747735,0.0002150990697577627,-0.008876160284818857,0.010319304740676749,False
continuous_energy,167,97045.5922651905,796.25,True,0.00020364491406207498,0.0002011338237742453,0.012484674336267432,0.012695961675834635,False
continuous_energy,168,102938.77128437451,844.75,True,0.00020366079958441204,0.00020116883460859377,0.012387430591158877,0.013478489634432779,False
continuous_energy,169,144114.27979812445,1235.6000000000004,True,0.00021317594687665043,0.0002101756327251328,0.014275271174948312,0.009837014776673592,False
continuous_energy,170,164702.0340549992,1479.2000000000003,True,0.00022020714810371353,0.00022016050618010665,0.00021185418046187898,0.010709953503597613,False
continuous_energy,171,164702.0340549992,1455.4500000000003,True,0.00022017894610901713,0.0002166256143319608,0.016403100750639554,0.009513083083536236,False
continuous_energy,172,144114.27979812445,1264.5500000000002,True,0.00021312508871256712,0.00021510002942907622,-0.009181499053026787,0.010453908007209415,False
continuous_energy,173,102938.77128437451,841.05,True,0.00020356840189188923,0.0002002877163037086,0.016379864171030434,0.013672742315584411,False
continuous_energy,174,98091.74261883587,802.5000000000001,True,0.000203536302490551,0.00020055064854848743,0.014887281410818964,0.013215742673103742,False
continuous_energy,175,137328.43966637042,1183.4,True,0.00021300719118634058,0.00021124311303273675,0.008350938065045721,0.010186253872352273,False
continuous_energy,176,156946.78819013748,1414.05,True,0.00022001978868977783,0.00022086343035824656,-0.0038197435723076323,0.011018314205570815,False
continuous_energy,177,156946.78819013748,1383.8000000000002,True,0.00022000158946597538,0.00021613861951822182,0.01787265022958051,0.009513084769685598,False
continuous_energy,178,137328.43966637042,1203.95,True,0.00021299411092974872,0.00021491139592340995,-0.008921281188571828,0.010401244047519466,False
continuous_energy,179,98091.74261883587,803.7,True,0.00020347417226287994,0.000200850537368747,0.013062623224732173,0.012729972890316202,False
continuous_energy,180,102938.77128437448,844.75,True,0.00020366079958441215,0.0002011688346085938,0.01238743059115932,0.013478489634432786,False
continuous_energy,181,144114.27979812442,1235.6000000000004,True,0.0002131759468766505,0.00021017563272513287,0.014275271174948534,0.00983701477667359,False
continuous_energy,182,164702.03405499918,1479.2000000000003,True,0.00022020714810371358,0.00022016050618010673,0.00021185418046187898,0.010709953503597611,False
continuous_energy,183,164702.03405499918,1455.4500000000003,True,0.00022017894610901719,0.00021662561433196095,0.01640310075063911,0.009513083083536234,False
continuous_energy,184,144114.27979812442,1264.5500000000002,True,0.00021312508871256718,0.0002151000294290763,-0.009181499053026898,0.010453908007209417,False
continuous_energy,185,102938.77128437448,841.05,True,0.0002035684018918893,0.00020028771630370868,0.016379864171030434,0.013672742315584411,False
continuous_energy,186,98091.7426188359,802.5000000000001,True,0.0002035363024905509,0.00020055064854848734,0.014887281410818742,0.013215742673103742,False
continuous_energy,187,137328.43966637045,1183.4,True,0.00021300719118634058,0.00021124311303273666,0.008350938065046165,0.010186253872352275,False
continuous_energy,188,156946.7881901375,1414.05,True,0.0002200197886897778,0.0002208634303582465,-0.0038197435723075213,0.011018314205570815,False
continuous_energy,189,156946.7881901375,1383.8000000000002,True,0.00022000158946597535,0.0002161386195182218,0.01787265022958051,0.009513084769685598,False
continuous_energy,190,137328.43966637045,1203.95,True,0.0002129941109297487,0.00021491139592340992,-0.008921281188571828,0.010401244047519466,False
continuous_energy,191,98091.7426188359,803.7,True,0.0002034741722628798,0.00020085053736874692,0.01306262322473195,0.0127299728903162,False
