dataset,channel,iteration,region,rank,full_cell_index,x_mm,y_mm,z_mm,density,peak_over_fixed_native_background,effective_cell_volume_mm3,fraction,local_peak_radius_mm
legacy NEMA1e9,440_ComptonOnly,2000,full,1,1616,-102.2746338988903,140.76895702124085,-58.5,752132.8125,3825.718017578125,4.5412407078196795,0.023076657293092075,9
legacy NEMA1e9,440_ComptonOnly,2000,full,2,1596,102.27463389889034,140.76895702124085,-58.5,680756.6875,3462.6640625,4.541240707819889,0.02307665729309297,9
legacy NEMA1e9,440_ComptonOnly,2000,full,3,130355,-102.2746338988903,140.76895702124085,58.5,678368.6875,3450.517333984375,4.5412407078196795,0.023076657293092075,9
legacy NEMA1e9,440_ComptonOnly,2000,internal_core,1,57231,117.66434268086468,-72.10480193080103,-7.5,11788.0888671875,59.96002960205078,195.09290378792724,1.0,9
legacy NEMA1e9,440_ComptonOnly,2000,internal_core,2,44110,136.9521383465021,-44.49844718999246,-19.5,6128.77294921875,31.173959732055664,203.57520395261974,1.0,9
legacy NEMA1e9,440_ComptonOnly,2000,internal_core,3,43675,-113.6485760455766,-8.944336912974258,-19.5,4802.5595703125,24.428184509277344,161.16370312915728,1.0,9
legacy NEMA1e9,440_ComptonOnly,2000,internal_background,1,57231,117.66434268086468,-72.10480193080103,-7.5,11788.0888671875,59.96002960205078,195.09290378792724,1.0,9
legacy NEMA1e9,440_ComptonOnly,2000,internal_background,2,44110,136.9521383465021,-44.49844718999246,-19.5,6128.77294921875,31.173959732055664,203.57520395261974,1.0,9
legacy NEMA1e9,440_ComptonOnly,2000,internal_background,3,43675,-113.6485760455766,-8.944336912974258,-19.5,4802.5595703125,24.428184509277344,161.16370312915728,1.0,9
legacy NEMA1e9,440_ComptonOnly,2000,axial_ends,1,1616,-102.2746338988903,140.76895702124085,-58.5,752132.8125,3825.718017578125,4.5412407078196795,0.023076657293092075,9
legacy NEMA1e9,440_ComptonOnly,2000,axial_ends,2,1596,102.27463389889034,140.76895702124085,-58.5,680756.6875,3462.6640625,4.541240707819889,0.02307665729309297,9
legacy NEMA1e9,440_ComptonOnly,2000,axial_ends,3,130355,-102.2746338988903,140.76895702124085,58.5,678368.6875,3450.517333984375,4.5412407078196795,0.023076657293092075,9
legacy NEMA1e9,440_ComptonOnly,2000,lateral_edge,1,1616,-102.2746338988903,140.76895702124085,-58.5,752132.8125,3825.718017578125,4.5412407078196795,0.023076657293092075,9
legacy NEMA1e9,440_ComptonOnly,2000,lateral_edge,2,1596,102.27463389889034,140.76895702124085,-58.5,680756.6875,3462.6640625,4.541240707819889,0.02307665729309297,9
legacy NEMA1e9,440_ComptonOnly,2000,lateral_edge,3,130355,-102.2746338988903,140.76895702124085,58.5,678368.6875,3450.517333984375,4.5412407078196795,0.023076657293092075,9
legacy NEMA1e9,440_SinglePlusCompton,2000,full,1,131696,-231.3510865670048,-63.84884293600199,58.5,115008.296875,628.0758666992188,1.9327916160870293,0.00996895082253595,9
legacy NEMA1e9,440_SinglePlusCompton,2000,full,2,2887,231.35108656700478,63.84884293600203,-58.5,94675.59375,517.0362548828125,1.9327916160869456,0.009968950822535518,9
legacy NEMA1e9,440_SinglePlusCompton,2000,full,3,130335,102.27463389889034,140.76895702124085,58.5,78209.6171875,427.1133117675781,4.541240707819889,0.02307665729309297,9
legacy NEMA1e9,440_SinglePlusCompton,2000,internal_core,1,57231,117.66434268086468,-72.10480193080103,-7.5,6441.77685546875,35.17941665649414,195.09290378792724,1.0,9
legacy NEMA1e9,440_SinglePlusCompton,2000,internal_core,2,62994,35.26711513754837,-48.54101966249685,-1.5,1611.83447265625,8.802446365356445,169.6460032938498,1.0,9
legacy NEMA1e9,440_SinglePlusCompton,2000,internal_core,3,69731,31.72545815991238,-71.25654569612288,4.5,1415.0869140625,7.727981090545654,147.02653618800315,1.0,9
legacy NEMA1e9,440_SinglePlusCompton,2000,internal_background,1,57231,117.66434268086468,-72.10480193080103,-7.5,6441.77685546875,35.17941665649414,195.09290378792724,1.0,9
legacy NEMA1e9,440_SinglePlusCompton,2000,internal_background,2,69731,31.72545815991238,-71.25654569612288,4.5,1415.0869140625,7.727981090545654,147.02653618800315,1.0,9
legacy NEMA1e9,440_SinglePlusCompton,2000,internal_background,3,66942,-125.61158405037413,-9.885846061708392,1.5,795.6948852539062,4.345397472381592,178.1283034585423,1.0,9
legacy NEMA1e9,440_SinglePlusCompton,2000,axial_ends,1,131696,-231.3510865670048,-63.84884293600199,58.5,115008.296875,628.0758666992188,1.9327916160870293,0.00996895082253595,9
legacy NEMA1e9,440_SinglePlusCompton,2000,axial_ends,2,2887,231.35108656700478,63.84884293600203,-58.5,94675.59375,517.0362548828125,1.9327916160869456,0.009968950822535518,9
legacy NEMA1e9,440_SinglePlusCompton,2000,axial_ends,3,130335,102.27463389889034,140.76895702124085,58.5,78209.6171875,427.1133117675781,4.541240707819889,0.02307665729309297,9
legacy NEMA1e9,440_SinglePlusCompton,2000,lateral_edge,1,131696,-231.3510865670048,-63.84884293600199,58.5,115008.296875,628.0758666992188,1.9327916160870293,0.00996895082253595,9
legacy NEMA1e9,440_SinglePlusCompton,2000,lateral_edge,2,2887,231.35108656700478,63.84884293600203,-58.5,94675.59375,517.0362548828125,1.9327916160869456,0.009968950822535518,9
legacy NEMA1e9,440_SinglePlusCompton,2000,lateral_edge,3,130335,102.27463389889034,140.76895702124085,58.5,78209.6171875,427.1133117675781,4.541240707819889,0.02307665729309297,9
ideal NEMA1e9,440_ComptonOnly,2000,full,1,1596,102.27463389889034,140.76895702124085,-58.5,697330.9375,3520.72900390625,4.541240707819889,0.02307665729309297,9
ideal NEMA1e9,440_ComptonOnly,2000,full,2,1616,-102.2746338988903,140.76895702124085,-58.5,585097.875,2954.07958984375,4.5412407078196795,0.023076657293092075,9
ideal NEMA1e9,440_ComptonOnly,2000,full,3,130355,-102.2746338988903,140.76895702124085,58.5,567340.8125,2864.426513671875,4.5412407078196795,0.023076657293092075,9
ideal NEMA1e9,440_ComptonOnly,2000,internal_core,1,57231,117.66434268086468,-72.10480193080103,-7.5,12747.0986328125,64.35836791992188,195.09290378792724,1.0,9
ideal NEMA1e9,440_ComptonOnly,2000,internal_core,2,44110,136.9521383465021,-44.49844718999246,-19.5,6268.0263671875,31.646411895751953,203.57520395261974,1.0,9
ideal NEMA1e9,440_ComptonOnly,2000,internal_core,3,43675,-113.6485760455766,-8.944336912974258,-19.5,4996.234375,25.22530746459961,161.16370312915728,1.0,9
ideal NEMA1e9,440_ComptonOnly,2000,internal_background,1,57231,117.66434268086468,-72.10480193080103,-7.5,12747.0986328125,64.35836791992188,195.09290378792724,1.0,9
ideal NEMA1e9,440_ComptonOnly,2000,internal_background,2,44110,136.9521383465021,-44.49844718999246,-19.5,6268.0263671875,31.646411895751953,203.57520395261974,1.0,9
ideal NEMA1e9,440_ComptonOnly,2000,internal_background,3,43675,-113.6485760455766,-8.944336912974258,-19.5,4996.234375,25.22530746459961,161.16370312915728,1.0,9
ideal NEMA1e9,440_ComptonOnly,2000,axial_ends,1,1596,102.27463389889034,140.76895702124085,-58.5,697330.9375,3520.72900390625,4.541240707819889,0.02307665729309297,9
ideal NEMA1e9,440_ComptonOnly,2000,axial_ends,2,1616,-102.2746338988903,140.76895702124085,-58.5,585097.875,2954.07958984375,4.5412407078196795,0.023076657293092075,9
ideal NEMA1e9,440_ComptonOnly,2000,axial_ends,3,130355,-102.2746338988903,140.76895702124085,58.5,567340.8125,2864.426513671875,4.5412407078196795,0.023076657293092075,9
ideal NEMA1e9,440_ComptonOnly,2000,lateral_edge,1,1596,102.27463389889034,140.76895702124085,-58.5,697330.9375,3520.72900390625,4.541240707819889,0.02307665729309297,9
ideal NEMA1e9,440_ComptonOnly,2000,lateral_edge,2,1616,-102.2746338988903,140.76895702124085,-58.5,585097.875,2954.07958984375,4.5412407078196795,0.023076657293092075,9
ideal NEMA1e9,440_ComptonOnly,2000,lateral_edge,3,130355,-102.2746338988903,140.76895702124085,58.5,567340.8125,2864.426513671875,4.5412407078196795,0.023076657293092075,9
ideal NEMA1e9,440_SinglePlusCompton,2000,full,1,131696,-231.3510865670048,-63.84884293600199,58.5,67207.5234375,365.10626220703125,1.9327916160870293,0.00996895082253595,9
ideal NEMA1e9,440_SinglePlusCompton,2000,full,2,2887,231.35108656700478,63.84884293600203,-58.5,59273.56640625,322.0048828125,1.9327916160869456,0.009968950822535518,9
ideal NEMA1e9,440_SinglePlusCompton,2000,full,3,131754,231.35108656700478,-63.84884293600208,58.5,37217.5390625,202.18504333496094,1.9327916160868042,0.009968950822534788,9
ideal NEMA1e9,440_SinglePlusCompton,2000,internal_core,1,57231,117.66434268086468,-72.10480193080103,-7.5,6489.44970703125,35.25407028198242,195.09290378792724,1.0,9
ideal NEMA1e9,440_SinglePlusCompton,2000,internal_core,2,62994,35.26711513754837,-48.54101966249685,-1.5,1586.60205078125,8.619248390197754,169.6460032938498,1.0,9
ideal NEMA1e9,440_SinglePlusCompton,2000,internal_core,3,69731,31.72545815991238,-71.25654569612288,4.5,1491.331298828125,8.101688385009766,147.02653618800315,1.0,9
ideal NEMA1e9,440_SinglePlusCompton,2000,internal_background,1,57231,117.66434268086468,-72.10480193080103,-7.5,6489.44970703125,35.25407028198242,195.09290378792724,1.0,9
ideal NEMA1e9,440_SinglePlusCompton,2000,internal_background,2,69731,31.72545815991238,-71.25654569612288,4.5,1491.331298828125,8.101688385009766,147.02653618800315,1.0,9
ideal NEMA1e9,440_SinglePlusCompton,2000,internal_background,3,66781,-114.0,1.3960973510279826e-14,1.5,803.0701904296875,4.362695217132568,161.16370312915728,1.0,9
ideal NEMA1e9,440_SinglePlusCompton,2000,axial_ends,1,131696,-231.3510865670048,-63.84884293600199,58.5,67207.5234375,365.10626220703125,1.9327916160870293,0.00996895082253595,9
ideal NEMA1e9,440_SinglePlusCompton,2000,axial_ends,2,2887,231.35108656700478,63.84884293600203,-58.5,59273.56640625,322.0048828125,1.9327916160869456,0.009968950822535518,9
ideal NEMA1e9,440_SinglePlusCompton,2000,axial_ends,3,131754,231.35108656700478,-63.84884293600208,58.5,37217.5390625,202.18504333496094,1.9327916160868042,0.009968950822534788,9
ideal NEMA1e9,440_SinglePlusCompton,2000,lateral_edge,1,131696,-231.3510865670048,-63.84884293600199,58.5,67207.5234375,365.10626220703125,1.9327916160870293,0.00996895082253595,9
ideal NEMA1e9,440_SinglePlusCompton,2000,lateral_edge,2,2887,231.35108656700478,63.84884293600203,-58.5,59273.56640625,322.0048828125,1.9327916160869456,0.009968950822535518,9
ideal NEMA1e9,440_SinglePlusCompton,2000,lateral_edge,3,131754,231.35108656700478,-63.84884293600208,58.5,37217.5390625,202.18504333496094,1.9327916160868042,0.009968950822534788,9
circle Uniform1e9,440_ComptonOnly,10000,full,1,20539,14.5623058987491,10.5801345412645,-10.5,82435.9453125,1040.392333984375,101.7876019763093,1.0,9
circle Uniform1e9,440_ComptonOnly,10000,full,2,49972,-4.85410196624968,-3.52671151375484,58.5,39022.3515625,492.4860534667969,33.929200658769766,1.0,9
circle Uniform1e9,440_ComptonOnly,10000,full,3,24395,0.0,-18.0,-1.5,31581.5703125,398.5788269042969,101.7876019763093,1.0,9
circle Uniform1e9,440_ComptonOnly,10000,internal_core,1,20539,14.5623058987491,10.5801345412645,-10.5,82435.9453125,1040.392333984375,101.7876019763093,1.0,9
circle Uniform1e9,440_ComptonOnly,10000,internal_core,2,24395,0.0,-18.0,-1.5,31581.5703125,398.5788269042969,101.7876019763093,1.0,9
circle Uniform1e9,440_ComptonOnly,10000,internal_core,3,18471,82.2190911878341,-36.606297876822,-16.5,29479.29296875,372.04681396484375,169.64600329384882,1.0,9
circle Uniform1e9,440_ComptonOnly,10000,internal_background,1,20539,14.5623058987491,10.5801345412645,-10.5,82435.9453125,1040.392333984375,101.7876019763093,1.0,9
circle Uniform1e9,440_ComptonOnly,10000,internal_background,2,24395,0.0,-18.0,-1.5,31581.5703125,398.5788269042969,101.7876019763093,1.0,9
circle Uniform1e9,440_ComptonOnly,10000,internal_background,3,18471,82.2190911878341,-36.606297876822,-16.5,29479.29296875,372.04681396484375,169.64600329384882,1.0,9
circle Uniform1e9,440_ComptonOnly,10000,axial_ends,1,49972,-4.85410196624968,-3.52671151375484,58.5,39022.3515625,492.4860534667969,33.929200658769766,1.0,9
circle Uniform1e9,440_ComptonOnly,10000,axial_ends,2,5166,17.1190172933128,5.56230589874905,-46.5,19503.916015625,246.1514129638672,101.7876019763093,1.0,9
circle Uniform1e9,440_ComptonOnly,10000,axial_ends,3,48940,-59.2613004357083,-9.38606790241385,55.5,18761.974609375,236.78765869140625,169.64600329384882,1.0,9
circle Uniform1e9,440_ComptonOnly,10000,lateral_edge,1,34472,-133.038652681625,-55.1064142605729,19.5,10897.6650390625,137.5352325439453,203.5752039526186,1.0,9
circle Uniform1e9,440_ComptonOnly,10000,lateral_edge,2,22892,122.958900337995,-62.6506889640575,-7.5,10088.3046875,127.32061004638672,195.09290378792616,1.0,9
circle Uniform1e9,440_ComptonOnly,10000,lateral_edge,3,38228,-136.300991002129,21.5879561755519,28.5,9234.474609375,116.54474639892578,195.09290378792616,1.0,9
circle Uniform1e9,440_SinglePlusCompton,10000,full,1,24395,0.0,-18.0,-1.5,13319.3671875,162.15658569335938,101.7876019763093,1.0,9
circle Uniform1e9,440_SinglePlusCompton,10000,full,2,4012,14.8328157299975,45.6507127821674,-49.5,12586.0849609375,153.229248046875,135.71680263507906,1.0,9
circle Uniform1e9,440_SinglePlusCompton,10000,full,3,20539,14.5623058987491,10.5801345412645,-10.5,9937.4482421875,120.9834213256836,101.7876019763093,1.0,9
circle Uniform1e9,440_SinglePlusCompton,10000,internal_core,1,24395,0.0,-18.0,-1.5,13319.3671875,162.15658569335938,101.7876019763093,1.0,9
circle Uniform1e9,440_SinglePlusCompton,10000,internal_core,2,20539,14.5623058987491,10.5801345412645,-10.5,9937.4482421875,120.9834213256836,101.7876019763093,1.0,9
circle Uniform1e9,440_SinglePlusCompton,10000,internal_core,3,18297,76.2955128572368,16.2171118837852,-16.5,9540.3955078125,116.14950561523438,147.02653618800232,1.0,9
circle Uniform1e9,440_SinglePlusCompton,10000,internal_background,1,24395,0.0,-18.0,-1.5,13319.3671875,162.15658569335938,101.7876019763093,1.0,9
circle Uniform1e9,440_SinglePlusCompton,10000,internal_background,2,20539,14.5623058987491,10.5801345412645,-10.5,9937.4482421875,120.9834213256836,101.7876019763093,1.0,9
circle Uniform1e9,440_SinglePlusCompton,10000,internal_background,3,18297,76.2955128572368,16.2171118837852,-16.5,9540.3955078125,116.14950561523438,147.02653618800232,1.0,9
circle Uniform1e9,440_SinglePlusCompton,10000,axial_ends,1,4012,14.8328157299975,45.6507127821674,-49.5,12586.0849609375,153.229248046875,135.71680263507906,1.0,9
circle Uniform1e9,440_SinglePlusCompton,10000,axial_ends,2,46472,50.9116882454314,-50.9116882454314,49.5,5279.7705078125,64.2785415649414,203.5752039526186,1.0,9
circle Uniform1e9,440_SinglePlusCompton,10000,axial_ends,3,48677,149.537600059969,-11.7688643591767,52.5,5158.509765625,62.8022575378418,212.05750411731105,1.0,9
circle Uniform1e9,440_SinglePlusCompton,10000,lateral_edge,1,48677,149.537600059969,-11.7688643591767,52.5,5158.509765625,62.8022575378418,212.05750411731105,1.0,9
circle Uniform1e9,440_SinglePlusCompton,10000,lateral_edge,2,38228,-136.300991002129,21.5879561755519,28.5,5038.57177734375,61.342071533203125,195.09290378792616,1.0,9
circle Uniform1e9,440_SinglePlusCompton,10000,lateral_edge,3,35673,-127.495375486558,-52.8103136663824,22.5,3682.455810546875,44.8320426940918,195.09290378792616,1.0,9
