system,channel,diameter_mm,peak_iteration,peak_cnr,last_iteration,last_cnr,last_crc
EHE,218_SinglePhoton_CrossTalkCorrected,10,10,0.3205799282351755,200,-0.15956564816886698,-0.03757392232278868
EHE,218_SinglePhoton_CrossTalkCorrected,17,10,1.2980825190652374,200,0.35316471067672284,0.07916212095466885
EHE,218_SinglePhoton_CrossTalkCorrected,28,20,4.223251055095116,200,1.6288485562057433,0.4495050887039984
EHE,440_SinglePhoton,13,10,0.6733935872280061,200,0.15045704186449554,0.03436085825788878
EHE,440_SinglePhoton,22,40,4.357754724161983,200,2.241833692431389,0.5972224629875471
EHE,440_SinglePhoton,37,20,5.912653284666819,200,2.272304308093291,0.5618139241569049
EHE,440SinglePlus218Single,10,10,0.36188308442201117,200,0.09504980790416241,0.11229097592472047
EHE,440SinglePlus218Single,13,10,0.4424290406896342,200,-0.01398908878909652,-0.0033310599143266295
EHE,440SinglePlus218Single,17,10,0.008139589054849603,200,-0.10538144116381623,-0.08387979017976688
EHE,440SinglePlus218Single,22,40,4.206146245056854,200,2.089632904254219,0.6438190080822913
EHE,440SinglePlus218Single,28,20,3.1666561239879956,200,0.7674970032296008,0.674963601182707
EHE,440SinglePlus218Single,37,20,6.194103082326154,200,2.0872484353796685,0.5816207951500808
EHE matrix+Poisson,218_SinglePhoton_CrossTalkCorrected,10,200,-0.12236719194535968,200,-0.12236719194535968,-0.04421081981347186
EHE matrix+Poisson,218_SinglePhoton_CrossTalkCorrected,17,30,2.630145810359442,200,1.5049713815774473,0.31709897324266234
EHE matrix+Poisson,218_SinglePhoton_CrossTalkCorrected,28,30,6.7685116479556955,200,2.7688549015351196,0.682645715424499
EHE matrix+Poisson,440_SinglePhoton,13,180,3.1703249594205785,200,3.164960344489881,1.126176639249582
EHE matrix+Poisson,440_SinglePhoton,22,10,1.4683705957924293,200,0.37070624148387654,0.10445187106292411
EHE matrix+Poisson,440_SinglePhoton,37,20,5.5442914763115105,200,1.7726978228458006,0.49130753487068307
EHE matrix+Poisson,440SinglePlus218Single,10,200,-0.450752885264521,200,-0.450752885264521,-0.41144249734868343
EHE matrix+Poisson,440SinglePlus218Single,13,170,2.539657735840286,200,2.5302834131210505,1.0878944432451847
EHE matrix+Poisson,440SinglePlus218Single,17,70,0.8955388212197344,200,0.6681362441239757,0.4999357945088214
EHE matrix+Poisson,440SinglePlus218Single,22,10,1.2271208944152066,200,0.2774209837144228,0.08976866276636679
EHE matrix+Poisson,440SinglePlus218Single,28,10,2.8480532969646877,200,0.6894034895625812,0.6087313336464033
EHE matrix+Poisson,440SinglePlus218Single,37,20,5.637089062082527,200,1.6773322624338738,0.5356786088844456
EHE Geant4 5e10,218_SinglePhoton_CrossTalkCorrected,10,60,2.3878282138980533,200,2.1769254688768083,0.15122012890453881
EHE Geant4 5e10,218_SinglePhoton_CrossTalkCorrected,17,60,5.407709795844187,200,4.023037669931607,0.357826240512416
EHE Geant4 5e10,218_SinglePhoton_CrossTalkCorrected,28,50,9.167962191134237,200,6.415202192928643,0.5380066913186298
EHE Geant4 5e10,440_SinglePhoton,13,50,2.274655955757942,200,1.6504331183141503,0.11635409364074685
EHE Geant4 5e10,440_SinglePhoton,22,60,4.555224539817211,200,3.7655877154594695,0.3236852062013361
EHE Geant4 5e10,440_SinglePhoton,37,50,9.912307346718926,200,7.409585043752333,0.5954571604396617
EHE Geant4 5e10,440SinglePlus218Single,10,200,2.0141973851547395,200,2.0141973851547395,0.38397602188214386
EHE Geant4 5e10,440SinglePlus218Single,13,50,2.1370710705198057,200,1.460362931372521,0.11483321354059192
EHE Geant4 5e10,440SinglePlus218Single,17,50,3.1724495194115176,200,1.7688077718836848,0.4375718401504648
EHE Geant4 5e10,440SinglePlus218Single,22,60,4.442126040356835,200,3.4087444821027786,0.31737512058506195
EHE Geant4 5e10,440SinglePlus218Single,28,20,5.333274196392044,200,2.6514925442738906,0.6074587637043437
EHE Geant4 5e10,440SinglePlus218Single,37,40,9.785011474665641,200,6.883231743633016,0.6273323801654919
EHE matrix+Poisson 5e10,218_SinglePhoton_CrossTalkCorrected,10,20,1.6154127577227095,200,0.6941034664130016,0.04240441978811692
EHE matrix+Poisson 5e10,218_SinglePhoton_CrossTalkCorrected,17,60,4.767763867408606,200,4.063703702352995,0.39507005334658796
EHE matrix+Poisson 5e10,218_SinglePhoton_CrossTalkCorrected,28,60,9.264149831529881,200,7.10134256231021,0.5643178537145855
EHE matrix+Poisson 5e10,440_SinglePhoton,13,70,2.998232557998708,200,2.4667478312416633,0.1576555526440012
EHE matrix+Poisson 5e10,440_SinglePhoton,22,100,7.934802132605248,200,7.10877805818763,0.4803526484790481
EHE matrix+Poisson 5e10,440_SinglePhoton,37,50,9.802489875163488,200,7.017439398122396,0.5703355753380791
EHE matrix+Poisson 5e10,440SinglePlus218Single,10,60,1.2763577027400332,200,1.178091588402488,0.31649127700691354
EHE matrix+Poisson 5e10,440SinglePlus218Single,13,70,3.0079182115850513,200,2.4515933136720554,0.18364895375962192
EHE matrix+Poisson 5e10,440SinglePlus218Single,17,40,3.275145563392782,200,2.008677791038101,0.6027555896071397
EHE matrix+Poisson 5e10,440SinglePlus218Single,22,100,7.763989083108614,200,6.854170968392707,0.5360083426036502
EHE matrix+Poisson 5e10,440SinglePlus218Single,28,30,6.192873819925508,200,3.586110329824229,0.7763663759851251
EHE matrix+Poisson 5e10,440SinglePlus218Single,37,40,10.319325394214186,200,6.838580451137145,0.6251974467061905
JSCC,218_SinglePhoton_CrossTalkCorrected,10,550,0.9529654251638333,10000,0.11469113181788215,0.009324648893655882
JSCC,218_SinglePhoton_CrossTalkCorrected,17,10000,3.093302856773232,10000,3.093302856773232,0.21136307941761645
JSCC,218_SinglePhoton_CrossTalkCorrected,28,6500,6.78363322184581,10000,6.443148840657744,0.5239597274397254
JSCC,440_SinglePhoton,13,10000,3.2070173517965963,10000,3.2070173517965963,0.18267414575840724
JSCC,440_SinglePhoton,22,10000,5.507084315001104,10000,5.507084315001104,0.3175467744938759
JSCC,440_SinglePhoton,37,5900,5.782181804235647,10000,5.3200770406443585,0.3880100544237118
JSCC,440SinglePlus218Single,10,450,0.24724954705363536,10000,-0.6290676578249116,-0.1440379876961864
JSCC,440SinglePlus218Single,13,10000,2.790041762085958,10000,2.790041762085958,0.1822623645510347
JSCC,440SinglePlus218Single,17,10000,1.9348222465630738,10000,1.9348222465630738,0.3207734066014993
JSCC,440SinglePlus218Single,22,10000,5.330033729412624,10000,5.330033729412624,0.36587581484676784
JSCC,440SinglePlus218Single,28,6200,3.6213657416755676,10000,3.318420339807686,0.7823156698768713
JSCC,440SinglePlus218Single,37,5700,5.792459764155046,10000,5.236244537510095,0.4572138349612247
JSCC,440_ComptonOnly,13,150,0.7314657169069079,10000,-0.23603659286564796,-0.08921407824368058
JSCC,440_ComptonOnly,22,3350,3.411152605249926,10000,2.3243253149071976,1.0015387228787058
JSCC,440_ComptonOnly,37,1100,3.6394347619094454,10000,1.5182903434759056,0.41246797036618044
JSCC,440_SinglePlusCompton,13,10000,2.6874972334210088,10000,2.6874972334210088,0.14954572302589605
JSCC,440_SinglePlusCompton,22,10000,6.4038847896923805,10000,6.4038847896923805,0.40608282644052895
JSCC,440_SinglePlusCompton,37,5800,5.912363820178207,10000,5.424610885015151,0.4120725268040266
JSCC,440SingleComptonPlus218Single,10,250,0.29896008511179767,10000,-0.6238573313440167,-0.14242370427439574
JSCC,440SingleComptonPlus218Single,13,10000,2.3465502530531293,10000,2.3465502530531293,0.1471410258155735
JSCC,440SingleComptonPlus218Single,17,10000,1.9799472820290434,10000,1.9799472820290434,0.33270366269153856
JSCC,440SingleComptonPlus218Single,22,10000,6.303902098568218,10000,6.303902098568218,0.45894367696671823
JSCC,440SingleComptonPlus218Single,28,6400,3.262736921868521,10000,3.0347270553427896,0.7464343264792893
JSCC,440SingleComptonPlus218Single,37,5600,5.9540324444420305,10000,5.360332166093121,0.4827265787872131
