system,channel,iteration,max_density,peak_background_ratio,peak_x_mm,peak_y_mm,peak_z_mm,p99_density,p999_density,volume_weighted_p999_density,background_mean,background_cv,total_integral,integral_recovery,source_z_leakage
EHE Geant4 5e10,440_SinglePhoton,0,1.0,1.0,,,,1.0,1.0,1.0,1.0,0.0,14135997.191569462,0.00040034400545319076,0.4999999999999998
EHE Geant4 5e10,440_SinglePhoton,10,83731.046875,10.005151748657227,27.239429984372798,-53.46039145130208,-1.5,15178.467568359369,45179.21838671919,43695.56492921038,8368.79296875,0.3836114720751527,38389950723.392654,1.0872375279559074,0.06420058926729869
EHE Geant4 5e10,440_SinglePhoton,20,132018.15625,14.60854721069336,27.239429984372798,-53.46039145130208,-1.5,15844.034052734361,57511.98633203148,55031.01838736503,9037.048828125,0.3864288100914443,37455501358.20295,1.0607730913347437,0.05358553807136563
EHE Geant4 5e10,440_SinglePhoton,30,155459.625,16.68135643005371,27.239429984372798,-53.46039145130208,-4.5,16908.688652343746,60797.22719531331,59108.92601900044,9319.36328125,0.3945899037496275,37121554690.25209,1.0513154248649932,0.052088884900387905
EHE Geant4 5e10,440_SinglePhoton,40,168490.734375,17.781578063964844,27.239429984372798,-53.46039145130208,-4.5,18276.2638671875,62117.28205078395,60904.69093417628,9475.578125,0.4124459754269611,36971679492.50491,1.0470708260460306,0.05207139308119989
EHE Geant4 5e10,440_SinglePhoton,50,176601.4375,18.445886611938477,27.239429984372798,-53.46039145130208,-4.5,19379.94568359372,63772.05273828613,61391.642756079185,9574.0283203125,0.43542430719501257,36898357666.270386,1.0449942867538908,0.052169733005362706
EHE Geant4 5e10,440_SinglePhoton,60,182225.828125,18.902536392211914,27.239429984372798,-53.46039145130208,-4.5,20638.669531249994,66513.51158593847,62652.326748079104,9640.2841796875,0.4610558051535655,36864979224.07751,1.0440489796020718,0.052270315119479695
EHE Geant4 5e10,440_SinglePhoton,70,186452.34375,19.247907638549805,27.239429984372798,-53.46039145130208,-4.5,21803.491484374987,68322.84000781518,64396.888101083576,9686.888671875,0.4880046865860688,36853722431.48801,1.0437301772301721,0.05235059795060099
EHE Geant4 5e10,440_SinglePhoton,80,189822.859375,19.52733039855957,27.239429984372798,-53.46039145130208,-4.5,22900.19687499996,70452.59490625857,65881.86109245164,9720.880859375,0.5155048400762614,36854650124.746086,1.0437564503278347,0.052401169093686424
EHE Geant4 5e10,440_SinglePhoton,90,193125.75,19.814878463745117,27.239429984372798,-53.46039145130208,-7.5,24062.687089843745,72604.37508594333,70188.6952506516,9746.501953125,0.5431038058726598,36862039956.29199,1.0439657369257747,0.05241708345189635
EHE Geant4 5e10,440_SinglePhoton,100,199598.515625,20.437345504760742,27.239429984372798,-53.46039145130208,-7.5,25215.031093749905,75871.61861718762,72171.79238346436,9766.3623046875,0.5705340246811366,36872679208.32374,1.0442670500001687,0.05239629338253322
EHE Geant4 5e10,440_SinglePhoton,110,205820.390625,21.04049301147461,27.239429984372798,-53.46039145130208,-7.5,26379.304296874998,77671.69283593922,74792.69595273271,9782.1083984375,0.597638745561367,36884807905.19609,1.0446105454763632,0.052342254744199714
EHE Geant4 5e10,440_SinglePhoton,120,211858.625,21.629669189453125,27.239429984372798,-53.46039145130208,-7.5,27486.633203124948,79092.03747656445,75815.15857800376,9794.8154296875,0.6243286193239787,36897452237.758804,1.0449686442136394,0.05226282283073987
EHE Geant4 5e10,440_SinglePhoton,130,217761.8125,22.20877456665039,27.239429984372798,-53.46039145130208,-7.5,28299.548925781244,79551.36525781603,77082.19498388047,9805.21484375,0.6505564939734317,36910063645.89234,1.0453258105018157,0.052166996584345156
EHE Geant4 5e10,440_SinglePhoton,140,223563.65625,22.78046989440918,27.239429984372798,-53.46039145130208,-7.5,29390.78624999999,79779.19085156466,77721.2272466449,9813.830078125,0.6763010427925673,36922327841.78908,1.0456731434308213,0.05206239603711928
EHE Geant4 5e10,440_SinglePhoton,150,229285.8125,23.346364974975586,27.239429984372798,-53.46039145130208,-7.5,30294.27591796874,82298.63789062577,79334.0864984759,9821.0498046875,0.7015582561174056,36934061939.00566,1.046005463494019,0.05195437498287107
EHE Geant4 5e10,440_SinglePhoton,160,234941.5625,23.90736198425293,27.239429984372798,-53.46039145130208,-7.5,31127.05824218742,83162.21907031465,81233.46200551171,9827.1640625,0.7263347290712844,36945161844.29035,1.0463198226779946,0.05184631092736503
EHE Geant4 5e10,440_SinglePhoton,170,240537.578125,24.463773727416992,27.239429984372798,-53.46039145130208,-7.5,31993.21083984373,84749.36970312672,82717.74732323772,9832.3984375,0.7506431523812778,36955573596.931816,1.0466146927674396,0.051740245782644384
EHE Geant4 5e10,440_SinglePhoton,180,246076.53125,25.015583038330078,27.239429984372798,-53.46039145130208,-7.5,32873.48828124993,85864.21021093869,84564.94651243635,9836.9296875,0.7744997128963163,36965277166.782364,1.0468895064907673,0.05163742738419381
EHE Geant4 5e10,440_SinglePhoton,190,251557.734375,25.562496185302734,27.239429984372798,-53.46039145130208,-7.5,33738.094648437494,86570.82507812504,85902.30149128167,9840.890625,0.7979222536070001,36974275727.19049,1.0471443537200273,0.051538634382269785
EHE Geant4 5e10,440_SinglePhoton,200,256979.3125,26.10414695739746,27.239429984372798,-53.46039145130208,-7.5,34705.35374999998,88039.90824218998,87465.26361750197,9844.38671875,0.8209289934817708,36982588760.13791,1.0473797862022594,0.051444362618016354
EHE Geant4 5e10,218_SinglePhoton_CrossTalkCorrected,0,1.0,1.0,,,,1.0,1.0,1.0,1.0,0.0,14135997.191569462,0.0009622625946967021,0.4999999999999998
EHE Geant4 5e10,218_SinglePhoton_CrossTalkCorrected,10,33033.79296875,8.707537651062012,-24.515486985935535,-48.11435230617186,-1.5,5477.619858398436,13802.340336914729,13427.576926058844,3793.700927734375,0.2814430324630306,19002253608.19103,1.2935173666423558,0.07028741534823563
EHE Geant4 5e10,218_SinglePhoton_CrossTalkCorrected,20,53402.09765625,12.047711372375488,-24.515486985935535,-48.11435230617186,-1.5,6919.654887695309,16747.86606836026,15831.203551718783,4432.55126953125,0.32461955536902126,18689288672.456474,1.2722132840914182,0.07107383353111929
EHE Geant4 5e10,218_SinglePhoton_CrossTalkCorrected,30,63690.1953125,13.801816940307617,-24.515486985935535,-48.11435230617186,-1.5,7701.23470703125,17476.983757813643,16644.69319410778,4614.6240234375,0.34599925931804354,18460743503.949078,1.2566558059826591,0.07153727141410178
EHE Geant4 5e10,218_SinglePhoton_CrossTalkCorrected,40,70370.4921875,14.984046936035156,-24.515486985935535,-48.11435230617186,-1.5,8418.907900390619,19065.3892539063,18162.662537266955,4696.36083984375,0.3733174903648281,18366553274.68444,1.2502441087264287,0.07254459543893807
EHE Geant4 5e10,218_SinglePhoton_CrossTalkCorrected,50,74797.0703125,15.776945114135742,-24.515486985935535,-48.11435230617186,-1.5,9088.336347656246,20595.864445313244,19413.748707543728,4740.90966796875,0.4037276364522854,18324916184.82579,1.2474097976000158,0.07348973804411797
EHE Geant4 5e10,218_SinglePhoton_CrossTalkCorrected,60,77821.3671875,16.32084083557129,-24.515486985935535,-48.11435230617186,-1.5,9710.33300781248,21753.442544922127,21227.06886386257,4768.220703125,0.4352172525702189,18307131179.580585,1.2461991405050816,0.07420807032172212
EHE Geant4 5e10,218_SinglePhoton_CrossTalkCorrected,70,79945.125,16.70292854309082,-24.515486985935535,-48.11435230617186,-1.5,10341.48716796875,22926.017523438255,22082.593332335226,4786.2939453125,0.4668452806628628,18301410789.20511,1.245809743307927,0.0747254949158135
EHE Geant4 5e10,218_SinglePhoton_CrossTalkCorrected,80,81461.046875,16.974857330322266,-24.515486985935535,-48.11435230617186,-1.5,10952.294667968748,23901.214107422617,23748.564916206284,4798.923828125,0.4981692469299554,18302103180.614624,1.245856875628713,0.07509506752516772
EHE Geant4 5e10,218_SinglePhoton_CrossTalkCorrected,90,82550.0625,17.168882369995117,-24.515486985935535,-48.11435230617186,-1.5,11554.712646484373,25442.458945314014,25099.746958762567,4808.12109375,0.5289780209915028,18306204119.160126,1.2461360338452865,0.07535748639838918
EHE Geant4 5e10,218_SinglePhoton_CrossTalkCorrected,100,83330.6328125,17.30633544921875,-24.515486985935535,-48.11435230617186,-1.5,12128.984501953097,26275.69035937585,26132.812897051965,4815.0361328125,0.5591752378058884,18312028605.062107,1.2465325170109847,0.0755414533959372
EHE Geant4 5e10,218_SinglePhoton_CrossTalkCorrected,110,83883.59375,17.401893615722656,-24.515486985935535,-48.11435230617186,-1.5,12661.27462890622,27297.333208986074,27055.509294889096,4820.37158203125,0.5887231325466938,18318600536.85668,1.2469798801545335,0.07566825886523562
EHE Geant4 5e10,218_SinglePhoton_CrossTalkCorrected,120,84265.7265625,17.4659366607666,-24.515486985935535,-48.11435230617186,-1.5,13269.776210937478,28608.935152346425,28270.611602890614,4824.5751953125,0.6176151964480358,18325360070.063484,1.2474400136615207,0.07575422482432123
EHE Geant4 5e10,218_SinglePhoton_CrossTalkCorrected,130,84518.0,17.506004333496094,-24.515486985935535,-48.11435230617186,-1.5,13818.263994140623,29744.196794922525,29075.83610775341,4827.943359375,0.6458605137652832,18331999845.858776,1.2478919950674587,0.07581169867896963
EHE Geant4 5e10,218_SinglePhoton_CrossTalkCorrected,140,84876.9140625,17.57038116455078,-245.00967632282882,22.05126999024467,1.5,14283.479433593711,31018.635197265907,30752.953666730828,4830.681640625,0.6734761002365657,18338355423.727142,1.248324630612552,0.07584968069978161
EHE Geant4 5e10,218_SinglePhoton_CrossTalkCorrected,150,85710.6640625,17.734683990478516,-24.515486985935535,-48.11435230617186,7.5,14803.023144531204,32727.184931641725,32369.783455242785,4832.93994140625,0.7004822557116128,18344337114.256123,1.2487318149781885,0.07587446434786516
EHE Geant4 5e10,218_SinglePhoton_CrossTalkCorrected,160,88590.421875,18.323379516601562,-24.515486985935535,-48.11435230617186,7.5,15272.539150390612,33904.579082034055,33351.77397662988,4834.82958984375,0.7269008317838568,18349895875.387993,1.249110209783844,0.07589027998827003
EHE Geant4 5e10,218_SinglePhoton_CrossTalkCorrected,170,91413.609375,18.901031494140625,-24.515486985935535,-48.11435230617186,7.5,15647.1155957031,35315.95299609511,34285.3337725673,4836.43505859375,0.7527541845199893,18355008476.748497,1.2494582336964226,0.0758998978836577
EHE Geant4 5e10,218_SinglePhoton_CrossTalkCorrected,180,94180.5078125,19.467544555664062,-24.515486985935535,-48.11435230617186,7.5,16057.207431640609,35522.71157031669,35433.859851994,4837.82177734375,0.7780641609857387,18359671085.90461,1.249775625835358,0.07590513441990061
EHE Geant4 5e10,218_SinglePhoton_CrossTalkCorrected,190,96891.1328125,20.022802352905273,-24.515486985935535,-48.11435230617186,7.5,16414.509140624978,36962.96694140746,36769.424564824236,4839.03955078125,0.8028521789284397,18363894872.355515,1.2500631465284235,0.07590721810753719
EHE Geant4 5e10,218_SinglePhoton_CrossTalkCorrected,200,99545.15625,20.566648483276367,-24.515486985935535,-48.11435230617186,7.5,16772.310253906235,38355.21051562509,37975.78990417686,4840.12548828125,0.8271390476966787,18367701485.938583,1.2503222695187448,0.07590703971857816
EHE Geant4 5e10,440SinglePlus218Single,0,2.0,1.0,,,,2.0,2.0,2.0,2.0,0.0,28271994.383138925,0.0005654398876627785,0.4999999999999998
EHE Geant4 5e10,440SinglePlus218Single,10,84570.5546875,6.953389644622803,27.239429984372798,-53.46039145130208,-1.5,19343.25369140623,46518.80132421896,45094.0133332248,12162.4931640625,0.2869688229687308,57392204324.92106,1.1478440864984212,0.06621590500484903
EHE Geant4 5e10,440SinglePlus218Single,20,133647.390625,9.922150611877441,27.239429984372798,-53.46039145130208,-1.5,21332.3820703125,59910.95576953167,57726.588945255724,13469.599609375,0.29927989968730223,56144790031.85015,1.1228958006370031,0.05940698299119553
EHE Geant4 5e10,440SinglePlus218Single,30,157783.140625,11.323617935180664,27.239429984372798,-53.46039145130208,-4.5,22477.65941406248,64076.680542968825,63059.21467097283,13933.986328125,0.3026186814753327,55582298175.83827,1.1116459635167655,0.05854834567728621
EHE Geant4 5e10,440SinglePlus218Single,40,171310.4375,12.088003158569336,27.239429984372798,-53.46039145130208,-4.5,23738.322265624996,66309.50821093853,64506.56103956936,14171.9384765625,0.3124079171365343,55338232760.5084,1.106764655210168,0.05886637265018497
EHE Geant4 5e10,440SinglePlus218Single,50,179764.21875,12.557808876037598,27.239429984372798,-53.46039145130208,-4.5,25117.150097656242,68866.59319531312,65707.11228133792,14314.935546875,0.3264604467553079,55223273836.61764,1.1044654767323527,0.0592444187127264
EHE Geant4 5e10,440SinglePlus218Single,60,185606.328125,12.881720542907715,27.239429984372798,-53.46039145130208,-4.5,26317.41542968749,71393.14167187513,67623.95558604173,14408.5048828125,0.34303900643534035,55172110410.79676,1.1034422082159352,0.059549669794875776
EHE Geant4 5e10,440SinglePlus218Single,70,189957.625,13.124799728393555,27.239429984372798,-53.46039145130208,-4.5,27495.958027343724,73627.37292968977,69360.76211027757,14473.1826171875,0.36109584138606565,55155133239.78371,1.103102664795674,0.05977496902415538
EHE Geant4 5e10,440SinglePlus218Single,80,193387.078125,13.318848609924316,27.239429984372798,-53.46039145130208,-4.5,28761.45412109367,76375.7246718764,73130.89319843563,14519.8046875,0.37998288974918415,55156753319.64934,1.1031350663929869,0.05993145412503536
EHE Geant4 5e10,440SinglePlus218Single,90,197124.46875,13.543771743774414,27.239429984372798,-53.46039145130208,-7.5,29899.690253906203,79179.33326562768,75612.94663610829,14554.62109375,0.3992886239684937,55168244062.89812,1.1033648812579624,0.0600292833563938
EHE Geant4 5e10,440SinglePlus218Single,100,203549.109375,13.959504127502441,27.239429984372798,-53.46039145130208,-7.5,31126.653242187447,81324.72503125019,77995.28925846181,14581.3994140625,0.41874899079808775,55184707802.50619,1.1036941560501237,0.06007658830302268
EHE Geant4 5e10,440SinglePlus218Single,110,209699.84375,14.360564231872559,27.239429984372798,-53.46039145130208,-7.5,32123.592890625,82048.61007031746,78857.73406742307,14602.4794921875,0.43819365544124805,55203408441.69123,1.1040681688338245,0.06008271430829908
EHE Geant4 5e10,440SinglePlus218Single,120,215651.359375,14.751049995422363,27.239429984372798,-53.46039145130208,-7.5,33252.57335937492,83571.34671094207,82049.98331881274,14619.390625,0.45751228302308256,55222812305.42057,1.1044562461084113,0.06005830410231541
EHE Geant4 5e10,440SinglePlus218Single,130,221457.265625,15.133935928344727,27.239429984372798,-53.46039145130208,-7.5,34387.938554687484,85469.54544531378,82855.8444379235,14633.1572265625,0.47663449332780666,55242063468.72953,1.1048412693745906,0.06001345723104096
EHE Geant4 5e10,440SinglePlus218Single,140,227154.78125,15.51125717163086,27.239429984372798,-53.46039145130208,-7.5,35519.49039062496,85921.26382812667,84455.6247745975,14644.51171875,0.49551609831434823,55260683244.348434,1.1052136648869686,0.05995624849802477
EHE Geant4 5e10,440SinglePlus218Single,150,232768.015625,15.884276390075684,27.239429984372798,-53.46039145130208,-7.5,36512.27562499998,87544.85164844037,85665.18397096657,14653.9892578125,0.5141310776549022,55278399041.56917,1.1055679808313834,0.059892343340880394
EHE Geant4 5e10,440SinglePlus218Single,160,238312.046875,16.253726959228516,27.239429984372798,-53.46039145130208,-7.5,37581.18273437497,88720.91717187656,87875.24539092681,14661.9931640625,0.5324654231640706,55295057718.02471,1.1059011543604942,0.05982540248382276
EHE Geant4 5e10,440SinglePlus218Single,170,243794.90625,16.619924545288086,27.239429984372798,-53.46039145130208,-7.5,38557.70972656246,90663.04739062689,88547.14997524409,14668.833984375,0.5505134650512626,55310582059.30078,1.1062116411860157,0.059757710094172425
EHE Geant4 5e10,440SinglePlus218Single,180,249220.3125,16.98293113708496,27.239429984372798,-53.46039145130208,-7.5,39525.69410156244,92285.86326562976,89485.85170699976,14674.751953125,0.5682748177839995,55324948261.06339,1.1064989652212678,0.05969070408292299
EHE Geant4 5e10,440SinglePlus218Single,190,254588.375,17.342615127563477,27.239429984372798,-53.46039145130208,-7.5,40426.32460937498,94377.4897421877,92047.72487493252,14679.9296875,0.5857526432506968,55338170604.737114,1.1067634120947423,0.05962531493524477
EHE Geant4 5e10,440SinglePlus218Single,200,259897.875,17.698776245117188,27.239429984372798,-53.46039145130208,-7.5,41208.962812499914,95767.21156250173,93960.0177865349,14684.51171875,0.6029522628939132,55350290252.666306,1.107005805053326,0.05956217276427878
