system,channel,iteration,energy_keV,diameter_mm,hot_mean,local_background_mean,crc,cnr
EHE Geant4 5e10,440_SinglePhoton,0,440,13,1.0,1.0,0.0,
EHE Geant4 5e10,440_SinglePhoton,0,440,22,1.0,1.0,0.0,
EHE Geant4 5e10,440_SinglePhoton,0,440,37,1.0,1.0,0.0,
EHE Geant4 5e10,440_SinglePhoton,10,440,13,12015.816307893769,9652.6357421875,0.02720247872445896,2.051825772884556
EHE Geant4 5e10,440_SinglePhoton,10,440,22,20259.219219122813,12123.951171875,0.0745564427884965,3.2302146711057445
EHE Geant4 5e10,440_SinglePhoton,10,440,37,47101.209829546475,14591.193359375,0.24756193433077783,6.628669794228202
EHE Geant4 5e10,440_SinglePhoton,20,440,13,14376.770815624426,10137.16015625,0.046469409951185314,2.0834184968503155
EHE Geant4 5e10,440_SinglePhoton,20,440,22,28355.00350791724,12737.7060546875,0.13622980975781784,3.8008071173146925
EHE Geant4 5e10,440_SinglePhoton,20,440,37,62310.64106370669,13969.658203125,0.3844918923385594,8.524411220174525
EHE Geant4 5e10,440_SinglePhoton,30,440,13,16209.711611276076,10359.4150390625,0.06274803644965281,2.189846006823074
EHE Geant4 5e10,440_SinglePhoton,30,440,22,34090.93992964489,12696.013671875,0.18724097894658476,4.200623119519857
EHE Geant4 5e10,440_SinglePhoton,30,440,37,67313.46190416312,13313.484375,0.4506707135591878,9.433609087130929
EHE Geant4 5e10,440_SinglePhoton,40,440,13,17640.285014459085,10475.931640625,0.07598744351026049,2.258599741886674
EHE Geant4 5e10,440_SinglePhoton,40,440,22,38069.266359825924,12590.1650390625,0.2248589473671751,4.4189299546196565
EHE Geant4 5e10,440_SinglePhoton,40,440,37,69462.70727501779,12930.0048828125,0.4858011604667997,9.817621480721781
EHE Geant4 5e10,440_SinglePhoton,50,440,13,18730.65262051151,10543.9853515625,0.08627000761292725,2.274655955757942
EHE Geant4 5e10,440_SinglePhoton,50,440,22,40718.920353494614,12484.822265625,0.2512748634316456,4.522028241835238
EHE Geant4 5e10,440_SinglePhoton,50,440,37,70612.92145484153,12689.796875,0.5071714539239623,9.912307346718926
EHE Geant4 5e10,440_SinglePhoton,60,440,13,19538.581468393906,10583.591796875,0.09401334362543927,2.2564375355903903
EHE Geant4 5e10,440_SinglePhoton,60,440,22,42467.87697117388,12389.802734375,0.2697386165205798,4.555224539817211
EHE Geant4 5e10,440_SinglePhoton,60,440,37,71340.02869714517,12523.5009765625,0.5218324938818513,9.848417358588994
EHE Geant4 5e10,440_SinglePhoton,70,440,13,20122.786158119485,10604.3984375,0.09973207267320647,2.2194090753072695
EHE Geant4 5e10,440_SinglePhoton,70,440,22,43640.8526773879,12306.8359375,0.28289622395424086,4.546516821591158
EHE Geant4 5e10,440_SinglePhoton,70,440,37,71856.67807101597,12398.2744140625,0.532855547036753,9.700818974812668
EHE Geant4 5e10,440_SinglePhoton,80,440,13,20537.51255800864,10612.84375,0.10390626722150947,2.172756927941078
EHE Geant4 5e10,440_SinglePhoton,80,440,22,44449.34105879436,12235.2431640625,0.2925437739593974,4.512828950985863
EHE Geant4 5e10,440_SinglePhoton,80,440,37,72253.05816303582,12298.0263671875,0.5416861210602685,9.512040432779843
EHE Geant4 5e10,440_SinglePhoton,90,440,13,20828.449107830016,10613.423828125,0.10694030759879923,2.1217635083888164
EHE Geant4 5e10,440_SinglePhoton,90,440,22,45022.17439622074,12173.6416015625,0.2998147223847783,4.464218204904223
EHE Geant4 5e10,440_SinglePhoton,90,440,37,72571.87162439003,12214.3525390625,0.5490582483216567,9.305947870209803
EHE Geant4 5e10,440_SinglePhoton,100,440,13,21031.149169787263,10609.0478515625,0.10915317508064376,2.069527948610842
EHE Geant4 5e10,440_SinglePhoton,100,440,22,45436.78788695605,12120.6123046875,0.30541338951061925,4.406683515787302
EHE Geant4 5e10,440_SinglePhoton,100,440,37,72836.41562181698,12142.4189453125,0.5553899465068192,9.09580091553296
EHE Geant4 5e10,440_SinglePhoton,110,440,13,21171.623142359516,10601.494140625,0.11078238240683147,2.0178398667457134
EHE Geant4 5e10,440_SinglePhoton,110,440,22,45740.708128384904,12074.9013671875,0.30978681166319755,4.343914308086939
EHE Geant4 5e10,440_SinglePhoton,110,440,37,73061.51204644697,12079.150390625,0.5609515357153693,8.888817479862984
EHE Geant4 5e10,440_SinglePhoton,120,440,13,21268.35383294948,10591.830078125,0.11199957027753972,1.967707919174849
EHE Geant4 5e10,440_SinglePhoton,120,440,22,45964.25456177923,12035.443359375,0.31323049752394133,4.278278080512974
EHE Geant4 5e10,440_SinglePhoton,120,440,37,73257.45285052045,12022.451171875,0.5659319366854145,8.688759755276811
EHE Geant4 5e10,440_SinglePhoton,130,440,13,21334.394340280967,10580.7080078125,0.11292760711841722,1.9196751206703504
EHE Geant4 5e10,440_SinglePhoton,130,440,22,46127.6089382764,12001.3271484375,0.31594914802847845,4.211352261949556
EHE Geant4 5e10,440_SinglePhoton,130,440,37,73431.53175437501,11970.8369140625,0.5704668890230946,8.497423025922739
EHE Geant4 5e10,440_SinglePhoton,140,440,13,21379.032109719607,10568.54296875,0.11365478322408738,1.8740121927156532
EHE Geant4 5e10,440_SinglePhoton,140,440,22,46244.80365656896,11971.7685546875,0.3180912656241679,4.144216549467811
EHE Geant4 5e10,440_SinglePhoton,140,440,37,73588.92569982771,11923.2294921875,0.5746550485806406,8.315496534231421
EHE Geant4 5e10,440_SinglePhoton,150,440,13,21408.924516618612,10555.6259765625,0.11424448561211244,1.8308224154897623
EHE Geant4 5e10,440_SinglePhoton,150,440,22,46325.98797020278,11946.0869140625,0.31976906192948057,4.077619237027247
EHE Geant4 5e10,440_SinglePhoton,150,440,37,73733.32296331556,11878.8408203125,0.5785682578016604,8.143049684314889
EHE Geant4 5e10,440_SinglePhoton,160,440,13,21428.878677230747,10542.1689453125,0.1147424615306927,1.7901101735177138
EHE Geant4 5e10,440_SinglePhoton,160,440,22,46378.70862620839,11923.6953125,0.32106949333239815,4.012071674920535
EHE Geant4 5e10,440_SinglePhoton,160,440,37,73867.3610499288,11837.08203125,0.5822594796675428,7.979824711854609
EHE Geant4 5e10,440_SinglePhoton,170,440,13,21442.371443740238,10528.33203125,0.11518168711176863,1.7518170843265966
EHE Geant4 5e10,440_SinglePhoton,170,440,22,46408.73047555531,11904.0908203125,0.32206145840559797,3.947920006705091
EHE Geant4 5e10,440_SinglePhoton,170,440,37,73992.94919391612,11797.5126953125,0.5857678846275953,7.825389161396869
EHE Geant4 5e10,440_SinglePhoton,180,440,13,21451.932020050313,10514.244140625,0.11558592676898198,1.715849533692428
EHE Geant4 5e10,440_SinglePhoton,180,440,22,46420.509763997645,11886.8505859375,0.3227998210515117,3.8853816558980383
EHE Geant4 5e10,440_SinglePhoton,180,440,37,74111.47308473692,11759.7919921875,0.5891230534044606,7.679229615152306
EHE Geant4 5e10,440_SinglePhoton,190,440,13,21459.40309793409,10500.001953125,0.11597247731460729,1.682094665155983
EHE Geant4 5e10,440_SinglePhoton,190,440,22,46417.54292680856,11871.609375,0.3233291241367232,3.8245841486097247
EHE Geant4 5e10,440_SinglePhoton,190,440,37,74223.97309401685,11723.6630859375,0.5923471903688939,7.540807341725809
EHE Geant4 5e10,440_SinglePhoton,200,440,13,21466.133498480864,10485.673828125,0.11635409364074685,1.6504331183141503
EHE Geant4 5e10,440_SinglePhoton,200,440,22,46402.603899311536,11858.0693359375,0.3236852062013361,3.7655877154594695
EHE Geant4 5e10,440_SinglePhoton,200,440,37,74331.22297996041,11688.9267578125,0.5954571604396617,7.409585043752333
EHE Geant4 5e10,218_SinglePhoton_CrossTalkCorrected,0,218,10,1.0,1.0,0.0,
EHE Geant4 5e10,218_SinglePhoton_CrossTalkCorrected,0,218,17,1.0,1.0,0.0,
EHE Geant4 5e10,218_SinglePhoton_CrossTalkCorrected,0,218,28,1.0,1.0,0.0,
EHE Geant4 5e10,218_SinglePhoton_CrossTalkCorrected,10,218,10,5009.510447413209,4245.38427734375,0.01999887459860698,1.081543092892789
EHE Geant4 5e10,218_SinglePhoton_CrossTalkCorrected,10,218,17,7978.531026710174,4903.43212890625,0.06968132653398447,3.785302398045884
EHE Geant4 5e10,218_SinglePhoton_CrossTalkCorrected,10,218,28,19309.17999935637,5881.0830078125,0.2536966022850218,5.99516642158329
EHE Geant4 5e10,218_SinglePhoton_CrossTalkCorrected,20,218,10,7365.3652940363745,5490.96142578125,0.0379290765902912,2.0122162403483945
EHE Geant4 5e10,218_SinglePhoton_CrossTalkCorrected,20,218,17,12142.305982552949,5721.38330078125,0.12469639176818825,4.666294128278226
EHE Geant4 5e10,218_SinglePhoton_CrossTalkCorrected,20,218,28,25991.266594565925,6252.11572265625,0.35079948661537735,7.788632820437481
EHE Geant4 5e10,218_SinglePhoton_CrossTalkCorrected,30,218,10,8151.015253686445,5606.84326171875,0.0504179916737397,2.298047512662322
EHE Geant4 5e10,218_SinglePhoton_CrossTalkCorrected,30,218,17,14495.93777532669,5745.11767578125,0.16924167602219178,5.049486262604483
EHE Geant4 5e10,218_SinglePhoton_CrossTalkCorrected,30,218,28,28042.64564172455,6043.98095703125,0.40441822921918175,8.688092838464554
EHE Geant4 5e10,218_SinglePhoton_CrossTalkCorrected,40,218,10,8686.818990529542,5619.1123046875,0.06066016835836311,2.3682778111252833
EHE Geant4 5e10,218_SinglePhoton_CrossTalkCorrected,40,218,17,16244.593786954587,5695.36865234375,0.20580513705386128,5.275357634295516
EHE Geant4 5e10,218_SinglePhoton_CrossTalkCorrected,40,218,28,29183.497584182125,5908.7744140625,0.4376678090943547,9.082544487253003
EHE Geant4 5e10,218_SinglePhoton_CrossTalkCorrected,50,218,10,9144.105043270198,5625.0419921875,0.06951183763941968,2.3858751595935512
EHE Geant4 5e10,218_SinglePhoton_CrossTalkCorrected,50,218,17,17595.884584457395,5646.61328125,0.23513152846436366,5.382896210437222
EHE Geant4 5e10,218_SinglePhoton_CrossTalkCorrected,50,218,28,29879.399714892876,5822.56396484375,0.4590729730312526,9.167962191134237
EHE Geant4 5e10,218_SinglePhoton_CrossTalkCorrected,60,218,10,9550.133546491912,5628.9345703125,0.07740164140988723,2.3878282138980533
EHE Geant4 5e10,218_SinglePhoton_CrossTalkCorrected,60,218,17,18639.929060113274,5605.728515625,0.2583508104087471,5.407709795844187
EHE Geant4 5e10,218_SinglePhoton_CrossTalkCorrected,60,218,28,30341.893870398486,5764.57666015625,0.4737230822577401,9.078882444498754
EHE Geant4 5e10,218_SinglePhoton_CrossTalkCorrected,70,218,10,9917.17556379999,5630.205078125,0.08460261169074818,2.3828627412785734
EHE Geant4 5e10,218_SinglePhoton_CrossTalkCorrected,70,218,17,19451.649756808776,5572.2578125,0.2767557985237699,5.377193846208515
EHE Geant4 5e10,218_SinglePhoton_CrossTalkCorrected,70,218,28,30675.387212696638,5723.56884765625,0.48438733534541967,8.899454101706581
EHE Geant4 5e10,218_SinglePhoton_CrossTalkCorrected,80,218,10,10254.523508936645,5629.24560546875,0.09129460731873573,2.3738985454422825
EHE Geant4 5e10,218_SinglePhoton_CrossTalkCorrected,80,218,17,20092.226490533696,5545.06201171875,0.29149387425086903,5.310469261424716
EHE Geant4 5e10,218_SinglePhoton_CrossTalkCorrected,80,218,28,30932.005816275014,5693.18798828125,0.492573422443041,8.678248036464929
EHE Geant4 5e10,218_SinglePhoton_CrossTalkCorrected,90,218,10,10568.875067511555,5626.689453125,0.09759410742436796,2.3623467096296227
EHE Geant4 5e10,218_SinglePhoton_CrossTalkCorrected,90,218,17,20607.184478016166,5522.98291015625,0.30346325956338394,5.220697677924349
EHE Geant4 5e10,218_SinglePhoton_CrossTalkCorrected,90,218,28,31139.730478552377,5669.66259765625,0.4991491986651327,8.442208180308738
EHE Geant4 5e10,218_SinglePhoton_CrossTalkCorrected,100,218,10,10864.640148494022,5623.02294921875,0.10357452144339965,2.3490091444551098
EHE Geant4 5e10,218_SinglePhoton_CrossTalkCorrected,100,218,17,21028.712410956472,5505.005859375,0.3133250586049114,5.116890155370031
EHE Geant4 5e10,218_SinglePhoton_CrossTalkCorrected,100,218,28,31314.89485832762,5650.69287109375,0.5046421852387084,8.205851738090958
EHE Geant4 5e10,218_SinglePhoton_CrossTalkCorrected,110,218,10,11144.575196097518,5618.5556640625,0.10928114037445674,2.3343655891478208
EHE Geant4 5e10,218_SinglePhoton_CrossTalkCorrected,110,218,17,21379.26806157912,5490.31787109375,0.3215549539214984,5.005172740053976
EHE Geant4 5e10,218_SinglePhoton_CrossTalkCorrected,110,218,28,31467.607725493246,5634.8603515625,0.5093835667061689,7.976644058731912
EHE Geant4 5e10,218_SinglePhoton_CrossTalkCorrected,120,218,10,11410.407622996634,5613.48388671875,0.11474204796207345,2.318714923193137
EHE Geant4 5e10,218_SinglePhoton_CrossTalkCorrected,120,218,17,21674.62824653552,5478.2978515625,0.32849478339240723,4.889666172994643
EHE Geant4 5e10,218_SinglePhoton_CrossTalkCorrected,120,218,28,31604.332225601087,5621.27685546875,0.5135854764791127,7.758107459536312
EHE Geant4 5e10,218_SinglePhoton_CrossTalkCorrected,130,218,10,11663.311635695087,5607.94921875,0.11997577368883548,2.3022640112708395
EHE Geant4 5e10,218_SinglePhoton_CrossTalkCorrected,130,218,17,21926.038475172445,5468.4716796875,0.3343929785033024,4.773116434909765
EHE Geant4 5e10,218_SinglePhoton_CrossTalkCorrected,130,218,28,31729.333557397833,5609.375,0.5173869847333523,7.551608305203315
EHE Geant4 5e10,218_SinglePhoton_CrossTalkCorrected,140,218,10,11904.228026558732,5602.08349609375,0.12499604506984616,2.285180092673236
EHE Geant4 5e10,218_SinglePhoton_CrossTalkCorrected,140,218,17,22141.669793685647,5460.46484375,0.33943396207027665,4.657342613925906
EHE Geant4 5e10,218_SinglePhoton_CrossTalkCorrected,140,218,28,31845.507559928523,5598.7763671875,0.5208822918792692,7.357368958976959
EHE Geant4 5e10,218_SinglePhoton_CrossTalkCorrected,150,218,10,12134.006015593599,5596.01513671875,0.12981441494313894,2.267613306517136
EHE Geant4 5e10,218_SinglePhoton_CrossTalkCorrected,150,218,17,22327.603525980296,5453.98046875,0.34375755782429834,4.543538901140073
EHE Geant4 5e10,218_SinglePhoton_CrossTalkCorrected,150,218,28,31954.846914326048,5589.22119140625,0.5241363454567888,7.175009169346458
EHE Geant4 5e10,218_SinglePhoton_CrossTalkCorrected,160,218,10,12353.450222003115,5589.8623046875,0.1344415528733917,2.2497034648189778
EHE Geant4 5e10,218_SinglePhoton_CrossTalkCorrected,160,218,17,22488.52085234141,5448.7724609375,0.34747374576491313,4.432483925251994
EHE Geant4 5e10,218_SinglePhoton_CrossTalkCorrected,160,218,28,32058.742023544353,5580.5234375,0.5271950418787684,7.0038598205177935
EHE Geant4 5e10,218_SinglePhoton_CrossTalkCorrected,170,218,10,12563.310724289087,5583.734375,0.13888706574698817,2.231575960615837
EHE Geant4 5e10,218_SinglePhoton_CrossTalkCorrected,170,218,17,22628.12176145628,5444.63720703125,0.35067094261801796,4.324669626783194
EHE Geant4 5e10,218_SinglePhoton_CrossTalkCorrected,170,218,28,32158.171297838475,5572.5498046875,0.5300909004345983,6.843120443452396
EHE Geant4 5e10,218_SinglePhoton_CrossTalkCorrected,180,218,10,12764.266468109425,5577.7158203125,0.14315996964654504,2.2133428104622386
EHE Geant4 5e10,218_SinglePhoton_CrossTalkCorrected,180,218,17,22749.43712496603,5441.40478515625,0.353422467240339,4.220396701574702
EHE Geant4 5e10,218_SinglePhoton_CrossTalkCorrected,180,218,28,32253.819299829607,5565.2001953125,0.5328473403745376,6.691960676101496
EHE Geant4 5e10,218_SinglePhoton_CrossTalkCorrected,190,218,10,12956.924128001909,5571.8740234375,0.14726842697408,2.195098578124359
EHE Geant4 5e10,218_SinglePhoton_CrossTalkCorrected,190,218,17,22854.997369534485,5438.93359375,0.3557900025720253,4.1198293919476
EHE Geant4 5e10,218_SinglePhoton_CrossTalkCorrected,190,218,28,32346.178860312837,5558.3984375,0.5354815924851022,6.549572919199705
EHE Geant4 5e10,218_SinglePhoton_CrossTalkCorrected,200,218,10,13141.825216507988,5566.255859375,0.15122012890453881,2.1769254688768083
EHE Geant4 5e10,218_SinglePhoton_CrossTalkCorrected,200,218,17,22946.95655112079,5437.10546875,0.357826240512416,4.023037669931607
EHE Geant4 5e10,218_SinglePhoton_CrossTalkCorrected,200,218,28,32435.608993585738,5552.083984375,0.5380066913186298,6.415202192928643
EHE Geant4 5e10,440SinglePlus218Single,0,218,10,2.0,2.0,0.0,
EHE Geant4 5e10,440SinglePlus218Single,0,440,13,2.0,2.0,0.0,
EHE Geant4 5e10,440SinglePlus218Single,0,218,17,2.0,2.0,0.0,
EHE Geant4 5e10,440SinglePlus218Single,0,440,22,2.0,2.0,0.0,
EHE Geant4 5e10,440SinglePlus218Single,0,218,28,2.0,2.0,0.0,
EHE Geant4 5e10,440SinglePlus218Single,0,440,37,2.0,2.0,0.0,
EHE Geant4 5e10,440SinglePlus218Single,10,218,10,15666.238084995479,14916.2177734375,0.024452793213588744,0.4520766075661891
EHE Geant4 5e10,440SinglePlus218Single,10,440,13,16076.455454499115,13970.1884765625,0.025366120477374552,1.8234262352610018
EHE Geant4 5e10,440SinglePlus218Single,10,218,17,17427.498316593406,14471.5146484375,0.09933497971806075,2.331414017851226
EHE Geant4 5e10,440SinglePlus218Single,10,440,22,23057.102414273762,16319.427734375,0.06946211609924692,3.312075195779908
EHE Geant4 5e10,440SinglePlus218Single,10,218,28,26885.450469841842,16212.4580078125,0.3201485242318252,4.573683247267234
EHE Geant4 5e10,440SinglePlus218Single,10,440,37,48498.309439096236,17980.388671875,0.285560913772137,7.206174611291095
EHE Geant4 5e10,440SinglePlus218Single,20,218,10,17242.66422264369,15144.0126953125,0.0673928049422311,1.0793974986414794
EHE Geant4 5e10,440SinglePlus218Single,20,440,13,19629.659256326388,15366.5087890625,0.04667650714358957,1.8648758984877731
EHE Geant4 5e10,440SinglePlus218Single,20,218,17,21483.760767344662,15503.4462890625,0.18759011038431916,2.669541464024912
EHE Geant4 5e10,440SinglePlus218Single,20,440,22,31649.028475281324,17485.888671875,0.13627454174796005,3.8015757380254493
EHE Geant4 5e10,440SinglePlus218Single,20,218,28,32120.644870563785,16298.38671875,0.47210436246671045,5.333274196392044
EHE Geant4 5e10,440SinglePlus218Single,20,440,37,64756.98714767227,18601.525390625,0.41746246971019796,8.994123545945126
EHE Geant4 5e10,440SinglePlus218Single,30,218,10,18005.306904391076,14839.8193359375,0.10373520374762517,1.3625155636610293
EHE Geant4 5e10,440SinglePlus218Single,30,440,13,21806.3519178747,15708.88671875,0.06530505802155416,1.9980450493926656
EHE Geant4 5e10,440SinglePlus218Single,30,218,17,23578.580546336605,15431.5693359375,0.25674523084397044,2.9089698902376613
EHE Geant4 5e10,440SinglePlus218Single,30,440,22,37458.02186724786,17460.603515625,0.19268929099939314,4.163957130525249
EHE Geant4 5e10,440SinglePlus218Single,30,218,28,33468.66064020153,15995.140625,0.5312592500858598,5.2732510955384315
EHE Geant4 5e10,440SinglePlus218Single,30,440,37,70473.25930434276,18300.748046875,0.4796404444283862,9.623262188753344
EHE Geant4 5e10,440SinglePlus218Single,40,218,10,18820.868481209807,14748.5673828125,0.13427779792513408,1.5096148686569912
EHE Geant4 5e10,440SinglePlus218Single,40,440,13,23442.79498541169,15862.6318359375,0.08039817781950373,2.097949114239729
EHE Geant4 5e10,440SinglePlus218Single,40,218,17,25127.036584079076,15287.3798828125,0.31301204831139506,3.0944652021055643
EHE Geant4 5e10,440SinglePlus218Single,40,440,22,41464.92519421773,17378.40625,0.2331884259337481,4.356058455480221
EHE Geant4 5e10,440SinglePlus218Single,40,218,28,34149.84524490975,15844.103515625,0.5618673878499248,5.0717676511984955
EHE Geant4 5e10,440SinglePlus218Single,40,440,37,73128.30690230799,18044.822265625,0.5135842476272819,9.785011474665641
EHE Geant4 5e10,440SinglePlus218Single,50,218,10,19613.825655333098,14755.482421875,0.16012124062403935,1.5988852577283172
EHE Geant4 5e10,440SinglePlus218Single,50,440,13,24677.123370301873,15957.0,0.09194207088471833,2.1370710705198057
EHE Geant4 5e10,440SinglePlus218Single,50,218,17,26329.677519697896,15195.0791015625,0.3563573812842442,3.1724495194115176
EHE Geant4 5e10,440SinglePlus218Single,50,440,22,44120.283265556354,17317.22265625,0.2604048356763626,4.433778738124986
EHE Geant4 5e10,440SinglePlus218Single,50,218,28,34495.660799988815,15763.8046875,0.5778750360211641,4.819593805719941
EHE Geant4 5e10,440SinglePlus218Single,50,440,37,74627.21864501767,17847.99609375,0.5352329932270515,9.732433700407487
EHE Geant4 5e10,440SinglePlus218Single,60,218,10,20329.2451344579,14784.1328125,0.1824016060771495,1.6599095741920955
EHE Geant4 5e10,440SinglePlus218Single,60,440,13,25578.5222313798,16019.0703125,0.10040112584575117,2.1328598738882047
EHE Geant4 5e10,440SinglePlus218Single,60,218,17,27246.124066741464,15152.8125,0.38812012126697987,3.1594219595168465
EHE Geant4 5e10,440SinglePlus218Single,60,440,22,45852.939866991626,17270.494140625,0.2784437801130746,4.442126040356835
EHE Geant4 5e10,440SinglePlus218Single,60,218,28,34675.43010065657,15720.55078125,0.5863641793985153,4.560056568570151
EHE Geant4 5e10,440SinglePlus218Single,60,440,37,75592.47273342941,17692.015625,0.5506144129834976,9.573020691284924
EHE Geant4 5e10,440SinglePlus218Single,70,218,10,20963.80509413937,14808.634765625,0.20213392967570978,1.7061365210618786
EHE Geant4 5e10,440SinglePlus218Single,70,440,13,26212.587747757192,16057.998046875,0.10639320131979374,2.1029288787844225
EHE Geant4 5e10,440SinglePlus218Single,70,218,17,27931.498518812106,15144.087890625,0.41063281823767356,3.087626366694883
EHE Geant4 5e10,440SinglePlus218Single,70,440,22,46991.98130240091,17231.958984375,0.29056379396635,4.409364581616207
EHE Geant4 5e10,440SinglePlus218Single,70,218,28,34773.678781306655,15698.2490234375,0.5909316930044524,4.313153692286888
EHE Geant4 5e10,440SinglePlus218Single,70,440,37,76273.19021511296,17564.43359375,0.5623563848795242,9.361288184193095
EHE Geant4 5e10,440SinglePlus218Single,80,218,10,21532.548930177352,14823.7822265625,0.22008874255212027,1.7442530088075217
EHE Geant4 5e10,440SinglePlus218Single,80,440,13,26641.718524929354,16080.01953125,0.11050708201940743,2.0584425755984794
EHE Geant4 5e10,440SinglePlus218Single,80,218,17,28438.74871510205,15155.84375,0.42621341203459173,2.983359028902625
EHE Geant4 5e10,440SinglePlus218Single,80,440,22,47754.64333366275,17198.728515625,0.29891096509163917,4.352556366689349
EHE Geant4 5e10,440SinglePlus218Single,80,218,28,34830.51546145671,15687.61328125,0.5934239512660537,4.08671899946747
EHE Geant4 5e10,440SinglePlus218Single,80,440,37,76784.83985443387,17457.33984375,0.5717693602965584,9.127191135771296
EHE Geant4 5e10,440SinglePlus218Single,90,218,10,22051.59178431471,14830.4814453125,0.23678974889684518,1.7776233038557787
EHE Geant4 5e10,440SinglePlus218Single,90,440,13,26919.844036453545,16090.1435546875,0.11323988609891533,2.006107769792179
EHE Geant4 5e10,440SinglePlus218Single,90,218,17,28811.849601563463,15179.59375,0.4367387687377148,2.8639433868007824
EHE Geant4 5e10,440SinglePlus218Single,90,440,22,48274.721266708526,17169.54296875,0.30480132978237245,4.281800340591217
EHE Geant4 5e10,440SinglePlus218Single,90,218,28,34865.80051349313,15682.984375,0.5948367884864474,3.8827697038817344
EHE Geant4 5e10,440SinglePlus218Single,90,440,37,77186.75329532754,17365.48046875,0.5795778009280947,8.887525248490874
EHE Geant4 5e10,440SinglePlus218Single,100,218,10,22533.215711980003,14830.7001953125,0.2525719352855077,1.8079151113635983
EHE Geant4 5e10,440SinglePlus218Single,100,440,13,27089.7246969623,16092.1015625,0.11498176360020546,1.9500454482146443
EHE Geant4 5e10,440SinglePlus218Single,100,218,17,29084.413122070873,15210.0771484375,0.44360349158006884,2.739805180076485
EHE Geant4 5e10,440SinglePlus218Single,100,440,22,48633.25089963287,17143.822265625,0.30902955905134094,4.203111017999054
EHE Geant4 5e10,440SinglePlus218Single,100,218,28,34890.138587261696,15680.9326171875,0.59573304439824,3.70061711609851
EHE Geant4 5e10,440SinglePlus218Single,100,440,37,77512.98598441582,17285.14453125,0.5862288404646179,8.651633754913618
EHE Geant4 5e10,440SinglePlus218Single,110,218,10,22985.850898374698,14826.1328125,0.26764641703785697,1.8359479095274005
EHE Geant4 5e10,440SinglePlus218Single,110,440,13,27183.184851561065,16088.501953125,0.11602249050880294,1.8928108206358563
EHE Geant4 5e10,440SinglePlus218Single,110,218,17,29281.317756804932,15244.083984375,0.4478105960271032,2.616870359466623
EHE Geant4 5e10,440SinglePlus218Single,110,440,22,48880.1556111142,17121.234375,0.3120854826996383,4.120204328873685
EHE Geant4 5e10,440SinglePlus218Single,110,218,28,34909.54872931685,15679.4892578125,0.5964346709323713,3.5383925467239123
EHE Geant4 5e10,440SinglePlus218Single,110,440,37,77785.28702555069,17213.59765625,0.5920262126093944,8.424505037510212
EHE Geant4 5e10,440SinglePlus218Single,120,218,10,23415.07918006431,14818.0234375,0.2821458268144694,1.8621071074862088
EHE Geant4 5e10,440SinglePlus218Single,120,440,13,27223.189386357633,16081.12109375,0.11657150165625564,1.8360001769512404
EHE Geant4 5e10,440SinglePlus218Single,120,218,17,29420.779413727607,15279.6572265625,0.45007452197840675,2.4983019510408813
EHE Geant4 5e10,440SinglePlus218Single,120,440,22,49047.279454284864,17101.51953125,0.3142833835490026,4.035488182272881
EHE Geant4 5e10,440SinglePlus218Single,120,218,28,34927.532477686254,15677.6181640625,0.5971217405377999,3.3938380967685005
EHE Geant4 5e10,440SinglePlus218Single,120,440,37,78018.41519802732,17148.8125,0.5971855799427891,8.20855134954842
EHE Geant4 5e10,440SinglePlus218Single,130,218,10,23824.640625,14807.2626953125,0.2961554003664732,1.8865653400178424
EHE Geant4 5e10,440SinglePlus218Single,130,440,13,27226.143790347593,16071.158203125,0.11677899528977179,1.7806068687580987
EHE Geant4 5e10,440SinglePlus218Single,130,218,17,29516.082993070726,15315.599609375,0.45090317101828703,2.3856215586030824
EHE Geant4 5e10,440SinglePlus218Single,130,440,22,49155.73904233556,17084.40625,0.31583482540142926,3.950576869849849
EHE Geant4 5e10,440SinglePlus218Single,130,218,28,34946.1538728493,15674.8251953125,0.5978925169057367,3.2647200941137844
EHE Geant4 5e10,440SinglePlus218Single,130,440,37,78222.5653311986,17089.2890625,0.6018615130840146,8.004681411512225
EHE Geant4 5e10,440SinglePlus218Single,140,218,10,24217.185204607114,14794.515625,0.30973292729165486,1.9093989896786145
EHE Geant4 5e10,440SinglePlus218Single,140,440,13,27203.78283052001,16059.4287109375,0.11675290868498002,1.7272427561512038
EHE Geant4 5e10,440SinglePlus218Single,140,218,17,29576.928908589456,15351.15625,0.4506599224103114,2.279407574990751
EHE Geant4 5e10,440SinglePlus218Single,140,440,22,49220.11321393657,17069.6171875,0.31688872962830233,3.8665696012040387
EHE Geant4 5e10,440SinglePlus218Single,140,218,28,34966.618711973766,15670.92578125,0.5987973796432471,3.149000276361008
EHE Geant4 5e10,440SinglePlus218Single,140,440,37,78404.82473894305,17033.93359375,0.6061643306299827,7.812947703923025
EHE Geant4 5e10,440SinglePlus218Single,150,218,10,24594.758630488846,14780.3212890625,0.322920560584216,1.9306477252122114
EHE Geant4 5e10,440SinglePlus218Single,150,440,13,27164.521748931722,16046.482421875,0.11657119765717663,1.6762665629297675
EHE Geant4 5e10,440SinglePlus218Single,150,218,17,29610.467238527373,15385.84375,0.44960758362036723,2.1797197750865474
EHE Geant4 5e10,440SinglePlus218Single,150,440,22,49250.845467084175,17056.875,0.31755428091972887,3.7842091023727242
EHE Geant4 5e10,440SinglePlus218Single,150,218,28,34989.579147423465,15665.890625,0.5998588963638073,3.044887478097017
EHE Geant4 5e10,440SinglePlus218Single,150,440,37,78570.1608446082,16981.94921875,0.6101729528906692,7.632929105226155
EHE Geant4 5e10,440SinglePlus218Single,160,218,10,24959.037115655145,14765.1328125,0.3357510350719056,1.9503399892456528
EHE Geant4 5e10,440SinglePlus218Single,160,440,13,27114.412730383316,16032.7041015625,0.11629012758435178,1.6278658400257522
EHE Geant4 5e10,440SinglePlus218Single,160,218,17,29622.08224176095,15419.3515625,0.4479400632804688,2.0863502747933604
EHE Geant4 5e10,440SinglePlus218Single,160,440,22,49255.616207978666,17045.908203125,0.3179139167760244,3.7039836522769636
EHE Geant4 5e10,440SinglePlus218Single,160,218,28,35015.33462408888,15659.7744140625,0.6010829509318011,2.9508343966014365
EHE Geant4 5e10,440SinglePlus218Single,160,440,37,78722.0828217943,16932.75,0.6139442083059076,7.463968426853013
EHE Geant4 5e10,440SinglePlus218Single,170,218,10,25311.459990768188,14749.3369140625,0.3482514179881389,1.9685065981353347
EHE Geant4 5e10,440SinglePlus218Single,170,440,13,27057.807806182227,16018.3662109375,0.11595027557771974,1.5821093694257509
EHE Geant4 5e10,440SinglePlus218Single,170,218,17,29615.910841261844,15451.4912109375,0.44580255283958276,1.9989617763260519
EHE Geant4 5e10,440SinglePlus218Single,170,440,22,49240.212489629295,17036.4609375,0.3180313867218144,3.6262016550909335
EHE Geant4 5e10,440SinglePlus218Single,170,218,28,35043.95317511897,15652.6640625,0.6024660555757069,2.865517999944127
EHE Geant4 5e10,440SinglePlus218Single,170,440,37,78863.10660787745,16885.90625,0.6175192178379855,7.305297272083207
EHE Geant4 5e10,440SinglePlus218Single,180,218,10,25653.25028417655,14733.2587890625,0.3604438738416773,1.985180001613199
EHE Geant4 5e10,440SinglePlus218Single,180,440,13,26997.844289882374,16003.662109375,0.11558100144678872,1.5389867144773566
EHE Geant4 5e10,440SinglePlus218Single,180,218,17,29595.232563764588,15482.15625,0.443306816724474,1.9171686919756779
EHE Geant4 5e10,440SinglePlus218Single,180,440,22,49209.04589067057,17028.3125,0.3179561450786195,3.5510302838605425
EHE Geant4 5e10,440SinglePlus218Single,180,218,28,35075.35025617061,15644.669921875,0.6039983720834216,2.78780666790881
EHE Geant4 5e10,440SinglePlus218Single,180,440,37,78995.05085985082,16841.09765625,0.6209280217950813,7.156125295342436
EHE Geant4 5e10,440SinglePlus218Single,190,218,10,25985.435507624097,14717.1572265625,0.372346949303679,2.000396476172798
EHE Geant4 5e10,440SinglePlus218Single,190,440,13,26936.7882842653,15988.736328125,0.11520348218635428,1.4984358046019217
EHE Geant4 5e10,440SinglePlus218Single,190,218,17,29562.70370293368,15511.302734375,0.4405401736022845,1.840577741926908
EHE Geant4 5e10,440SinglePlus218Single,190,440,22,49165.52021562784,17021.267578125,0.3177271528237961,3.4785439004375913
EHE Geant4 5e10,440SinglePlus218Single,190,218,28,35109.35645785793,15635.9052734375,0.6056672087325286,2.716738446512277
EHE Geant4 5e10,440SinglePlus218Single,190,440,37,79119.27443298744,16798.07421875,0.6241934543604845,7.015681943064152
EHE Geant4 5e10,440SinglePlus218Single,200,218,10,26308.879785470257,14701.240234375,0.38397602188214386,2.0141973851547395
EHE Geant4 5e10,440SinglePlus218Single,200,440,13,26876.274057790386,15973.68359375,0.11483321354059192,1.460362931372521
EHE Geant4 5e10,440SinglePlus218Single,200,218,17,29520.51683382558,15538.9326171875,0.4375718401504648,1.7688077718836848
EHE Geant4 5e10,440SinglePlus218Single,200,440,22,49112.288252815626,17015.1640625,0.31737512058506195,3.4087444821027786
EHE Geant4 5e10,440SinglePlus218Single,200,218,28,35145.75678077615,15626.478515625,0.6074587637043437,2.6514925442738906
EHE Geant4 5e10,440SinglePlus218Single,200,440,37,79236.79354491783,16756.650390625,0.6273323801654919,6.883231743633016
