dataset,cohort,hit,layer,axis,events,mean_offset_mm,standard_deviation_mm,assumed_uniform_sd_mm,variance_ratio_to_uniform
point_0,before_reco,1,0,x,513,0.0362600340447699,0.8773701569779604,0.8660254037844387,1.0263711898073744
point_0,before_reco,1,0,y,513,0.00925579069287073,0.8672464543096607,0.8660254037844387,1.002821883350238
point_0,before_reco,1,0,z,513,-0.0604832793615582,0.8698537745755277,0.8660254037844387,1.0088607855243907
point_0,before_reco,1,1,x,803,-0.0009209220668966768,0.8847918507025979,0.8660254037844387,1.0438088254263045
point_0,before_reco,1,1,y,803,-0.07200471322463196,0.8499488295402309,0.8660254037844387,0.963217350449078
point_0,before_reco,1,1,z,803,-0.009474435022361873,0.8753350229118941,0.8660254037844387,1.0216152031148882
point_0,before_reco,1,2,x,1067,-0.013390548664230803,0.8720427660084118,0.8660254037844387,1.013944780996802
point_0,before_reco,1,2,y,1067,-0.021494248835878946,0.8668935230841134,0.8660254037844387,1.002005840486915
point_0,before_reco,1,2,z,1067,0.0501187672118131,0.8675303645436188,0.8660254037844387,1.0034785778735789
point_0,before_reco,1,3,x,6717,0.016004620188467225,0.5855202285785568,0.5773502691896258,1.0285018142240563
point_0,before_reco,1,3,y,6717,-0.4333374553638422,1.63179067964886,1.7320508075688774,0.8875802740629627
point_0,before_reco,1,3,z,6717,0.005794524282028477,0.586835869657593,0.5773502691896258,1.0331290137503506
point_0,before_reco,2,0,x,252,-0.04149966919058361,0.8950729210548473,0.8660254037844387,1.0682073786742092
point_0,before_reco,2,0,y,252,0.14670232958906126,0.8150534831424526,0.8660254037844387,0.8857495738435257
point_0,before_reco,2,0,z,252,0.03371772844823366,0.8774299870611146,0.8660254037844387,1.026511176258757
point_0,before_reco,2,1,x,537,-0.0897378623045622,0.8696043704274136,0.8660254037844387,1.008282348088611
point_0,before_reco,2,1,y,537,0.04561643036518471,0.8671561040427589,0.8660254037844387,1.002612945038155
point_0,before_reco,2,1,z,537,-0.06955829532536316,0.8479631959830858,0.8660254037844387,0.9587221089891321
point_0,before_reco,2,2,x,822,0.014323143660933154,0.8583246440863195,0.8660254037844387,0.9822949261945427
point_0,before_reco,2,2,y,822,0.0038553331878943267,0.8510052035043658,0.8660254037844387,0.9656131418553427
point_0,before_reco,2,2,z,822,-0.021225344554194125,0.8676362245793269,0.8660254037844387,1.0037234909363575
point_0,before_reco,2,3,x,7489,0.0005020847671930937,0.5636692878885592,0.5773502691896258,0.9531691983263861
point_0,before_reco,2,3,y,7489,0.056366232137281126,1.723142213099436,1.7320508075688774,0.9897396955217408
point_0,before_reco,2,3,z,7489,-0.017683527483507936,0.5652180854022943,0.5773502691896258,0.9584144521975061
point_0,energy_selected,1,0,x,150,0.07368042003530269,0.8896896929927898,0.8660254037844387,1.055396999756806
point_0,energy_selected,1,0,y,150,-0.10619653522560725,0.8681438685578006,0.8660254037844387,1.004898368686005
point_0,energy_selected,1,0,z,150,-0.15363517258105125,0.8735275673430766,0.8660254037844387,1.017400547877751
point_0,energy_selected,1,1,x,262,-0.06467115269187239,0.8722336678195015,0.8660254037844387,1.0143887617038139
point_0,energy_selected,1,1,y,262,-0.02810240422463908,0.862252192703175,0.8660254037844387,0.9913051250952444
point_0,energy_selected,1,1,z,262,-0.012513685681563181,0.8839780484888787,0.8660254037844387,1.041889586946942
point_0,energy_selected,1,2,x,418,-0.012187781165260885,0.8660913132549742,0.8660254037844387,1.0001522171943011
point_0,energy_selected,1,2,y,418,0.023596345771501163,0.8704386085193114,0.8660254037844387,1.0102178282680467
point_0,energy_selected,1,2,z,418,0.052498141977814855,0.8645524306445384,0.8660254037844387,0.9966012071111723
point_0,energy_selected,1,3,x,363,0.02377074318427692,0.5715143124923382,0.5773502691896258,0.9798858281507699
point_0,energy_selected,1,3,y,363,-1.3800898223459772,1.382795206191992,1.7320508075688774,0.6373741940891844
point_0,energy_selected,1,3,z,363,-0.012144620840338943,0.5736127446925567,0.5773502691896258,0.9870947426211848
point_0,energy_selected,2,0,x,84,-0.05668993474817393,0.8735998989085234,0.8660254037844387,1.0175690444973096
point_0,energy_selected,2,0,y,84,0.1806462438041113,0.7768927699521442,0.8660254037844387,0.804749834671887
point_0,energy_selected,2,0,z,84,0.1052328548894508,0.7645585730295549,0.8660254037844387,0.7793997487906523
point_0,energy_selected,2,1,x,214,-0.11880605607710837,0.8912484243387483,0.8660254037844387,1.0590983385150687
point_0,energy_selected,2,1,y,214,0.18511746927827002,0.8517086632579128,0.8660254037844387,0.9672101960914411
point_0,energy_selected,2,1,z,214,-0.17534442964722308,0.7995270663302217,0.8660254037844387,0.8523247063928144
point_0,energy_selected,2,2,x,342,0.042300976684831196,0.812235826641987,0.8660254037844387,0.8796360507743893
point_0,energy_selected,2,2,y,342,0.04116726072513753,0.8758895059939747,0.8660254037844387,1.0229099022804922
point_0,energy_selected,2,2,z,342,0.03434280895194665,0.8457731269847162,0.8660254037844387,0.9537762431060065
point_0,energy_selected,2,3,x,553,-0.010696363541926768,0.5408903561989491,0.5773502691896258,0.8776871322870781
point_0,energy_selected,2,3,y,553,-0.5093266771367495,1.7355762186792307,1.7320508075688774,1.004074936948299
point_0,energy_selected,2,3,z,553,-0.026784400215173292,0.5423576956885469,0.5773502691896258,0.8824556102177711
point_0,stable_q3,1,0,x,150,0.07368042003530269,0.8896896929927898,0.8660254037844387,1.055396999756806
point_0,stable_q3,1,0,y,150,-0.10619653522560725,0.8681438685578006,0.8660254037844387,1.004898368686005
point_0,stable_q3,1,0,z,150,-0.15363517258105125,0.8735275673430766,0.8660254037844387,1.017400547877751
point_0,stable_q3,1,1,x,262,-0.06467115269187239,0.8722336678195015,0.8660254037844387,1.0143887617038139
point_0,stable_q3,1,1,y,262,-0.02810240422463908,0.862252192703175,0.8660254037844387,0.9913051250952444
point_0,stable_q3,1,1,z,262,-0.012513685681563181,0.8839780484888787,0.8660254037844387,1.041889586946942
point_0,stable_q3,1,2,x,418,-0.012187781165260885,0.8660913132549742,0.8660254037844387,1.0001522171943011
point_0,stable_q3,1,2,y,418,0.023596345771501163,0.8704386085193114,0.8660254037844387,1.0102178282680467
point_0,stable_q3,1,2,z,418,0.052498141977814855,0.8645524306445384,0.8660254037844387,0.9966012071111723
point_0,stable_q3,1,3,x,360,0.02369115152583326,0.5730457356314279,0.5773502691896258,0.985144245376093
point_0,stable_q3,1,3,y,360,-1.3932403756464704,1.3741246600197552,1.7320508075688774,0.6294061937581359
point_0,stable_q3,1,3,z,360,-0.013677999868550263,0.5745785361619228,0.5773502691896258,0.9904214826539339
point_0,stable_q3,2,0,x,83,-0.06298701553992886,0.8769904936271365,0.8660254037844387,1.0254831012164916
point_0,stable_q3,2,0,y,83,0.1970724738110526,0.7667995331526909,0.8660254037844387,0.783975365390913
point_0,stable_q3,2,0,z,83,0.1027203607317621,0.768857425391446,0.8660254037844387,0.7881889874394172
point_0,stable_q3,2,1,x,212,-0.11800610860571384,0.8906861429591822,0.8660254037844387,1.0577624070126732
point_0,stable_q3,2,1,y,212,0.18920846565316946,0.8530109316913277,0.8660254037844387,0.9701701994465425
point_0,stable_q3,2,1,z,212,-0.18101206898374592,0.7996046179772969,0.8660254037844387,0.8524900601208252
point_0,stable_q3,2,2,x,342,0.042300976684831196,0.812235826641987,0.8660254037844387,0.8796360507743893
point_0,stable_q3,2,2,y,342,0.04116726072513753,0.8758895059939747,0.8660254037844387,1.0229099022804922
point_0,stable_q3,2,2,z,342,0.03434280895194665,0.8457731269847162,0.8660254037844387,0.9537762431060065
point_0,stable_q3,2,3,x,553,-0.010696363541926768,0.5408903561989491,0.5773502691896258,0.8776871322870781
point_0,stable_q3,2,3,y,553,-0.5093266771367495,1.7355762186792307,1.7320508075688774,1.004074936948299
point_0,stable_q3,2,3,z,553,-0.026784400215173292,0.5423576956885469,0.5773502691896258,0.8824556102177711
point_1,before_reco,1,0,x,1000,0.012002020669187654,0.8567171896623065,0.8660254037844387,0.9786191240838407
point_1,before_reco,1,0,y,1000,-0.024816864417816872,0.8528382838405517,0.8660254037844387,0.9697775178454632
point_1,before_reco,1,0,z,1000,-0.013573734897668057,0.8748612508459245,0.8660254037844387,1.020509610975594
point_1,before_reco,1,1,x,1329,0.0002806809159381902,0.8775350822930844,0.8660254037844387,1.0267570942068405
point_1,before_reco,1,1,y,1329,-0.022909652335543526,0.8377723574783437,0.8660254037844387,0.9358166972730956
point_1,before_reco,1,1,z,1329,0.011333017633139956,0.8682612633735056,0.8660254037844387,1.0051701619666082
point_1,before_reco,1,2,x,1675,0.014255422196070011,0.8703564225263157,0.8660254037844387,1.0100270696437421
point_1,before_reco,1,2,y,1675,-0.013050004426203174,0.866093565892772,0.8660254037844387,1.0001574198411431
point_1,before_reco,1,2,z,1675,0.012999159315636371,0.8907775185233341,0.8660254037844387,1.0579794500087851
point_1,before_reco,1,3,x,9693,-0.002826982598366739,0.5801124866258208,0.5773502691896258,1.0095914914175794
point_1,before_reco,1,3,y,9693,-0.4431568843450265,1.6255314197560509,1.7320508075688774,0.8807841322047075
point_1,before_reco,1,3,z,9693,-0.0056457903496208274,0.5817830336854681,0.5773502691896258,1.0154144948527997
point_1,before_reco,2,0,x,476,0.004073252358259153,0.8736286155885964,0.8660254037844387,1.0176359439669966
point_1,before_reco,2,0,y,476,0.09166510030109164,0.84354693560161,0.8660254037844387,0.9487619100838223
point_1,before_reco,2,0,z,476,-0.019539145396768643,0.8984313868433336,0.8660254037844387,1.0762386091536478
point_1,before_reco,2,1,x,909,-0.010854594308831822,0.8907000957371286,0.8660254037844387,1.0577955473948402
point_1,before_reco,2,1,y,909,0.08937038268787778,0.8627619855423216,0.8660254037844387,0.9924776582625724
point_1,before_reco,2,1,z,909,-0.05295865375582125,0.8508809589652253,0.8660254037844387,0.965331208439442
point_1,before_reco,2,2,x,1336,0.0330780192857503,0.8621878423112742,0.8660254037844387,0.9911571672391609
point_1,before_reco,2,2,y,1336,0.014705756321940138,0.8441260260142146,0.8660254037844387,0.9500649970594006
point_1,before_reco,2,2,z,1336,-0.002515242744655752,0.873191311117072,0.8660254037844387,1.0166174210804686
point_1,before_reco,2,3,x,10976,0.008092133963001596,0.5655977248560736,0.5773502691896258,0.9597023590871002
point_1,before_reco,2,3,y,10976,0.015700680494411083,1.7154830159795191,1.7320508075688774,0.9809606593713958
point_1,before_reco,2,3,z,10976,-0.0019359646954798164,0.5664970109301445,0.5773502691896258,0.9627565901783646
point_1,energy_selected,1,0,x,326,-0.010027893886039639,0.8272030207727691,0.8660254037844387,0.9123531167674591
point_1,energy_selected,1,0,y,326,0.008643208678643183,0.8411588021195905,0.8660254037844387,0.943397507177686
point_1,energy_selected,1,0,z,326,-0.05901735069050639,0.8841611425288626,0.8660254037844387,1.0423212346105915
point_1,energy_selected,1,1,x,457,0.00991126851758398,0.8952213433978188,0.8660254037844387,1.0685616715666604
point_1,energy_selected,1,1,y,457,-0.05848227852219258,0.8360611936740432,0.8660254037844387,0.9319977594235547
point_1,energy_selected,1,1,z,457,0.016177427418524782,0.8776230559633168,0.8660254037844387,1.0269629711445216
point_1,energy_selected,1,2,x,652,0.006085405201867703,0.87080316763774,0.8660254037844387,1.011064209023896
point_1,energy_selected,1,2,y,652,0.016005635254763867,0.864864520344248,0.8660254037844387,0.9973208514003815
point_1,energy_selected,1,2,z,652,0.024595861098226514,0.8693676697565615,0.8660254037844387,1.0077335269572718
point_1,energy_selected,1,3,x,520,0.0013071312202065281,0.5515447186695158,0.5773502691896258,0.9126047300767063
point_1,energy_selected,1,3,y,520,-1.285968899285312,1.4685205554115541,1.7320508075688774,0.7188508738887531
point_1,energy_selected,1,3,z,520,0.018243564545885407,0.556015804834736,0.5773502691896258,0.9274607256780577
point_1,energy_selected,2,0,x,118,-0.19380707799846505,0.8901765530851169,0.8660254037844387,1.0565523942166666
point_1,energy_selected,2,0,y,118,0.19569296868846692,0.8801366708692544,0.8660254037844387,1.0328540792117522
point_1,energy_selected,2,0,z,118,0.04001870206915955,0.9171580277653435,0.8660254037844387,1.121571797192553
point_1,energy_selected,2,1,x,348,-0.008263507504934252,0.8897673393824506,0.8660254037844387,1.0555812243089666
point_1,energy_selected,2,1,y,348,0.1534441675177448,0.839889472983345,0.8660254037844387,0.9405524357709881
point_1,energy_selected,2,1,z,348,-0.0564702553859146,0.8476771450402008,0.8660254037844387,0.9580753896313409
point_1,energy_selected,2,2,x,556,0.04227306818045361,0.8479309922418312,0.8660254037844387,0.9586492901389553
point_1,energy_selected,2,2,y,556,0.09667027223852509,0.8333982004764998,0.8660254037844387,0.9260700807432909
point_1,energy_selected,2,2,z,556,0.015966187676010605,0.8641974672986822,0.8660254037844387,0.9957830166472759
point_1,energy_selected,2,3,x,933,0.02185479659375191,0.5606716656676071,0.5773502691896258,0.943058150047467
point_1,energy_selected,2,3,y,933,-0.6180825263608197,1.7028826092769938,1.7320508075688774,0.9666030603260074
point_1,energy_selected,2,3,z,933,-0.036541170883766474,0.5538565617543882,0.5773502691896258,0.9202712729951773
point_1,stable_q3,1,0,x,326,-0.010027893886039639,0.8272030207727691,0.8660254037844387,0.9123531167674591
point_1,stable_q3,1,0,y,326,0.008643208678643183,0.8411588021195905,0.8660254037844387,0.943397507177686
point_1,stable_q3,1,0,z,326,-0.05901735069050639,0.8841611425288626,0.8660254037844387,1.0423212346105915
point_1,stable_q3,1,1,x,456,0.010339564563867544,0.8961576891847075,0.8660254037844387,1.0707981385131664
point_1,stable_q3,1,1,y,456,-0.05541437443981622,0.8344002792419357,0.8660254037844387,0.9282984346653604
point_1,stable_q3,1,1,z,456,0.018755197940384504,0.8768532549183443,0.8660254037844387,1.0251621742145265
point_1,stable_q3,1,2,x,652,0.006085405201867703,0.87080316763774,0.8660254037844387,1.011064209023896
point_1,stable_q3,1,2,y,652,0.016005635254763867,0.864864520344248,0.8660254037844387,0.9973208514003815
point_1,stable_q3,1,2,z,652,0.024595861098226514,0.8693676697565615,0.8660254037844387,1.0077335269572718
point_1,stable_q3,1,3,x,518,0.000924836417406226,0.551504983783179,0.5773502691896258,0.9124732414130539
point_1,stable_q3,1,3,y,518,-1.2890781534293936,1.4696469743179439,1.7320508075688774,0.7199540763739624
point_1,stable_q3,1,3,z,518,0.0195260105445338,0.5555574431598591,0.5773502691896258,0.9259322179509603
point_1,stable_q3,2,0,x,117,-0.1925372958371316,0.8938979563255054,0.8660254037844387,1.065404741763887
point_1,stable_q3,2,0,y,117,0.19398437514558672,0.8837256639917673,0.8660254037844387,1.0412947322635866
point_1,stable_q3,2,0,z,117,0.032587257925029825,0.917527928960171,0.8660254037844387,1.122476667229254
point_1,stable_q3,2,1,x,347,-0.00745207153529824,0.8909232472709936,0.8660254037844387,1.0583256433705226
point_1,stable_q3,2,1,y,347,0.1499481863834431,0.8385628112218747,0.8660254037844387,0.9375834511524447
point_1,stable_q3,2,1,z,347,-0.05491847544476001,0.8484060831892251,0.8660254037844387,0.959723842656643
point_1,stable_q3,2,2,x,555,0.0415371884152385,0.8485182083850887,0.8660254037844387,0.9599775332813879
point_1,stable_q3,2,2,y,555,0.0942051391413853,0.8321186338385173,0.8660254037844387,0.9232285610417073
point_1,stable_q3,2,2,z,555,0.017209167406554888,0.8644794817594047,0.8660254037844387,0.9964330325106786
point_1,stable_q3,2,3,x,933,0.02185479659375191,0.5606716656676071,0.5773502691896258,0.943058150047467
point_1,stable_q3,2,3,y,933,-0.6180825263608197,1.7028826092769938,1.7320508075688774,0.9666030603260074
point_1,stable_q3,2,3,z,933,-0.036541170883766474,0.5538565617543882,0.5773502691896258,0.9202712729951773
point_2,before_reco,1,0,x,996,-0.02695307334687615,0.8564900385016914,0.8660254037844387,0.9781002480701716
point_2,before_reco,1,0,y,996,0.0036351939431362294,0.8425208595205417,0.8660254037844387,0.9464551983029764
point_2,before_reco,1,0,z,996,0.015513347360228847,0.8624231528040994,0.8660254037844387,0.9916982593234174
point_2,before_reco,1,1,x,1281,-0.016040556373799957,0.8782002871723374,0.8660254037844387,1.0283143258527678
point_2,before_reco,1,1,y,1281,-0.047363645613382556,0.8563962954638186,0.8660254037844387,0.9778861531788694
point_2,before_reco,1,1,z,1281,-0.010035938176995982,0.8903995669592751,0.8660254037844387,1.057081851788353
point_2,before_reco,1,2,x,1704,0.003913099693156539,0.8653194107118881,0.8660254037844387,0.998370243406359
point_2,before_reco,1,2,y,1704,-0.028403314515086694,0.8867332255374161,0.8660254037844387,1.0483944176959865
point_2,before_reco,1,2,z,1704,0.025077455255423344,0.8650109362386259,0.8660254037844387,0.9976585597498989
point_2,before_reco,1,3,x,9721,6.017458496728138e-05,0.5830744972184441,0.5773502691896258,1.0199276079196242
point_2,before_reco,1,3,y,9721,-0.4228872975572153,1.6354511158272178,1.7320508075688774,0.8915667840868305
point_2,before_reco,1,3,z,9721,-0.0063366545342881005,0.5842330504594389,0.5773502691896258,1.0239847717474235
point_2,before_reco,2,0,x,488,0.025477380954101323,0.905723276148484,0.8660254037844387,1.093779537276191
point_2,before_reco,2,0,y,488,0.12990079879669608,0.8688338828045523,0.8660254037844387,1.0064964212123126
point_2,before_reco,2,0,z,488,-0.004786166394312274,0.8775769689000888,0.8660254037844387,1.0268551151251566
point_2,before_reco,2,1,x,910,-0.0035340531150334343,0.8800074421791684,0.8660254037844387,1.0325507977209634
point_2,before_reco,2,1,y,910,0.06938684861656695,0.8762803858515928,0.8660254037844387,1.0238230861709552
point_2,before_reco,2,1,z,910,0.005295386812104773,0.8579973881542077,0.8660254037844387,0.9815460241059228
point_2,before_reco,2,2,x,1289,0.012593941954096306,0.8708342339034852,0.8660254037844387,1.01113635058436
point_2,before_reco,2,2,y,1289,0.014548721983443832,0.8461761775418124,0.8660254037844387,0.9546854979190303
point_2,before_reco,2,2,z,1289,0.03818656069103959,0.8669289048254464,0.8660254037844387,1.0020876346957972
point_2,before_reco,2,3,x,11015,0.006983116343612168,0.560066956973243,0.5773502691896258,0.9410249888798056
point_2,before_reco,2,3,y,11015,0.04016883245105202,1.7033776747738205,1.7320508075688774,0.9671651676392892
point_2,before_reco,2,3,z,11015,0.004595430998057314,0.5644739911650944,0.5773502691896258,0.9558926601055533
point_2,energy_selected,1,0,x,371,0.03170228741056478,0.8566762098751572,0.8660254037844387,0.9785255047547525
point_2,energy_selected,1,0,y,371,0.06828727456556041,0.8259761655709476,0.8660254037844387,0.9096488347883805
point_2,energy_selected,1,0,z,371,-0.003153586384193324,0.8541065130575086,0.8660254037844387,0.9726639141963416
point_2,energy_selected,1,1,x,436,0.00605821205155211,0.8912143121733718,0.8660254037844387,1.0590172669635416
point_2,energy_selected,1,1,y,436,-0.057606247361975456,0.8563046593774541,0.8660254037844387,0.9776768928953837
point_2,energy_selected,1,1,z,436,-0.01977361182518588,0.9085371106621324,0.8660254037844387,1.1005862419337278
point_2,energy_selected,1,2,x,640,0.021213231909959104,0.8609340568560996,0.8660254037844387,0.9882766003396024
point_2,energy_selected,1,2,y,640,-0.002819443342778616,0.9126817608505375,0.8660254037844387,1.1106506621189838
point_2,energy_selected,1,2,z,640,0.0034947040974087017,0.8628084616589323,0.8660254037844387,0.9925845886803377
point_2,energy_selected,1,3,x,521,0.017608960878188886,0.5697615035380287,0.5773502691896258,0.9738845127417454
point_2,energy_selected,1,3,y,521,-1.320068133797549,1.390282635336216,1.7320508075688774,0.6442952687058048
point_2,energy_selected,1,3,z,521,0.0009855656287888978,0.5873973077487347,0.5773502691896258,1.0351067914513852
point_2,energy_selected,2,0,x,152,-0.024655516050364135,0.8581323131372205,0.8660254037844387,0.9818547558003156
point_2,energy_selected,2,0,y,152,0.2580703930857236,0.8925132980467853,0.8660254037844387,1.062106649587133
point_2,energy_selected,2,0,z,152,-0.07057549011154425,0.8684803418558913,0.8660254037844387,1.0056774722535011
point_2,energy_selected,2,1,x,349,-0.01982575923182657,0.8761294823635024,0.8660254037844387,1.0234704931553849
point_2,energy_selected,2,1,y,349,0.09134121226918035,0.853319464169852,0.8660254037844387,0.9708721439081645
point_2,energy_selected,2,1,z,349,-0.010348968849013249,0.843177493887836,0.8660254037844387,0.9479310482652957
point_2,energy_selected,2,2,x,534,0.007808766768849123,0.8637771205857183,0.8660254037844387,0.9948145520631395
point_2,energy_selected,2,2,y,534,0.04393021304941906,0.8202870626697916,0.8660254037844387,0.8971611535779128
point_2,energy_selected,2,2,z,534,-0.009127596601017777,0.858846524327277,0.8660254037844387,0.9834898031320587
point_2,energy_selected,2,3,x,933,0.0061050774138798,0.5508566130005362,0.5773502691896258,0.9103290242592675
point_2,energy_selected,2,3,y,933,-0.48705333939056694,1.648965258920401,1.7320508075688774,0.9063621417088084
point_2,energy_selected,2,3,z,933,0.005613842681841366,0.5431965567941588,0.5773502691896258,0.8851874979390895
point_2,stable_q3,1,0,x,371,0.03170228741056478,0.8566762098751572,0.8660254037844387,0.9785255047547525
point_2,stable_q3,1,0,y,371,0.06828727456556041,0.8259761655709476,0.8660254037844387,0.9096488347883805
point_2,stable_q3,1,0,z,371,-0.003153586384193324,0.8541065130575086,0.8660254037844387,0.9726639141963416
point_2,stable_q3,1,1,x,436,0.00605821205155211,0.8912143121733718,0.8660254037844387,1.0590172669635416
point_2,stable_q3,1,1,y,436,-0.057606247361975456,0.8563046593774541,0.8660254037844387,0.9776768928953837
point_2,stable_q3,1,1,z,436,-0.01977361182518588,0.9085371106621324,0.8660254037844387,1.1005862419337278
point_2,stable_q3,1,2,x,640,0.021213231909959104,0.8609340568560996,0.8660254037844387,0.9882766003396024
point_2,stable_q3,1,2,y,640,-0.002819443342778616,0.9126817608505375,0.8660254037844387,1.1106506621189838
point_2,stable_q3,1,2,z,640,0.0034947040974087017,0.8628084616589323,0.8660254037844387,0.9925845886803377
point_2,stable_q3,1,3,x,516,0.01582767781111827,0.5669376757418404,0.5773502691896258,0.9642549845266805
point_2,stable_q3,1,3,y,516,-1.3358822863447162,1.3761472189134176,1.7320508075688774,0.631260389374378
point_2,stable_q3,1,3,z,516,0.004753949801299729,0.5875760928297608,0.5773502691896258,1.035736994595263
point_2,stable_q3,2,0,x,152,-0.024655516050364135,0.8581323131372205,0.8660254037844387,0.9818547558003156
point_2,stable_q3,2,0,y,152,0.2580703930857236,0.8925132980467853,0.8660254037844387,1.062106649587133
point_2,stable_q3,2,0,z,152,-0.07057549011154425,0.8684803418558913,0.8660254037844387,1.0056774722535011
point_2,stable_q3,2,1,x,348,-0.016007774510433136,0.8744786705801545,0.8660254037844387,1.0196172603995126
point_2,stable_q3,2,1,y,348,0.08992107363602832,0.8541350275705132,0.8660254037844387,0.9727288604305083
point_2,stable_q3,2,1,z,348,-0.00774182275880198,0.8429816519876386,0.8660254037844387,0.9474907541170777
point_2,stable_q3,2,2,x,530,0.004748707453416632,0.8650330699450983,0.8660254037844387,0.9977096161315218
point_2,stable_q3,2,2,y,530,0.043536748099616614,0.8197404285285216,0.8660254037844387,0.895965826885499
point_2,stable_q3,2,2,z,530,-0.012756753677368943,0.8608559655634429,0.8660254037844387,0.98809732459489
point_2,stable_q3,2,3,x,933,0.0061050774138798,0.5508566130005362,0.5773502691896258,0.9103290242592675
point_2,stable_q3,2,3,y,933,-0.48705333939056694,1.648965258920401,1.7320508075688774,0.9063621417088084
point_2,stable_q3,2,3,z,933,0.005613842681841366,0.5431965567941588,0.5773502691896258,0.8851874979390895
point_3,before_reco,1,0,x,634,-0.010924663217077496,0.860037653020779,0.8660254037844387,0.9862196861513198
point_3,before_reco,1,0,y,634,0.0371067889388496,0.8494092390081606,0.8660254037844387,0.9619947404165633
point_3,before_reco,1,0,z,634,0.023515767886075293,0.8761528458086759,0.8660254037844387,1.0235250789581887
point_3,before_reco,1,1,x,990,-0.003390362754931619,0.857860300409142,0.8660254037844387,0.9812323933574176
point_3,before_reco,1,1,y,990,-0.03709706138232375,0.8807761989237801,0.8660254037844387,1.0343556167874965
point_3,before_reco,1,1,z,990,0.007807613905013589,0.8900429821668969,0.8660254037844387,1.0562353468060577
point_3,before_reco,1,2,x,1242,0.0024349991093973794,0.8707347333779235,0.8660254037844387,1.010905301214298
point_3,before_reco,1,2,y,1242,-0.0099895969048216,0.8551037952873899,0.8660254037844387,0.9749366676198644
point_3,before_reco,1,2,z,1242,-0.03761470327566779,0.8637923252401576,0.8660254037844387,0.9948495748583976
point_3,before_reco,1,3,x,7633,0.010305282513038397,0.5788623861442391,0.5773502691896258,1.0052449862778068
point_3,before_reco,1,3,y,7633,-0.42443205566707776,1.635492469076468,1.7320508075688774,0.8916118721352806
point_3,before_reco,1,3,z,7633,-0.00482329945544045,0.5774861429608759,0.5773502691896258,1.0004707359354874
point_3,before_reco,2,0,x,298,-0.0295479708199482,0.8939356147219603,0.8660254037844387,1.0654945110244387
point_3,before_reco,2,0,y,298,0.15056299439064696,0.8457941327539027,0.8660254037844387,0.9538236200012352
point_3,before_reco,2,0,z,298,-0.028819873809157525,0.8878187336105201,0.8660254037844387,1.050962804999717
point_3,before_reco,2,1,x,636,-0.014186855276569809,0.8919050365163868,0.8660254037844387,1.0606594588843963
point_3,before_reco,2,1,y,636,0.055375017836339954,0.8306946637116321,0.8660254037844387,0.9200714990919754
point_3,before_reco,2,1,z,636,0.018457543004788888,0.8747409162655064,0.8660254037844387,1.0202288941186903
point_3,before_reco,2,2,x,989,-0.00787049164897726,0.8472457819467502,0.8660254037844387,0.9571005533687469
point_3,before_reco,2,2,y,989,0.037758042130095586,0.8420655319744843,0.8660254037844387,0.9454324801859616
point_3,before_reco,2,2,z,989,-0.01966236548849918,0.860180425218893,0.8660254037844387,0.9865471519063408
point_3,before_reco,2,3,x,8576,-0.004991313708733104,0.5643193452665273,0.5773502691896258,0.9553689703261262
point_3,before_reco,2,3,y,8576,0.029236994019787802,1.7090477763790957,1.7320508075688774,0.9736147673154437
point_3,before_reco,2,3,z,8576,0.002356488319745314,0.565264687970719,0.5773502691896258,0.958572502399903
point_3,energy_selected,1,0,x,182,-0.020464878545379688,0.8293001910317478,0.8660254037844387,0.9169850757937245
point_3,energy_selected,1,0,y,182,0.09751806172153542,0.8304840543034216,0.8660254037844387,0.9196050192696649
point_3,energy_selected,1,0,z,182,-0.00014105034916039443,0.8750307210896985,0.8660254037844387,1.0209050171343435
point_3,energy_selected,1,1,x,358,-0.060188809728734805,0.8473262111979277,0.8660254037844387,0.9572822775773804
point_3,energy_selected,1,1,y,358,0.015191588981926064,0.885231794388739,0.8660254037844387,1.0448471063956088
point_3,energy_selected,1,1,z,358,-0.031212245146981593,0.881281263176764,0.8660254037844387,1.035542219768577
point_3,energy_selected,1,2,x,474,0.046821262509784495,0.8775792617358601,0.8660254037844387,1.0268604808384763
point_3,energy_selected,1,2,y,474,-0.039990255153326486,0.8573792616801054,0.8660254037844387,0.9801322644788301
point_3,energy_selected,1,2,z,474,-0.04409312125127594,0.8636852421291189,0.8660254037844387,0.9946029299621797
point_3,energy_selected,1,3,x,396,0.048369703223195525,0.5616617585558955,0.5773502691896258,0.9463917930723033
point_3,energy_selected,1,3,y,396,-1.3456445418780858,1.388294894720038,1.7320508075688774,0.6424542382352404
point_3,energy_selected,1,3,z,396,0.012264219598050179,0.5468192491402849,0.5773502691896258,0.8970338736910348
point_3,energy_selected,2,0,x,91,-0.021260998308815757,0.8631742955357844,0.8660254037844387,0.9934264859649303
point_3,energy_selected,2,0,y,91,0.19485172043673715,0.8411177369476067,0.8660254037844387,0.9433053965438178
point_3,energy_selected,2,0,z,91,-0.0111185216380104,0.8841223485286499,0.8660254037844387,1.0422297695570872
point_3,energy_selected,2,1,x,257,0.004936135604902956,0.8797470060719635,0.8660254037844387,1.031939726256778
point_3,energy_selected,2,1,y,257,0.06594718765747834,0.7922733534158293,0.8660254037844387,0.8369294220436846
point_3,energy_selected,2,1,z,257,0.017110536997318578,0.826934925913293,0.8660254037844387,0.9117618289269643
point_3,energy_selected,2,2,x,412,-0.003421126011272066,0.8133281107090217,0.8660254037844387,0.8820034875593422
point_3,energy_selected,2,2,y,412,0.052246855500383646,0.8654553953706985,0.8660254037844387,0.998684055168336
point_3,energy_selected,2,2,z,412,-0.03644525779941909,0.8583697829764796,0.8660254037844387,0.9823982457694517
point_3,energy_selected,2,3,x,650,-0.010000046492428794,0.5389566883613548,0.5773502691896258,0.8714229357883154
point_3,energy_selected,2,3,y,650,-0.6110922374047703,1.6435593064737732,1.7320508075688774,0.9004290646321835
point_3,energy_selected,2,3,z,650,-0.007940596263905657,0.5490801896223945,0.5773502691896258,0.9044671639072941
point_3,stable_q3,1,0,x,182,-0.020464878545379688,0.8293001910317478,0.8660254037844387,0.9169850757937245
point_3,stable_q3,1,0,y,182,0.09751806172153542,0.8304840543034216,0.8660254037844387,0.9196050192696649
point_3,stable_q3,1,0,z,182,-0.00014105034916039443,0.8750307210896985,0.8660254037844387,1.0209050171343435
point_3,stable_q3,1,1,x,358,-0.060188809728734805,0.8473262111979277,0.8660254037844387,0.9572822775773804
point_3,stable_q3,1,1,y,358,0.015191588981926064,0.885231794388739,0.8660254037844387,1.0448471063956088
point_3,stable_q3,1,1,z,358,-0.031212245146981593,0.881281263176764,0.8660254037844387,1.035542219768577
point_3,stable_q3,1,2,x,474,0.046821262509784495,0.8775792617358601,0.8660254037844387,1.0268604808384763
point_3,stable_q3,1,2,y,474,-0.039990255153326486,0.8573792616801054,0.8660254037844387,0.9801322644788301
point_3,stable_q3,1,2,z,474,-0.04409312125127594,0.8636852421291189,0.8660254037844387,0.9946029299621797
point_3,stable_q3,1,3,x,392,0.05061423025609341,0.563306967221403,0.5773502691896258,0.9519442179605245
point_3,stable_q3,1,3,y,392,-1.3499466770952893,1.3920102435057131,1.7320508075688774,0.6458975060082783
point_3,stable_q3,1,3,z,392,0.01197377709720516,0.5453879495065301,0.5773502691896258,0.8923440464008123
point_3,stable_q3,2,0,x,89,-0.042526457233556296,0.8608823748328074,0.8660254037844387,0.9881579510636991
point_3,stable_q3,2,0,y,89,0.20894181794058636,0.8451989478092454,0.8660254037844387,0.9524816818371408
point_3,stable_q3,2,0,z,89,-0.005612625946188068,0.8885949666835307,0.8660254037844387,1.0528013530870732
point_3,stable_q3,2,1,x,256,0.006958723450196682,0.8808714078448728,0.8660254037844387,1.0345792495448112
point_3,stable_q3,2,1,y,256,0.06231657190728268,0.7916803184530514,0.8660254037844387,0.8356769688345665
point_3,stable_q3,2,1,z,256,0.02063349995632706,0.8266201180973304,0.8660254037844387,0.9110677595243261
point_3,stable_q3,2,2,x,411,-0.002426227037235099,0.8140683230269548,0.8660254037844387,0.8836096460745577
point_3,stable_q3,2,2,y,411,0.05410213785187507,0.8656894995763956,0.8660254037844387,0.9992244129024405
point_3,stable_q3,2,2,z,411,-0.03663523350226383,0.8594072658674473,0.8660254037844387,0.9847744648343483
point_3,stable_q3,2,3,x,650,-0.010000046492428794,0.5389566883613548,0.5773502691896258,0.8714229357883154
point_3,stable_q3,2,3,y,650,-0.6110922374047703,1.6435593064737732,1.7320508075688774,0.9004290646321835
point_3,stable_q3,2,3,z,650,-0.007940596263905657,0.5490801896223945,0.5773502691896258,0.9044671639072941
point_4,before_reco,1,0,x,610,0.049964904732724774,0.869787908920119,0.8660254037844387,1.008708008671511
point_4,before_reco,1,0,y,610,-0.04178885280372521,0.8601097915394975,0.8660254037844387,0.9863851380028238
point_4,before_reco,1,0,z,610,0.0012320286252915655,0.8621282960501611,0.8660254037844387,0.9910202651338055
point_4,before_reco,1,1,x,969,-0.049715965963683,0.8740723867328319,0.8660254037844387,1.0186700496651058
point_4,before_reco,1,1,y,969,-0.018958107471614184,0.8636518038477212,0.8660254037844387,0.9945259177192303
point_4,before_reco,1,1,z,969,-0.052556442385376864,0.8558511477619213,0.8660254037844387,0.976641582833864
point_4,before_reco,1,2,x,1161,0.014508760068403369,0.8772023617691966,0.8660254037844387,1.025978644657942
point_4,before_reco,1,2,y,1161,-0.0846056509913729,0.8633782388950747,0.8660254037844387,0.9938959778634143
point_4,before_reco,1,2,z,1161,0.024095018437745332,0.87598084227992,0.8660254037844387,1.0231232480552508
point_4,before_reco,1,3,x,7459,-0.0013132321266919645,0.5755027588394848,0.5773502691896258,0.9936102762955743
point_4,before_reco,1,3,y,7459,-0.41062566758822944,1.639885285924462,1.7320508075688774,0.8964079169971848
point_4,before_reco,1,3,z,7459,-0.0005877158057506488,0.58284529033565,0.5773502691896258,1.0191258973993447
point_4,before_reco,2,0,x,308,-0.0028517901651590877,0.9028045325858273,0.8660254037844387,1.0867413654100186
point_4,before_reco,2,0,y,308,0.05909603663258296,0.8500604028222033,0.8660254037844387,0.9634702512616621
point_4,before_reco,2,0,z,308,0.025925513881475282,0.8648397335953985,0.8660254037844387,0.9972636864071464
point_4,before_reco,2,1,x,580,0.0018656669587701093,0.8752660248160246,0.8660254037844387,1.0214541522629943
point_4,before_reco,2,1,y,580,0.05153496255840729,0.8498133412474357,0.8660254037844387,0.962910286616174
point_4,before_reco,2,1,z,580,-0.0182248158371634,0.8490068328819106,0.8660254037844387,0.9610834697068967
point_4,before_reco,2,2,x,951,-0.016317450865204634,0.8633220075417527,0.8660254037844387,0.9937665182745629
point_4,before_reco,2,2,y,951,0.05378852074436139,0.8720595626043687,0.8660254037844387,1.0139838409729638
point_4,before_reco,2,2,z,951,0.011194396639603355,0.8701036248641082,0.8660254037844387,1.0094404240022141
point_4,before_reco,2,3,x,8360,-0.0013209048007139684,0.5633629309955765,0.5773502691896258,0.9521333760597802
point_4,before_reco,2,3,y,8360,0.019996621727286234,1.7156782419856205,1.7320508075688774,0.9811839433409565
point_4,before_reco,2,3,z,8360,0.0049294901814601975,0.5716141933303313,0.5773502691896258,0.980228358050056
point_4,energy_selected,1,0,x,188,0.10292785160578564,0.8672115428917896,0.8660254037844387,1.002741146833011
point_4,energy_selected,1,0,y,188,0.08656610100674329,0.8950772202030629,0.8660254037844387,1.0682176401685899
point_4,energy_selected,1,0,z,188,-0.001164002851574097,0.8552081459383638,0.8660254037844387,0.9751746305057782
point_4,energy_selected,1,1,x,339,-0.030261319519651574,0.8847255674979446,0.8660254037844387,1.043652439712747
point_4,energy_selected,1,1,y,339,-0.06554214187936849,0.8717910753162524,0.8660254037844387,1.0133595720014237
point_4,energy_selected,1,1,z,339,-0.07336087994165674,0.8512650514638003,0.8660254037844387,0.9662029171248888
point_4,energy_selected,1,2,x,420,-0.05197372246919762,0.8727563925059857,0.8660254037844387,1.015604960880083
point_4,energy_selected,1,2,y,420,-0.08319030637295013,0.8719501877709579,0.8660254037844387,1.0137295066050782
point_4,energy_selected,1,2,z,420,0.03756073361678771,0.8764189783415579,0.8660254037844387,1.0241469674630135
point_4,energy_selected,1,3,x,419,-0.04428039667002203,0.5755180580900501,0.5773502691896258,0.9936631055632268
point_4,energy_selected,1,3,y,419,-1.3128575173781534,1.3791560573341728,1.7320508075688774,0.6340238101605132
point_4,energy_selected,1,3,z,419,-0.008216589681776692,0.5644290613093874,0.5773502691896258,0.9557404957517888
point_4,energy_selected,2,0,x,107,-0.012622678691957868,0.8932217812588007,0.8660254037844387,1.0637935340201932
point_4,energy_selected,2,0,y,107,0.13522202862144275,0.8418777224879865,0.8660254037844387,0.9450107994954124
point_4,energy_selected,2,0,z,107,0.03590652974975367,0.8438948123040575,0.8660254037844387,0.949544605644934
point_4,energy_selected,2,1,x,204,0.040297249709407554,0.8434135831066446,0.8660254037844387,0.9484619628917187
point_4,energy_selected,2,1,y,204,0.056415516474063405,0.8637848903168313,0.8660254037844387,0.9948324489862137
point_4,energy_selected,2,1,z,204,0.0530890232743918,0.8009322443576341,0.8660254037844387,0.8553232800690092
point_4,energy_selected,2,2,x,416,0.003471130763734791,0.8613700763497217,0.8660254037844387,0.989277877907634
point_4,energy_selected,2,2,y,416,0.12913263171201342,0.8683008191653463,0.8660254037844387,1.005261750084282
point_4,energy_selected,2,2,z,416,0.02124574354083573,0.8519600686194587,0.8660254037844387,0.9677812780294305
point_4,energy_selected,2,3,x,639,0.04080187328583588,0.53701133828745,0.5773502691896258,0.865143532347834
point_4,energy_selected,2,3,y,639,-0.6860397595484671,1.6393992947828742,1.7320508075688774,0.8958766825781951
point_4,energy_selected,2,3,z,639,-0.033737116216164875,0.5481356337688301,0.5773502691896258,0.9013580190214714
point_4,stable_q3,1,0,x,188,0.10292785160578564,0.8672115428917896,0.8660254037844387,1.002741146833011
point_4,stable_q3,1,0,y,188,0.08656610100674329,0.8950772202030629,0.8660254037844387,1.0682176401685899
point_4,stable_q3,1,0,z,188,-0.001164002851574097,0.8552081459383638,0.8660254037844387,0.9751746305057782
point_4,stable_q3,1,1,x,339,-0.030261319519651574,0.8847255674979446,0.8660254037844387,1.043652439712747
point_4,stable_q3,1,1,y,339,-0.06554214187936849,0.8717910753162524,0.8660254037844387,1.0133595720014237
point_4,stable_q3,1,1,z,339,-0.07336087994165674,0.8512650514638003,0.8660254037844387,0.9662029171248888
point_4,stable_q3,1,2,x,420,-0.05197372246919762,0.8727563925059857,0.8660254037844387,1.015604960880083
point_4,stable_q3,1,2,y,420,-0.08319030637295013,0.8719501877709579,0.8660254037844387,1.0137295066050782
point_4,stable_q3,1,2,z,420,0.03756073361678771,0.8764189783415579,0.8660254037844387,1.0241469674630135
point_4,stable_q3,1,3,x,419,-0.04428039667002203,0.5755180580900501,0.5773502691896258,0.9936631055632268
point_4,stable_q3,1,3,y,419,-1.3128575173781534,1.3791560573341728,1.7320508075688774,0.6340238101605132
point_4,stable_q3,1,3,z,419,-0.008216589681776692,0.5644290613093874,0.5773502691896258,0.9557404957517888
point_4,stable_q3,2,0,x,107,-0.012622678691957868,0.8932217812588007,0.8660254037844387,1.0637935340201932
point_4,stable_q3,2,0,y,107,0.13522202862144275,0.8418777224879865,0.8660254037844387,0.9450107994954124
point_4,stable_q3,2,0,z,107,0.03590652974975367,0.8438948123040575,0.8660254037844387,0.949544605644934
point_4,stable_q3,2,1,x,204,0.040297249709407554,0.8434135831066446,0.8660254037844387,0.9484619628917187
point_4,stable_q3,2,1,y,204,0.056415516474063405,0.8637848903168313,0.8660254037844387,0.9948324489862137
point_4,stable_q3,2,1,z,204,0.0530890232743918,0.8009322443576341,0.8660254037844387,0.8553232800690092
point_4,stable_q3,2,2,x,416,0.003471130763734791,0.8613700763497217,0.8660254037844387,0.989277877907634
point_4,stable_q3,2,2,y,416,0.12913263171201342,0.8683008191653463,0.8660254037844387,1.005261750084282
point_4,stable_q3,2,2,z,416,0.02124574354083573,0.8519600686194587,0.8660254037844387,0.9677812780294305
point_4,stable_q3,2,3,x,639,0.04080187328583588,0.53701133828745,0.5773502691896258,0.865143532347834
point_4,stable_q3,2,3,y,639,-0.6860397595484671,1.6393992947828742,1.7320508075688774,0.8958766825781951
point_4,stable_q3,2,3,z,639,-0.033737116216164875,0.5481356337688301,0.5773502691896258,0.9013580190214714
point_5,before_reco,1,0,x,482,-0.06016308472104086,0.8674797367390583,0.8660254037844387,1.0033614582038213
point_5,before_reco,1,0,y,482,-0.008085726682829952,0.8573823293588372,0.8660254037844387,0.9801392782623809
point_5,before_reco,1,0,z,482,0.04393729104933333,0.8720890400253788,0.8660254037844387,1.0140523916431825
point_5,before_reco,1,1,x,842,-0.017762074095201485,0.881730351796271,0.8660254037844387,1.0365978843717012
point_5,before_reco,1,1,y,842,0.014680773625725022,0.8664043118408438,0.8660254037844387,1.0008752421018747
point_5,before_reco,1,1,z,842,0.007183719466217531,0.8792443790699295,0.8660254037844387,1.0307609041680876
point_5,before_reco,1,2,x,1022,0.015108078444138131,0.8837519534388824,0.8660254037844387,1.0413566869427207
point_5,before_reco,1,2,y,1022,-0.058227622335616645,0.8380558455041053,0.8660254037844387,0.9364501335781344
point_5,before_reco,1,2,z,1022,-0.020871230484547604,0.8763913503385071,0.8660254037844387,1.024082398597536
point_5,before_reco,1,3,x,6597,0.0020725008041423214,0.5825673300241035,0.5773502691896258,1.0181540820342385
point_5,before_reco,1,3,y,6597,-0.41036520831056006,1.6473291726647687,1.7320508075688774,0.9045644677041306
point_5,before_reco,1,3,z,6597,0.0022162271020378563,0.5828515384663437,0.5773502691896258,1.0191477476777515
point_5,before_reco,2,0,x,228,-0.02701100944551883,0.8663023787063437,0.8660254037844387,1.0006397484696927
point_5,before_reco,2,0,y,228,0.03775370516806388,0.8703992419452063,0.8660254037844387,1.0101264538383863
point_5,before_reco,2,0,z,228,-0.0571075387810472,0.891935033569518,0.8660254037844387,1.0607308054782096
point_5,before_reco,2,1,x,495,0.00377943904822821,0.8871244640371666,0.8660254037844387,1.0493197529243068
point_5,before_reco,2,1,y,495,0.072205132714873,0.8592510660473236,0.8660254037844387,0.9844165260046162
point_5,before_reco,2,1,z,495,0.05939935040575194,0.8824414147954062,0.8660254037844387,1.038270467394824
point_5,before_reco,2,2,x,836,0.013414366990884037,0.8611211210650899,0.8660254037844387,0.9887061135258629
point_5,before_reco,2,2,y,836,0.06325825022200046,0.8555181809116176,0.8660254037844387,0.9758818104937643
point_5,before_reco,2,2,z,836,0.02118306994915992,0.8605746052323378,0.8660254037844387,0.987451534894392
point_5,before_reco,2,3,x,7384,0.005496502994996555,0.5637056175839142,0.5773502691896258,0.9532920698869866
point_5,before_reco,2,3,y,7384,0.0695756396493606,1.6932971200811455,1.7320508075688774,0.9557517122917005
point_5,before_reco,2,3,z,7384,0.007950373962387116,0.5643971441287705,0.5773502691896258,0.9556324089021365
point_5,energy_selected,1,0,x,161,-0.05222380521209043,0.8752614209755585,0.8660254037844387,1.0214434067308718
point_5,energy_selected,1,0,y,161,0.04896020877463421,0.8905896781759153,0.8660254037844387,1.057533299831307
point_5,energy_selected,1,0,z,161,0.1029922570069187,0.9004138912884108,0.8660254037844387,1.0809935675001838
point_5,energy_selected,1,1,x,291,-0.00538035028123156,0.9026241436651994,0.8660254037844387,1.0863071263031128
point_5,energy_selected,1,1,y,291,0.013132145106105766,0.8636631488780772,0.8660254037844387,0.9945520463066609
point_5,energy_selected,1,1,z,291,-0.04174889689213097,0.8084278540092698,0.8660254037844387,0.8714074601840442
point_5,energy_selected,1,2,x,404,0.0523144703047665,0.8948693010019729,0.8660254037844387,1.0677214211676793
point_5,energy_selected,1,2,y,404,0.06497951636294454,0.8479402372861671,0.8660254037844387,0.9586701946785618
point_5,energy_selected,1,2,z,404,-0.0005597133927473338,0.8798963962205681,0.8660254037844387,1.0322902241092573
point_5,energy_selected,1,3,x,336,-0.015664948944979933,0.5846639114174336,0.5773502691896258,1.0254956679417977
point_5,energy_selected,1,3,y,336,-1.4232880581152467,1.327864607445153,1.7320508075688774,0.5877414719018235
point_5,energy_selected,1,3,z,336,0.03341365110856718,0.5886183212208868,0.5773502691896258,1.0394145842306852
point_5,energy_selected,2,0,x,87,0.05121493163080515,0.8750768608321303,0.8660254037844387,1.021012683151754
point_5,energy_selected,2,0,y,87,0.2975096096051164,0.8391602973072453,0.8660254037844387,0.9389200061023791
point_5,energy_selected,2,0,z,87,-0.003360450648204915,0.909910672687745,0.8660254037844387,1.1039165763614194
point_5,energy_selected,2,1,x,185,0.05859642585857494,0.8934961092718385,0.8660254037844387,1.0644470630452176
point_5,energy_selected,2,1,y,185,0.16574979241163756,0.8453623566528156,0.8660254037844387,0.9528500187274695
point_5,energy_selected,2,1,z,185,0.0338760709979657,0.8623023737582669,0.8660254037844387,0.9914205117188558
point_5,energy_selected,2,2,x,332,0.018588079371879923,0.8379133561289177,0.8660254037844387,0.9361317231723021
point_5,energy_selected,2,2,y,332,0.09974233911203279,0.8649276164780405,0.8660254037844387,0.9974663756618458
point_5,energy_selected,2,2,z,332,0.023149857784414214,0.8697319781879362,0.8660254037844387,1.0085782851769343
point_5,energy_selected,2,3,x,588,0.0017141440774608681,0.5662110122354913,0.5773502691896258,0.9617847311302191
point_5,energy_selected,2,3,y,588,-0.5644094088699952,1.675621471557127,1.7320508075688774,0.9359024386477571
point_5,energy_selected,2,3,z,588,0.0067735562684750625,0.5367955614568352,0.5773502691896258,0.8644484243992765
point_5,stable_q3,1,0,x,161,-0.05222380521209043,0.8752614209755585,0.8660254037844387,1.0214434067308718
point_5,stable_q3,1,0,y,161,0.04896020877463421,0.8905896781759153,0.8660254037844387,1.057533299831307
point_5,stable_q3,1,0,z,161,0.1029922570069187,0.9004138912884108,0.8660254037844387,1.0809935675001838
point_5,stable_q3,1,1,x,291,-0.00538035028123156,0.9026241436651994,0.8660254037844387,1.0863071263031128
point_5,stable_q3,1,1,y,291,0.013132145106105766,0.8636631488780772,0.8660254037844387,0.9945520463066609
point_5,stable_q3,1,1,z,291,-0.04174889689213097,0.8084278540092698,0.8660254037844387,0.8714074601840442
point_5,stable_q3,1,2,x,404,0.0523144703047665,0.8948693010019729,0.8660254037844387,1.0677214211676793
point_5,stable_q3,1,2,y,404,0.06497951636294454,0.8479402372861671,0.8660254037844387,0.9586701946785618
point_5,stable_q3,1,2,z,404,-0.0005597133927473338,0.8798963962205681,0.8660254037844387,1.0322902241092573
point_5,stable_q3,1,3,x,333,-0.012498508091879981,0.5816824363282995,0.5773502691896258,1.0150633701984788
point_5,stable_q3,1,3,y,333,-1.446257675810972,1.3065880263652354,1.7320508075688774,0.5690574235470003
point_5,stable_q3,1,3,z,333,0.03508458893135999,0.5908662735044552,0.5773502691896258,1.0473688594951251
point_5,stable_q3,2,0,x,87,0.05121493163080515,0.8750768608321303,0.8660254037844387,1.021012683151754
point_5,stable_q3,2,0,y,87,0.2975096096051164,0.8391602973072453,0.8660254037844387,0.9389200061023791
point_5,stable_q3,2,0,z,87,-0.003360450648204915,0.909910672687745,0.8660254037844387,1.1039165763614194
point_5,stable_q3,2,1,x,183,0.059471804538596386,0.8934732488008922,0.8660254037844387,1.0643925950970947
point_5,stable_q3,2,1,y,183,0.1735063996798161,0.844348819263534,0.8660254037844387,0.9505665714556321
point_5,stable_q3,2,1,z,183,0.03008923564910619,0.8660825446222614,0.8660254037844387,1.0001319654658285
point_5,stable_q3,2,2,x,331,0.020227143608689005,0.8386487543553208,0.8660254037844387,0.9377756442423083
point_5,stable_q3,2,2,y,331,0.10022285751155538,0.8661927385814019,0.8660254037844387,1.0003864804948652
point_5,stable_q3,2,2,z,331,0.02749426283912679,0.8674334724133356,0.8660254037844387,1.0032544387507427
point_5,stable_q3,2,3,x,588,0.0017141440774608681,0.5662110122354913,0.5773502691896258,0.9617847311302191
point_5,stable_q3,2,3,y,588,-0.5644094088699952,1.675621471557127,1.7320508075688774,0.9359024386477571
point_5,stable_q3,2,3,z,588,0.0067735562684750625,0.5367955614568352,0.5773502691896258,0.8644484243992765
point_6,before_reco,1,0,x,495,-0.02021884232226383,0.8626405049670135,0.8660254037844387,0.9921981877463254
point_6,before_reco,1,0,y,495,0.02434941225770486,0.8446158645720061,0.8660254037844387,0.9511679449156231
point_6,before_reco,1,0,z,495,-0.0894551991021124,0.8636255079650742,0.8660254037844387,0.9944653573439098
point_6,before_reco,1,1,x,751,0.006092269321176411,0.8832625895172623,0.8660254037844387,1.0402037360543197
point_6,before_reco,1,1,y,751,0.001132970535139595,0.8504429663648323,0.8660254037844387,0.9643376520525536
point_6,before_reco,1,1,z,751,-0.039077763248455695,0.8928774819303898,0.8660254037844387,1.0629735969844716
point_6,before_reco,1,2,x,1112,-0.002816333374500809,0.8663796201643398,0.8660254037844387,1.000818194981474
point_6,before_reco,1,2,y,1112,-0.028131741331128716,0.8793064176432364,0.8660254037844387,1.0309063681447757
point_6,before_reco,1,2,z,1112,0.0068129994775912375,0.870528437524397,0.8660254037844387,1.0104263473848907
point_6,before_reco,1,3,x,6662,-0.00027695786230269744,0.5834928431215127,0.5773502691896258,1.021391693922079
point_6,before_reco,1,3,y,6662,-0.3970395314393939,1.6198540785131827,1.7320508075688774,0.8746424118919309
point_6,before_reco,1,3,z,6662,-0.026291040347404357,0.5802722253076857,0.5773502691896258,1.0101475663906008
point_6,before_reco,2,0,x,204,0.05642204774455867,0.8167926644582322,0.8660254037844387,0.8895336756170376
point_6,before_reco,2,0,y,204,0.22666460389055154,0.831791419184907,0.8660254037844387,0.9225026200395222
point_6,before_reco,2,0,z,204,0.10764513366489793,0.8369323797002353,0.8660254037844387,0.9339410775875984
point_6,before_reco,2,1,x,489,-0.015135692460055871,0.8490790971038182,0.8660254037844387,0.9612470841848468
point_6,before_reco,2,1,y,489,0.03891191611532527,0.8540718557068331,0.8660254037844387,0.9725849796140179
point_6,before_reco,2,1,z,489,0.020842328008316587,0.8637622864277053,0.8660254037844387,0.9947803832730896
point_6,before_reco,2,2,x,821,0.02954857382083233,0.8635160710871357,0.8660254037844387,0.9942133400343508
point_6,before_reco,2,2,y,821,0.03648779567461878,0.887189567972794,0.8660254037844387,1.049473772693004
point_6,before_reco,2,2,z,821,-0.10273215969644636,0.8426657174395674,0.8660254037844387,0.9467806817972545
point_6,before_reco,2,3,x,7506,0.0017855679235679988,0.5645600733721814,0.5773502691896258,0.9561842293380086
point_6,before_reco,2,3,y,7506,0.05710814174493761,1.7149133936934176,1.7320508075688774,0.9803093159563582
point_6,before_reco,2,3,z,7506,0.012217112706077114,0.566320727474631,0.5773502691896258,0.9621574991021858
point_6,energy_selected,1,0,x,149,0.07386536223137424,0.831313162810894,0.8660254037844387,0.9214420995502025
point_6,energy_selected,1,0,y,149,0.008467308992924276,0.8388317645514913,0.8660254037844387,0.9381849722940915
point_6,energy_selected,1,0,z,149,0.005926915315259311,0.8096785791252491,0.8660254037844387,0.874105868659043
point_6,energy_selected,1,1,x,275,0.008776033052195962,0.8769250433006408,0.8660254037844387,1.025330042090441
point_6,energy_selected,1,1,y,275,-0.004702672897302074,0.8547390446420771,0.8660254037844387,0.9741051125808675
point_6,energy_selected,1,1,z,275,0.012683494065904804,0.9141861284079181,0.8660254037844387,1.1143150364979448
point_6,energy_selected,1,2,x,419,-0.02611080173659045,0.8689251721771643,0.8660254037844387,1.0067079397908192
point_6,energy_selected,1,2,y,419,0.013088012669109162,0.885865726048857,0.8660254037844387,1.0463441127840916
point_6,energy_selected,1,2,z,419,0.04584910768778376,0.8781823511127272,0.8660254037844387,1.0282723224078365
point_6,energy_selected,1,3,x,343,-0.036912529977200875,0.5843256025916,0.5773502691896258,1.0243092295321095
point_6,energy_selected,1,3,y,343,-1.1631449479404148,1.4639465926101642,1.7320508075688774,0.7143798753383034
point_6,energy_selected,1,3,z,343,-0.06434039102541292,0.5824904355652636,0.5773502691896258,1.0178853225750317
point_6,energy_selected,2,0,x,79,-0.11257653896708167,0.8030155473701877,0.8660254037844387,0.8597786257576562
point_6,energy_selected,2,0,y,79,0.34855311440627534,0.7992557271906411,0.8660254037844387,0.8517462899293874
point_6,energy_selected,2,0,z,79,0.0900464779065193,0.7902035122371228,0.8660254037844387,0.832562121002513
point_6,energy_selected,2,1,x,183,0.05230389340831894,0.8696536480071295,0.8660254037844387,1.0083966233228112
point_6,energy_selected,2,1,y,183,0.08891878224878937,0.8531605118518586,0.8660254037844387,0.9705104786444338
point_6,energy_selected,2,1,z,183,-0.017157544410075613,0.8588642219191132,0.8660254037844387,0.9835303355902982
point_6,energy_selected,2,2,x,334,0.045740264005803444,0.8424716259282062,0.8660254037844387,0.9463445873254873
point_6,energy_selected,2,2,y,334,0.08552980331736201,0.8927724961025642,0.8660254037844387,1.0627236397296038
point_6,energy_selected,2,2,z,334,-0.11068120840413694,0.8034674656661147,0.8660254037844387,0.8607466245119055
point_6,energy_selected,2,3,x,590,-0.0003290247127194057,0.5498273360296098,0.5773502691896258,0.9069302983362523
point_6,energy_selected,2,3,y,590,-0.43137574133061274,1.667075445082136,1.7320508075688774,0.9263801798652671
point_6,energy_selected,2,3,z,590,0.022496500451288964,0.5660465436762805,0.5773502691896258,0.9612260688235901
point_6,stable_q3,1,0,x,149,0.07386536223137424,0.831313162810894,0.8660254037844387,0.9214420995502025
point_6,stable_q3,1,0,y,149,0.008467308992924276,0.8388317645514913,0.8660254037844387,0.9381849722940915
point_6,stable_q3,1,0,z,149,0.005926915315259311,0.8096785791252491,0.8660254037844387,0.874105868659043
point_6,stable_q3,1,1,x,275,0.008776033052195962,0.8769250433006408,0.8660254037844387,1.025330042090441
point_6,stable_q3,1,1,y,275,-0.004702672897302074,0.8547390446420771,0.8660254037844387,0.9741051125808675
point_6,stable_q3,1,1,z,275,0.012683494065904804,0.9141861284079181,0.8660254037844387,1.1143150364979448
point_6,stable_q3,1,2,x,419,-0.02611080173659045,0.8689251721771643,0.8660254037844387,1.0067079397908192
point_6,stable_q3,1,2,y,419,0.013088012669109162,0.885865726048857,0.8660254037844387,1.0463441127840916
point_6,stable_q3,1,2,z,419,0.04584910768778376,0.8781823511127272,0.8660254037844387,1.0282723224078365
point_6,stable_q3,1,3,x,343,-0.036912529977200875,0.5843256025916,0.5773502691896258,1.0243092295321095
point_6,stable_q3,1,3,y,343,-1.1631449479404148,1.4639465926101642,1.7320508075688774,0.7143798753383034
point_6,stable_q3,1,3,z,343,-0.06434039102541292,0.5824904355652636,0.5773502691896258,1.0178853225750317
point_6,stable_q3,2,0,x,79,-0.11257653896708167,0.8030155473701877,0.8660254037844387,0.8597786257576562
point_6,stable_q3,2,0,y,79,0.34855311440627534,0.7992557271906411,0.8660254037844387,0.8517462899293874
point_6,stable_q3,2,0,z,79,0.0900464779065193,0.7902035122371228,0.8660254037844387,0.832562121002513
point_6,stable_q3,2,1,x,183,0.05230389340831894,0.8696536480071295,0.8660254037844387,1.0083966233228112
point_6,stable_q3,2,1,y,183,0.08891878224878937,0.8531605118518586,0.8660254037844387,0.9705104786444338
point_6,stable_q3,2,1,z,183,-0.017157544410075613,0.8588642219191132,0.8660254037844387,0.9835303355902982
point_6,stable_q3,2,2,x,334,0.045740264005803444,0.8424716259282062,0.8660254037844387,0.9463445873254873
point_6,stable_q3,2,2,y,334,0.08552980331736201,0.8927724961025642,0.8660254037844387,1.0627236397296038
point_6,stable_q3,2,2,z,334,-0.11068120840413694,0.8034674656661147,0.8660254037844387,0.8607466245119055
point_6,stable_q3,2,3,x,590,-0.0003290247127194057,0.5498273360296098,0.5773502691896258,0.9069302983362523
point_6,stable_q3,2,3,y,590,-0.43137574133061274,1.667075445082136,1.7320508075688774,0.9263801798652671
point_6,stable_q3,2,3,z,590,0.022496500451288964,0.5660465436762805,0.5773502691896258,0.9612260688235901
