channel,full_cell_index,x_mm,y_mm,z_mm,density,fraction,effective_volume_mm3,assigned_event_mass,effective_contributing_events,events_for_50_percent,events_for_90_percent,top_one_mass_fraction,top_ten_mass_fraction,participating_views,participating_workers,source_distance_weighted_mean_mm,q_at_cell_above_3_mass_fraction,K_only_assigned_mass,full_circle_stable_S,matched_S_times_historical_density
440_ComptonOnly,1596,102.27463389889034,140.76895702124085,-58.5,697330.9375,0.02307665729309297,4.541240707819889,465.1131691734768,7320.00810341445,4860,32445,0.0018474525111288,0.01391905432767905,20,200,185.51623405958335,0.02514659589782101,437.8966291713585,0.02891755849123001,465.34329058417313
440_ComptonOnly,1616,-102.2746338988903,140.76895702124085,-58.5,585097.875,0.023076657293092075,4.5412407078196795,390.59846990615716,7233.34869011511,4822,32281,0.0021547125727947028,0.01501847199151212,20,200,186.84938876626504,0.026574114546588708,369.14346769173557,0.02891755849123001,390.447857429668
440_ComptonOnly,2887,231.35108656700478,63.84884293600203,-58.5,208348.484375,0.009968950822535518,1.9327916160869456,80.90510057164323,2228.313228320649,1735,20393,0.0045985289382655765,0.03476123946245004,20,193,230.11760241827014,0.01814264581508823,64.961095885682,0.038909684866666794,80.81603003425113
440_ComptonOnly,43675,-113.6485760455766,-8.944336912974258,-19.5,4996.234375,1.0,161.16370312915728,104.10344816090884,38690.781263299024,14709,48339,0.00013589194673848323,0.0012456015237583477,20,200,112.5055990448394,0.005305383046085366,102.7706933666274,0.020822327584028244,104.03322884283261
440_ComptonOnly,44110,136.9521383465021,-44.49844718999246,-19.5,6268.0263671875,1.0,203.57520395261974,176.79019023849708,27400.982660060723,11262,43769,0.00035457894732442873,0.0029976719217791247,20,200,124.89112363148364,0.006294106479111079,164.90339064655282,0.028171492740511894,176.5796593005598
440_ComptonOnly,57231,117.66434268086468,-72.10480193080103,-7.5,12747.0986328125,1.0,195.09290378792724,338.8766302064282,32223.57457119886,12628,45862,0.0002453865682631139,0.001922379460749561,20,200,118.69038439344611,0.005949122065209518,319.4449099331762,0.02666473016142845,339.89794538505885
440_ComptonOnly,66020,0.0,0.0,1.5,38.83888626098633,1.0,84.82300164692441,0.38286868622422854,61350.36190077508,24909,60164,6.293749359598656e-05,0.0005711719122953417,20,200,88.17422688558925,0.0044104047818642,0.4085297914737827,0.009868798777461052,0.3832931532503707
440_ComptonOnly,66261,60.0,0.0,1.5,55.851219177246094,1.0,169.64600329384882,1.1331248509689757,55769.817316109235,22002,57394,7.172048507071053e-05,0.0006672256111711992,20,200,92.55435718831642,0.004612735512271527,1.1822977026539203,0.02030770294368267,1.1342099680940265
440_ComptonOnly,66271,3.67394039744206e-15,60.0,1.5,252.0682373046875,1.0,169.64600329384882,5.1172809148858445,50846.600582619656,19718,54881,9.174002997425997e-05,0.0008072977390487606,20,200,100.33030147218955,0.00485086962942963,5.36395259045917,0.02030770294368267,5.118926884721304
440_ComptonOnly,66281,-60.0,7.34788079488412e-15,1.5,252.36032104492188,1.0,169.64600329384882,5.125054737534429,54819.65239721295,21567,56842,7.732091527140601e-05,0.0007066169564294503,20,200,93.35611227920666,0.004387179923164069,5.35008559987908,0.02030770294368267,5.124858434552664
440_ComptonOnly,66781,-114.0,1.3960973510279826e-14,1.5,81.96790313720703,1.0,161.16370312915728,1.708934815546483,40056.95902866028,15125,48921,0.00011392684145158957,0.0010314711291111206,20,200,110.78095395761669,0.004906402207677276,1.6808083561178626,0.020868171006441116,1.7105202197066376
440_ComptonOnly,69731,31.72545815991238,-71.25654569612288,4.5,359.38031005859375,1.0,147.02653618800315,6.453305182558263,53044.126876231676,20720,56155,8.364231928868875e-05,0.0007600746577855347,20,200,93.54937369111435,0.0045686596920329675,6.6102090368084525,0.017958788201212883,6.454034872028501
440_ComptonOnly,130355,-102.2746338988903,140.76895702124085,58.5,567340.8125,0.023076657293092075,4.5412407078196795,378.3786920412967,6962.792252019656,4867,32385,0.0020863492617627715,0.01527314761773231,20,200,184.95901852352608,0.022787106964298913,356.7828115016872,0.02889511175453663,378.30432398483987
440_ComptonOnly,131696,-231.3510865670048,-63.84884293600199,58.5,160221.390625,0.00996895082253595,1.9327916160870293,62.31131703078997,2451.0806798594626,1801,20983,0.0041500350527961085,0.03004957336520186,20,197,222.81707438328823,0.023650187105191286,49.414364030706274,0.038945555686950684,62.20536680144719
440_ComptonOnly,131754,231.35108656700478,-63.84884293600208,58.5,206272.984375,0.009968950822534788,1.9327916160868042,80.0716999443909,2538.8395043371156,1864,21226,0.004137345304102255,0.03186162055452109,20,192,218.9806445555826,0.028600045445674214,63.753917545488136,0.03891056776046753,80.01278248164803
440_SinglePlusCompton,1596,102.27463389889034,140.76895702124085,-58.5,23085.552734375,0.02307665729309297,4.541240707819889,16.201472748478345,5603.233158513705,4571,32004,0.0041045685358528155,0.021034227298112496,20,200,185.42074256558936,0.0313311519459256,15.098671678527868,0.02891755849123001,15.40546460319426
440_SinglePlusCompton,1616,-102.2746338988903,140.76895702124085,-58.5,17684.607421875,0.023076657293092075,4.5412407078196795,12.337190471709185,5622.529982277727,4595,31966,0.0038767437153270426,0.021387186710022182,20,200,186.93881743062468,0.03249996912219072,11.562440867002417,0.02891755849123001,11.801302606603892
440_SinglePlusCompton,2887,231.35108656700478,63.84884293600203,-58.5,59273.56640625,0.009968950822535518,1.9327916160869456,24.355425504101888,1988.6985959351116,1593,19871,0.004559346704256952,0.03718176140853054,20,190,229.97844402054378,0.020279303628544305,19.505034040909365,0.038909684866666794,22.991548689660004
440_SinglePlusCompton,43675,-113.6485760455766,-8.944336912974258,-19.5,360.0681457519531,1.0,161.16370312915728,7.734636584964147,38017.693501145106,14547,48262,0.00014703515843148137,0.001328480879856386,20,200,112.30237006085571,0.00544084892840757,7.615630476735094,0.020822327584028244,7.497456883420796
440_SinglePlusCompton,44110,136.9521383465021,-44.49844718999246,-19.5,181.58697509765625,1.0,203.57520395261974,5.284886454423374,27139.43781690513,11138,43673,0.00037258576322567454,0.0029174885934241637,20,200,124.67752634593421,0.006623556743973911,4.915394864366521,0.028171492740511894,5.115576150735137
440_SinglePlusCompton,57231,117.66434268086468,-72.10480193080103,-7.5,6489.44970703125,1.0,195.09290378792724,177.56542670181062,31976.668114153177,12547,45803,0.00024000033037526058,0.0018966744971241727,20,200,118.55976574709499,0.006231673017292899,167.058442435764,0.02666473016142845,173.0394253341492
440_SinglePlusCompton,66020,0.0,0.0,1.5,108.08291625976562,1.0,84.82300164692441,1.0910311766422145,61498.557825169344,24970,60204,6.349926256020602e-05,0.0005633097768095825,20,200,88.19143630468676,0.004504526492189613,1.1632505628070176,0.009868798777461052,1.0666485518488003
440_SinglePlusCompton,66261,60.0,0.0,1.5,400.1733703613281,1.0,169.64600329384882,8.321017286888623,56063.39363666971,22045,57426,6.94563744904558e-05,0.0006552248425062128,20,200,92.57065163470435,0.0047275883790601865,8.672994434410993,0.02030770294368267,8.126601931270159
440_SinglePlusCompton,66271,3.67394039744206e-15,60.0,1.5,274.9958801269531,1.0,169.64600329384882,5.741405646277267,50576.48110003043,19621,54814,9.373713665475609e-05,0.0008237895993693918,20,200,100.24892464933158,0.004963272033596078,6.010544609893751,0.02030770294368267,5.584534644354733
440_SinglePlusCompton,66281,-60.0,7.34788079488412e-15,1.5,363.3167419433594,1.0,169.64600329384882,7.550512856703122,55214.035663749884,21673,56922,7.396814887317665e-05,0.0006803822388353121,20,200,93.39918567344078,0.004486970681795721,7.877689019308567,0.02030770294368267,7.378128469852356
440_SinglePlusCompton,66781,-114.0,1.3960973510279826e-14,1.5,803.0701904296875,1.0,161.16370312915728,17.223550337830943,39683.86509813298,15048,48899,0.00011049541962897009,0.0010483892001917957,20,200,110.60659863387778,0.005028702620844127,16.927040714114554,0.020868171006441116,16.75860606406195
440_SinglePlusCompton,69731,31.72545815991238,-71.25654569612288,4.5,1491.331298828125,1.0,147.02653618800315,27.342148518565445,53567.00058755645,20897,56270,7.770336702375827e-05,0.0007226310600300977,20,200,93.6405363184258,0.004705537458267288,28.026559728991145,0.017958788201212883,26.782502933494015
440_SinglePlusCompton,130355,-102.2746338988903,140.76895702124085,58.5,11104.1162109375,0.023076657293092075,4.5412407078196795,7.716365143195773,5505.527602012735,4688,32117,0.0039008350040285866,0.021822497300730246,20,200,184.8039675558703,0.026426257342362668,7.22117146048128,0.02889511175453663,7.4042534647158185
440_SinglePlusCompton,131696,-231.3510865670048,-63.84884293600199,58.5,67207.5234375,0.00996895082253595,1.9327916160870293,27.530094945988715,2163.7257705906527,1661,20553,0.00461231397085358,0.03363444855175621,20,193,222.675646349987,0.026305410278568697,21.722529917607154,0.038945555686950684,26.09307428264338
440_SinglePlusCompton,131754,231.35108656700478,-63.84884293600208,58.5,37217.5390625,0.009968950822534788,1.9327916160868042,15.030158226392986,2519.344884158065,1802,20987,0.004374957730019386,0.031463143612250076,20,189,218.8010144938127,0.030691465817719685,11.940810493893375,0.03891056776046753,14.436591716229449
