bin,radial_bin,azimuth_bin,axial_bin,volume_mm3,accepted_rotation_averaged_mass,predicted_efficiency,observed_efficiency,relative_error,relative_standard_error,statistically_adequate,hold
0,0,0,0,41506.72213922829,204.30000000000192,0.00011786472795176597,0.00012065946866485036,-0.023162216310161243,0.025441450635174185,False,False
1,0,0,1,58109.410994919606,290.95000000000095,0.00011876515433614219,0.00012273922246010147,-0.03237814322354138,0.02402603033300529,False,False
2,0,0,2,66410.75542276527,331.0499999999979,0.00011923975469793986,0.00012219871849455065,-0.024214360290060966,0.019524181643622705,False,False
3,0,0,3,66410.75542276527,327.1499999999984,0.00011924675191368549,0.00012075913232288849,-0.012523942331410187,0.02155284455429582,False,False
4,0,0,4,58109.410994919606,291.0500000000009,0.00011869960162435989,0.0001227814081354616,-0.033244499905053626,0.020802300157193532,False,False
5,0,0,5,41506.72213922829,203.9500000000021,0.00011773690539502038,0.00012045275885558608,-0.022547042395449135,0.027267204249943278,False,False
6,0,1,0,44814.81920345845,220.10000000000457,0.00011791050619537602,0.00012039539432176673,-0.020639395222624812,0.025697249244056912,False,False
7,0,1,1,62740.74688484182,314.0999999999979,0.00011881294271197589,0.00012272406489409644,-0.03186923596032787,0.023898829333954746,False,False
8,0,1,2,71703.71072553353,358.39999999999264,0.00011928697999396533,0.0001225287066246056,-0.026456874637320937,0.018800457160636476,False,False
9,0,1,3,71703.71072553353,351.39999999999384,0.0001192940966901523,0.00012013556782334367,-0.0070043464099551755,0.02136943791704019,False,False
10,0,1,4,62740.74688484182,315.2999999999981,0.0001187457474599834,0.0001231929247408741,-0.036099291337103656,0.02081851783933331,False,False
11,0,1,5,44814.81920345845,219.2000000000046,0.00011778321612729357,0.00011990309148265002,-0.017679905740071722,0.027458046591780194,False,False
12,0,2,0,34240.21833147517,169.74999999999736,0.00011805594456903598,0.0001215303468208093,-0.02858876274660982,0.02516270380019837,False,False
13,0,2,1,47936.30566406524,240.3999999999952,0.00011896394267706909,0.00012293665211749428,-0.03231509376575803,0.023377766463303945,False,False
14,0,2,2,54784.34933036028,271.94999999999624,0.00011943593112043622,0.00012168695809248557,-0.018498506391609437,0.01921756399731495,False,False
15,0,2,3,54784.34933036028,268.049999999996,0.0001194449195397595,0.00011994186106523528,-0.0041431867161498825,0.021909891658323515,False,False
16,0,2,4,47936.30566406524,240.84999999999528,0.00011889147903098499,0.00012316677480240642,-0.03471143722225567,0.02137743896874503,False,False
17,0,2,5,34240.21833147517,167.39999999999728,0.00011792563293109895,0.00011984789430222951,-0.016039175175519116,0.02711472264541086,False,False
18,0,3,0,33816.103323240546,166.34999999999712,0.00011798927149144929,0.00012058984113712381,-0.021565412319578314,0.02551173885482752,False,False
19,0,3,1,47342.54465253676,239.04999999999498,0.00011889490769625977,0.00012377947324414723,-0.03946183821814275,0.02356082027657347,False,False
20,0,3,2,54105.765317184865,271.59999999999616,0.00011936733507820623,0.0001230545568561874,-0.02996412219248723,0.019083163075303965,False,False
21,0,3,3,54105.765317184865,264.39999999999554,0.00011937586286348879,0.00011979243311036804,-0.0034774337248451026,0.022110833320624475,False,False
22,0,3,4,47342.54465253676,240.29999999999515,0.00011882433474761182,0.00012442672001911135,-0.04502558028242676,0.02078792610330132,False,False
23,0,3,5,33816.103323240546,165.449999999997,0.00011786076480546481,0.00011993741638795997,-0.01731445986611757,0.027541216760967904,False,False
24,0,4,0,41167.430132640606,203.8500000000013,0.00011783847319353787,0.00012138595467032979,-0.029224810122608247,0.026583840924169228,False,False
25,0,4,1,57634.40218569684,287.85000000000076,0.00011873869786355934,0.0001224322753139719,-0.030168331356585143,0.024561434633385018,False,False
26,0,4,2,65867.88821222496,327.5999999999985,0.00011921549503928944,0.0001219218750000002,-0.022197656989041192,0.019679465806804557,False,False
27,0,4,3,65867.88821222496,323.1999999999988,0.00011922003588081237,0.00012028434065934085,-0.008848240533177232,0.021799711564493104,False,False
28,0,4,4,57634.40218569684,290.5000000000008,0.00011867439875717018,0.00012355940934065968,-0.03953572301419206,0.021812747221231894,False,False
29,0,4,5,41167.430132640606,202.35000000000161,0.00011770980790819472,0.00012049275412087927,-0.023096378143142693,0.027455019829147092,False,False
30,0,5,0,36445.61637429513,180.39999999999884,0.00011803547832831258,0.00012133964313421282,-0.02723071141923117,0.025459984593850064,False,False
31,0,5,1,51023.862924013185,256.3999999999977,0.00011894345311178174,0.00012318452842735266,-0.03442863620711967,0.02338672725124018,False,False
32,0,5,2,58312.98619887221,290.89999999999924,0.00011941362196916483,0.000122289711016292,-0.023518651105030375,0.019156426018920227,False,False
33,0,5,3,58312.98619887221,284.29999999999916,0.00011942319618087169,0.000119515176493406,-0.0007696119876405838,0.02214569605170081,False,False
34,0,5,4,51023.862924013185,258.249999999998,0.00011887019328957107,0.000124073340352433,-0.04193606014057716,0.021380670262593483,False,False
35,0,5,5,36445.61637429513,177.64999999999856,0.00011790659876461278,0.00011948995345228871,-0.013250944049519209,0.02744792465263223,False,False
36,0,6,0,40743.31512440597,199.85000000000133,0.00011786919757090581,0.00012024285218598208,-0.019740504919202095,0.025717899268015702,False,False
37,0,6,1,57040.641174168355,285.8500000000009,0.0001187693208981345,0.0001228472043223953,-0.03319475967527086,0.024235805310413496,False,False
38,0,6,2,65189.30419904955,325.59999999999854,0.00011924557636741425,0.00012243893129771014,-0.026081205515680717,0.019367079484653247,False,False
39,0,6,3,65189.30419904955,321.1999999999989,0.00011925180598760478,0.00012078435114503846,-0.012688275781631564,0.02149155592797747,False,False
40,0,6,4,57040.641174168355,285.50000000000097,0.0001187047717115848,0.00012269678794487966,-0.03253562134885091,0.02072432164318838,False,False
41,0,6,5,40743.31512440597,200.3500000000016,0.0001177412835716087,0.00012054368494101339,-0.023248014782159765,0.027418836722351177,False,False
42,0,7,0,36445.61637429511,180.39999999999884,0.00011803547832831266,0.00012133964313421286,-0.027230711419230835,0.02545998459385006,False,False
43,0,7,1,51023.86292401316,256.3999999999977,0.00011894345311178178,0.0001231845284273527,-0.034428636207119556,0.023386727251240184,False,False
44,0,7,2,58312.98619887219,290.89999999999924,0.00011941362196916487,0.00012228971101629202,-0.023518651105030264,0.01915642601892024,False,False
45,0,7,3,58312.98619887219,284.29999999999916,0.00011942319618087173,0.00011951517649340611,-0.0007696119876412499,0.022145696051700792,False,False
46,0,7,4,51023.86292401316,258.249999999998,0.00011887019328957111,0.00012407334035243302,-0.04193606014057705,0.02138067026259348,False,False
47,0,7,5,36445.61637429511,177.64999999999856,0.00011790659876461285,0.00011948995345228881,-0.01325094404951943,0.027447924652632214,False,False
48,1,0,0,112972.9284601503,613.8499999999946,0.0001304976566109509,0.0001331985058564423,-0.020276873438823007,0.014212130517102031,True,False
49,1,0,1,158162.09984421072,873.4499999999891,0.0001319187844394173,0.0001353776922471862,-0.025550057401283466,0.011822408049201219,True,False
50,1,0,2,180756.68553624087,1000.4499999999847,0.00013286238126661724,0.0001356789577910702,-0.020759125588141303,0.011703547026312417,True,False
51,1,0,3,180756.68553624087,1016.5499999999848,0.0001328531709790222,0.00013786240645960557,-0.03633503584641917,0.012145959826755901,True,False
52,1,0,4,158162.09984421072,872.7499999999856,0.00013171113190484692,0.00013526919790340797,-0.026303593528378633,0.012247492167639734,True,False
53,1,0,5,112972.9284601503,609.7999999999919,0.0001302451542281931,0.00013231970167183933,-0.015678295956192745,0.015291607773314609,True,False
54,1,1,0,119504.29958696428,652.7999999999743,0.00013060912212343786,0.0001339084843609513,-0.024638933472056812,0.013914130983875402,True,False
55,1,1,1,167306.01942175062,928.1999999999551,0.00013203737849892862,0.00013600080442909072,-0.02914266534525234,0.011836523812439754,True,False
56,1,1,2,191206.8793391438,1057.8999999999573,0.0001329828758836371,0.00013562900735815875,-0.019510070346042907,0.011282855174754748,True,False
57,1,1,3,191206.8793391438,1078.2499999999636,0.00013298054953134091,0.00013823799714900718,-0.03803185611839588,0.012104794869180252,True,False
58,1,1,4,167306.01942175062,917.0999999999585,0.00013183518939677549,0.00013437442118284764,-0.018896690037584873,0.012406798505296893,True,False
59,1,1,5,119504.29958696428,648.2999999999746,0.0001303626310581818,0.0001329854019779485,-0.019722246808725696,0.015492560316774167,True,False
60,1,2,0,102901.61073127271,557.6000000000178,0.00013062119074315313,0.00013283486288948683,-0.016664843085473557,0.01406228023799834,True,False
61,1,2,1,144062.25502378237,796.950000000033,0.00013204846648609108,0.00013561019673572465,-0.026264472254801108,0.011885631070052837,True,False
62,1,2,2,164642.57717003726,915.2500000000402,0.00013299545856810193,0.0001362727630241236,-0.02404959276742269,0.011858353780932926,True,False
63,1,2,3,164642.57717003726,925.4000000000417,0.00013298761529624662,0.00013778400972687678,-0.03481096565659436,0.012146147313025407,True,False
64,1,2,4,144062.25502378237,795.8000000000304,0.0001318398495772504,0.0001354145110261492,-0.026397920147631093,0.012408690739755418,True,False
65,1,2,5,102901.61073127271,554.5500000000171,0.00013036552904941695,0.00013210827334175914,-0.013191787677322653,0.014899879864313256,True,False
66,1,3,0,105700.76978562129,576.7500000000093,0.00013067060339712927,0.0001337583591910972,-0.023084581873171306,0.013760949401458762,True,False
67,1,3,1,147981.07769987028,821.9000000000195,0.0001321016326844074,0.00013615207804713902,-0.029749420066356058,0.012340425527991682,True,False
68,1,3,2,169121.23165699487,939.4000000000251,0.0001330482876355833,0.0001361645021934505,-0.022885660415663756,0.011335086077268628,True,False
69,1,3,3,169121.23165699487,950.8000000000262,0.0001330468664648659,0.00013781691365289837,-0.03461147882070681,0.01226384942490722,True,False
70,1,3,4,147981.07769987028,811.3500000000224,0.0001319000475875561,0.000134404414799302,-0.018633072548141394,0.012676871816393792,True,False
71,1,3,5,105700.76978562129,569.8500000000124,0.00013042250055292427,0.00013215812914615834,-0.013132968849116966,0.015451433738301053,True,False
72,1,4,0,112972.92846015016,613.8499999999946,0.00013049765661095106,0.00013319850585644244,-0.020276873438822784,0.014212130517102042,True,False
73,1,4,1,158162.09984421087,873.4499999999891,0.00013191878443941717,0.00013537769224718598,-0.02555005740128291,0.011822408049201224,True,False
74,1,4,2,180756.68553624142,1000.4499999999847,0.00013286238126661683,0.00013567895779106965,-0.020759125588140415,0.011703547026312424,True,False
75,1,4,3,180756.68553624142,1016.5499999999848,0.0001328531709790218,0.0001378624064596051,-0.03633503584641884,0.012145959826755901,True,False
76,1,4,4,158162.09984421087,872.7499999999856,0.0001317111319048468,0.00013526919790340778,-0.026303593528378078,0.012247492167639743,True,False
77,1,4,5,112972.92846015016,609.7999999999919,0.00013024515422819326,0.00013231970167183944,-0.015678295956192412,0.015291607773314614,True,False
78,1,5,0,107566.87582185301,586.6500000000051,0.00013070363580888915,0.00013369402533908135,-0.022367413372496037,0.013786500359653672,True,False
79,1,5,1,150593.62615059467,836.8000000000111,0.00013213652894205594,0.0001362155098607625,-0.029945054883074862,0.012186882210237223,True,False
80,1,5,2,172107.00131496575,956.0500000000148,0.00013308430804207105,0.00013617379711649614,-0.022687838188003573,0.011405589927270239,True,False
81,1,5,3,172107.00131496575,968.9500000000154,0.0001330834025584599,0.0001380111926322148,-0.035705727773014284,0.012232400057683574,True,False
82,1,5,4,150593.62615059467,825.7500000000142,0.00013193443109533443,0.00013441677493729044,-0.01846751525703616,0.012652302649651382,True,False
83,1,5,5,107566.87582185301,581.4500000000074,0.0001304551231055951,0.00013250897644832325,-0.015499729888330371,0.015330239617949886,True,False
84,1,6,0,112972.92846015029,613.8499999999946,0.0001304976566109509,0.0001331985058564423,-0.020276873438823007,0.014212130517102031,True,False
85,1,6,1,158162.0998442109,873.4499999999891,0.00013191878443941714,0.00013537769224718598,-0.025550057401283133,0.011822408049201222,True,False
86,1,6,2,180756.68553624128,1000.4499999999847,0.00013286238126661694,0.0001356789577910698,-0.020759125588140637,0.011703547026312423,True,False
87,1,6,3,180756.68553624128,1016.5499999999848,0.0001328531709790219,0.00013786240645960522,-0.03633503584641884,0.012145959826755901,True,False
88,1,6,4,158162.0998442109,872.7499999999856,0.00013171113190484679,0.00013526919790340778,-0.0263035935283783,0.01224749216763974,True,False
89,1,6,5,112972.92846015029,609.7999999999919,0.00013024515422819312,0.00013231970167183933,-0.015678295956192634,0.015291607773314609,True,False
90,1,7,0,107566.8758218528,586.6500000000051,0.0001307036358088894,0.00013369402533908146,-0.022367413372495037,0.013786500359653685,True,False
91,1,7,1,150593.62615059427,836.8000000000111,0.0001321365289420563,0.0001362155098607629,-0.029945054883075195,0.012186882210237216,True,False
92,1,7,2,172107.00131496496,956.0500000000148,0.00013308430804207164,0.0001361737971164968,-0.022687838188003906,0.011405589927270237,True,False
93,1,7,3,172107.00131496496,968.9500000000154,0.00013308340255846048,0.00013801119263221558,-0.035705727773015505,0.01223240005768356,True,False
94,1,7,4,150593.62615059427,825.7500000000142,0.00013193443109533478,0.00013441677493729082,-0.018467515257036382,0.012652302649651377,True,False
95,1,7,5,107566.8758218528,581.4500000000074,0.00013045512310559538,0.00013250897644832333,-0.015499729888328928,0.015330239617949916,True,False
96,2,0,0,138063.5723473114,892.1999999999816,0.00015794738724822784,0.00015841437640794518,-0.002947896335587341,0.012117138400389343,True,False
97,2,0,1,193289.00128623543,1269.650000000008,0.0001608114239459298,0.00016102316345338016,-0.0013149630333256779,0.010080928291562463,True,False
98,2,0,2,220901.71575569746,1484.0000000000443,0.00016301291471872191,0.00016468206020888771,-0.010135563570486061,0.009706757859117732,True,False
99,2,0,3,220901.71575569746,1456.0000000000337,0.0001628993779010786,0.00016157485152570118,0.008197602305497043,0.009585508741563095,True,False
100,2,0,4,193289.00128623543,1283.6000000000145,0.00016054380141045972,0.0001627923700301333,-0.01381249391023287,0.009295050461627768,True,False
101,2,0,5,138063.5723473114,898.5499999999846,0.00015789860206186107,0.0001595418492729872,-0.010299787915297398,0.012410119198843795,True,False
102,2,1,0,138855.25369601598,894.3499999999822,0.00015779639188593172,0.00015789074526572936,-0.0005975865123623025,0.01196242497254459,True,False
103,2,1,1,194397.35517442191,1274.7000000000091,0.00016066034135161182,0.00016074190592547347,-0.0005074256983083059,0.009869442380657475,True,False
104,2,1,2,222168.40591362488,1484.1000000000336,0.00016286940383475367,0.00016375416157605362,-0.005402963398209781,0.009847737970025654,True,False
105,2,1,3,222168.40591362488,1463.3500000000283,0.00016274637686219872,0.00016146462660354287,0.007938272831751858,0.009459161635746519,True,False
106,2,1,4,194397.35517442191,1293.000000000006,0.00016040140225163297,0.00016304956802513316,-0.016241476782643094,0.009416474359133205,True,False
107,2,1,5,138855.25369601598,913.599999999977,0.0001577837730062291,0.00016128918753817881,-0.02173372304401955,0.012692809177118616,True,False
108,2,2,0,127347.59980591659,823.9000000000217,0.0001579173175510394,0.00015859709147424424,-0.004286168913225197,0.012069277172457728,True,False
109,2,2,1,178286.63972828272,1169.4000000000042,0.0001607765489440844,0.00016078879091601075,-7.613697358266336e-05,0.010095274799431042,True,False
110,2,2,2,203756.1596894658,1367.6999999999698,0.00016297627023121024,0.000164547610457371,-0.009549456365808728,0.009783048381376235,True,False
111,2,2,3,203756.1596894658,1341.5499999999834,0.00016286276059350428,0.0001614015111567494,0.009053505300429032,0.009661321601565137,True,False
112,2,2,4,178286.63972828272,1186.1000000000065,0.00016050600482847224,0.000163084987947221,-0.015813737065629718,0.009456171580522213,True,False
113,2,2,5,127347.59980591659,828.3000000000254,0.00015786933363515313,0.00015944407193605598,-0.009876430536309821,0.012577930313941903,True,False
114,2,3,0,130118.48452638283,841.5500000000139,0.00015794363823784836,0.00015854494784876057,-0.0037926759513384756,0.012089311859701501,True,False
115,2,3,1,182165.87833693548,1191.7500000000039,0.00016081264761220665,0.00016037239243807,0.0027452055022914035,0.009882627584156561,True,False
116,2,3,2,208189.5752422118,1395.1999999999716,0.00016302807467043928,0.00016428161668839605,-0.007630446079273989,0.009980120451285487,True,False
117,2,3,3,208189.5752422118,1372.0999999999776,0.00016290196673376885,0.00016156164439374163,0.00829604294420716,0.009442457072257486,True,False
118,2,3,4,182165.87833693548,1213.2999999999952,0.0001605504848000689,0.00016327235053082464,-0.01667070830980577,0.009553128421934171,True,False
119,2,3,5,130118.48452638283,856.0500000000116,0.00015793576625161188,0.0001612766949152534,-0.020715507999448324,0.012858766100369786,True,False
120,2,4,0,136056.09464166645,876.5499999999911,0.00015772926451981415,0.00015793201371571127,-0.0012837751582277512,0.012120227683545341,True,False
121,2,4,1,190478.53249833296,1250.5500000000027,0.00016058137758558782,0.00016094092892768132,-0.0022340578278572387,0.010097037124410438,True,False
122,2,4,2,217689.75142666622,1458.7500000000273,0.0001627731491544101,0.00016426852789900315,-0.009103257719046742,0.009751921057305742,True,False
123,2,4,3,217689.75142666622,1432.9000000000221,0.0001626620693297395,0.00016135758260598564,0.008084446374852172,0.009606926217391286,True,False
124,2,4,4,190478.53249833296,1265.1500000000108,0.00016031398093322037,0.000162819892233702,-0.015390694994962817,0.009334560710276463,True,False
125,2,4,5,136056.09464166645,885.0499999999929,0.00015767790621168206,0.0001594634975062349,-0.011197492357039485,0.012511837673931691,True,False
126,2,5,0,131136.36054614486,849.450000000009,0.00015807729109170964,0.00015879110608020753,-0.0044953083715993936,0.01204069708188616,True,False
127,2,5,1,183590.90476460275,1202.2000000000005,0.0001609537863710211,0.00016052291628164904,0.0026841655967428935,0.009900591714700754,True,False
128,2,5,2,209818.1768738317,1406.749999999975,0.00016317542454686275,0.0001643558982858996,-0.0071824239430908765,0.009938570317286906,True,False
129,2,5,3,209818.1768738317,1383.599999999981,0.0001630480906051934,0.00016165119663648174,0.00864140815395853,0.009466484909629683,True,False
130,2,5,4,183590.90476460275,1222.849999999993,0.00016069181684358607,0.00016328019312511607,-0.01585235926041939,0.009534216180858179,True,False
131,2,5,5,131136.36054614486,863.2000000000073,0.00015807100999386606,0.0001613614489003886,-0.02039172881097384,0.012805096202882667,True,False
132,2,6,0,136056.09464166677,876.5499999999911,0.00015772926451981378,0.00015793201371571084,-0.0012837751582274182,0.012120227683545344,True,False
133,2,6,1,190478.53249833328,1250.5500000000027,0.00016058137758558755,0.000160940928927681,-0.0022340578278569057,0.010097037124410445,True,False
134,2,6,2,217689.75142666654,1458.7500000000273,0.00016277314915440986,0.00016426852789900285,-0.00910325771904641,0.009751921057305744,True,False
135,2,6,3,217689.75142666654,1432.9000000000221,0.00016266206932973926,0.00016135758260598537,0.008084446374852394,0.00960692621739129,True,False
136,2,6,4,190478.53249833328,1265.1500000000108,0.0001603139809332201,0.00016281989223370174,-0.015390694994962928,0.009334560710276463,True,False
137,2,6,5,136056.09464166677,885.0499999999929,0.00015767790621168168,0.00015946349750623455,-0.011197492357039596,0.01251183767393169,True,False
138,2,7,0,131136.36054614597,849.450000000009,0.0001580772910917083,0.00015879110608020612,-0.0044953083715989495,0.012040697081886152,True,False
139,2,7,1,183590.90476460385,1202.2000000000005,0.00016095378637102011,0.00016052291628164793,0.0026841655967437816,0.009900591714700764,True,False
140,2,7,2,209818.1768738328,1406.749999999975,0.00016317542454686188,0.00016435589828589888,-0.007182423943091765,0.009938570317286899,True,False
141,2,7,3,209818.1768738328,1383.599999999981,0.00016304809060519257,0.00016165119663648093,0.00864140815395853,0.009466484909629683,True,False
142,2,7,4,183590.90476460385,1222.849999999993,0.0001606918168435851,0.0001632801931251151,-0.015852359260419502,0.009534216180858179,True,False
143,2,7,5,131136.36054614597,863.2000000000073,0.00015807100999386473,0.0001613614489003871,-0.020391728810973064,0.01280509620288268,True,False
144,3,0,0,102938.77128437452,794.2499999999892,0.00019983134229165835,0.00018914276044732246,0.056510657976321266,0.014137721900680878,True,False
145,3,0,1,144114.27979812448,1163.9999999999943,0.00020454981445894522,0.0001979964685108891,0.03309829714309109,0.010044892927142087,True,False
146,3,0,2,164702.03405499924,1392.7000000000173,0.00020902313906704393,0.0002072860579752802,0.008380115424699186,0.010959464785801632,True,False
147,3,0,3,164702.03405499924,1368.6500000000124,0.00020904665707483484,0.0002037065148616841,0.02621488182043019,0.010015081952304878,True,False
148,3,0,4,144114.27979812448,1185.4999999999911,0.00020462852542960168,0.00020165361977633926,0.014752552701815969,0.010809068530909918,True,False
149,3,0,5,102938.77128437452,783.0999999999891,0.00020019618371545654,0.00018648749852854672,0.07350994192681148,0.0138910365202072,True,False
150,3,1,0,103984.92163802002,802.0999999999838,0.00019965560871993099,0.00018909046379739,0.05587349414860765,0.013768701544023822,True,False
151,3,1,1,145578.89029322815,1179.7999999999959,0.00020433800142617868,0.0001986650481665633,0.028555366492343914,0.010294379079404855,True,False
152,3,1,2,166375.87462083198,1408.3000000000247,0.00020880268834264033,0.00020749914300419568,0.006282172155372745,0.011205807584349555,True,False
153,3,1,3,166375.87462083198,1382.1000000000179,0.00020883157725446605,0.00020363883089263577,0.025499784785977475,0.009958982782238583,True,False
154,3,1,4,145578.89029322815,1197.6500000000053,0.00020446470371680085,0.00020167078736793047,0.013853847576709821,0.010879692130656982,True,False
155,3,1,5,103984.92163802002,790.1499999999863,0.00020004575902336338,0.00018627331999689274,0.07393672387811834,0.01305153104512539,True,False
156,3,2,0,98091.7426188359,755.6500000000117,0.0001996637958100677,0.00018884248919085912,0.057303346643941655,0.01423285134017521,True,False
157,3,2,1,137328.43966637045,1110.1000000000117,0.00020437499364178997,0.00019815867819641787,0.031370392162236804,0.01020452567997899,True,False
158,3,2,2,156946.7881901375,1329.3999999999876,0.00020883636846698468,0.00020764176961087145,0.005753172198214029,0.011018317356858614,True,False
159,3,2,3,156946.7881901375,1304.6999999999973,0.00020885560999106686,0.00020378382489190895,0.024888065094705647,0.010088420280896715,True,False
160,3,2,4,137328.43966637045,1127.7500000000036,0.00020444560634106865,0.00020130929586164334,0.015579561122606389,0.010821241581772478,True,False
161,3,2,5,98091.7426188359,747.7500000000101,0.00020003360339215527,0.00018686822112415138,0.07045276178477167,0.01371194237733667,True,False
162,3,3,0,97045.5922651905,749.5000000000138,0.00019988795263103018,0.00018932471073004306,0.055794311583812206,0.013819436459636859,True,False
163,3,3,1,135863.82917126687,1103.1000000000138,0.0002045723611701987,0.0001990318196953304,0.027837465804962935,0.01034904182261251,True,False
164,3,3,2,155272.94762430486,1315.5999999999851,0.0002090474591463209,0.0002077014588362614,0.0064804566978058364,0.011261765992204648,True,False
165,3,3,3,155272.94762430486,1291.0499999999904,0.00020907752853240426,0.0002038256068946147,0.02576674107736121,0.01007147622687052,True,False
166,3,3,4,135863.82917126687,1117.6000000000129,0.0002046982676077217,0.0002016480479480567,0.015126452701643256,0.010726877064865595,True,False
167,3,3,5,97045.5922651905,741.000000000014,0.00020028490028298608,0.00018717759926746097,0.0700260130850161,0.012938674202925214,True,False
168,3,4,0,102938.77128437451,794.2499999999892,0.00019983134229165837,0.0001891427604473225,0.056510657976321044,0.014137721900680878,True,False
169,3,4,1,144114.27979812445,1163.9999999999943,0.00020454981445894527,0.0001979964685108892,0.03309829714309109,0.010044892927142083,True,False
170,3,4,2,164702.0340549992,1392.7000000000173,0.00020902313906704398,0.00020728605797528028,0.008380115424698964,0.010959464785801632,True,False
171,3,4,3,164702.0340549992,1368.6500000000124,0.00020904665707483487,0.00020370651486168422,0.026214881820429747,0.010015081952304872,True,False
172,3,4,4,144114.27979812445,1185.4999999999911,0.0002046285254296017,0.0002016536197763393,0.014752552701815969,0.010809068530909917,True,False
173,3,4,5,102938.77128437451,783.0999999999891,0.0002001961837154566,0.00018648749852854678,0.07350994192681148,0.013891036520207197,True,False
174,3,5,0,98091.74261883587,756.5000000000102,0.00019968242667785927,0.00018905491043854302,0.05621391274452492,0.013847833845615767,True,False
175,3,5,1,137328.43966637042,1114.5000000000093,0.00020436128798219876,0.00019894410129709723,0.027229692409988404,0.010413784336529164,True,False
176,3,5,2,156946.78819013748,1330.299999999988,0.00020882493661189113,0.00020778234249536808,0.005017722410874725,0.01126429325134642,True,False
177,3,5,3,156946.78819013748,1304.5999999999924,0.00020885240392092683,0.00020376820568252082,0.024950890750480514,0.01005120412192327,True,False
178,3,5,4,137328.43966637042,1128.7500000000118,0.00020448473315725553,0.00020148780111179783,0.014874012366608902,0.010808728725017052,True,False
179,3,5,5,98091.74261883587,747.9000000000104,0.00020007904778436442,0.00018690570722668386,0.07048121083698966,0.012943815648649135,True,False
180,3,6,0,102938.77128437448,794.2499999999892,0.00019983134229165843,0.00018914276044732257,0.056510657976321044,0.014137721900680873,True,False
181,3,6,1,144114.27979812442,1163.9999999999943,0.0002045498144589453,0.00019799646851088924,0.03309829714309087,0.010044892927142083,True,False
182,3,6,2,164702.03405499918,1392.7000000000173,0.000209023139067044,0.00020728605797528028,0.008380115424699186,0.010959464785801634,True,False
183,3,6,3,164702.03405499918,1368.6500000000124,0.00020904665707483492,0.00020370651486168432,0.026214881820429303,0.010015081952304867,True,False
184,3,6,4,144114.27979812442,1185.4999999999911,0.00020462852542960176,0.00020165361977633934,0.014752552701815969,0.010809068530909913,True,False
185,3,6,5,102938.77128437448,783.0999999999891,0.00020019618371545664,0.00018648749852854689,0.07350994192681104,0.01389103652020719,True,False
186,3,7,0,98091.7426188359,756.5000000000102,0.00019968242667785919,0.00018905491043854288,0.05621391274452536,0.013847833845615767,True,False
187,3,7,1,137328.43966637045,1114.5000000000093,0.0002043612879821987,0.0001989441012970972,0.027229692409988182,0.010413784336529161,True,False
188,3,7,2,156946.7881901375,1330.299999999988,0.00020882493661189108,0.00020778234249536803,0.005017722410874725,0.011264293251346421,True,False
189,3,7,3,156946.7881901375,1304.5999999999924,0.0002088524039209268,0.00020376820568252082,0.024950890750480292,0.01005120412192327,True,False
190,3,7,4,137328.43966637045,1128.7500000000118,0.0002044847331572555,0.00020148780111179778,0.014874012366608902,0.010808728725017052,True,False
191,3,7,5,98091.7426188359,747.9000000000104,0.00020007904778436436,0.0001869057072266838,0.07048121083698966,0.012943815648649137,True,False
