expected_events,mode,iteration,max_over_volume_weighted_mean,relative_L2_to_uniform_truth,image_mass_in_max_cell
120,noiseless,1,1.0000000000000022,7.536766532960444e-16,0.027397260273972636
120,noiseless,50,1.0000000000000846,3.761135678050186e-14,0.02739726027397492
120,noiseless,100,1.0000000000001639,7.425466018844869e-14,0.02739726027397709
120,noiseless,500,1.0000000000007345,3.39956108077089e-13,0.0273972602739922
120,noiseless,1000,1.0000000000015448,6.732441497144613e-13,0.027397260274007622
120,noiseless,2000,1.0000000000031275,1.3436793577040494e-12,0.027397260274041692
120,poisson,1,1.0274913530815795,0.017950404961329214,0.02815044802963231
120,poisson,50,2.2296732654607423,0.3128572198625383,0.061086938779746365
120,poisson,100,3.398961458365916,0.5132753802596159,0.09312223173605248
120,poisson,500,8.939906587755116,1.2955899843335492,0.24492894760972916
120,poisson,1000,11.839853493421373,1.8214267321106303,0.32437954776496913
120,poisson,2000,13.719025994890464,2.308831821193954,0.3758637258874099
1200,noiseless,1,1.0000000000000016,7.438109049729816e-16,0.027397260273972622
1200,noiseless,50,1.0000000000000857,3.843320027009351e-14,0.02739726027397495
1200,noiseless,100,1.0000000000001665,7.609905735808396e-14,0.027397260273977167
1200,noiseless,500,1.0000000000007574,3.46001820923562e-13,0.02739726027399262
1200,noiseless,1000,1.000000000001632,6.934505825258656e-13,0.027397260274008194
1200,noiseless,2000,1.0000000000032463,1.3739882190630897e-12,0.02739726027404394
1200,poisson,1,1.062553983059234,0.014802523260610625,0.029111068029020113
1200,poisson,50,2.6026731697648806,0.2774878438353576,0.07130611424013371
1200,poisson,100,3.436974492650811,0.41153450712468387,0.0941636847301592
1200,poisson,500,5.7022505640276595,0.9373158009167736,0.15622604285007288
1200,poisson,1000,6.403558325241314,1.1683669451111094,0.17543995411620036
1200,poisson,2000,6.780803291890881,1.3817110081384585,0.1857754326545447
