group,dataset,worker,seed,view,event_id,legacy_row,ideal_row,global_legacy_row,global_ideal_row,reason,primary_mev,c1,c2,legacy_c1,legacy_c2,row,q,file_sha256
legacy,NEMA,0,30093001,1,308119,296,188,296,188,accepted,0.44,9913,2191,9913,2191,296,3.6795647144317627,f8d0444dbdcae018ae3fb3bd239f451f104d9632ef899d06a4c2f4f68068ee30
legacy,NEMA,3,30093004,1,1631415,1601,997,16600,10493,accepted,0.44,8905,968,8905,968,16600,6.343437194824219,f8d0444dbdcae018ae3fb3bd239f451f104d9632ef899d06a4c2f4f68068ee30
legacy,NEMA,3,30093004,1,3294904,3321,-1,18320,-1,intermediate_or_same_crystal_interaction,0.44,2062,2062,2062,9202,18320,3.0757341384887695,f8d0444dbdcae018ae3fb3bd239f451f104d9632ef899d06a4c2f4f68068ee30
legacy,NEMA,4,30093005,1,1700197,1712,1068,21815,13763,accepted,0.44,9272,2174,9272,2174,21815,6.90791654586792,f8d0444dbdcae018ae3fb3bd239f451f104d9632ef899d06a4c2f4f68068ee30
legacy,NEMA,4,30093005,1,1756498,1766,1102,21869,13797,accepted,0.44,2836,63,2836,63,21869,5.915416240692139,f8d0444dbdcae018ae3fb3bd239f451f104d9632ef899d06a4c2f4f68068ee30
legacy,NEMA,4,30093005,1,3754853,3834,2380,23937,15075,accepted,0.44,8325,1011,8325,1011,23937,5.373021602630615,f8d0444dbdcae018ae3fb3bd239f451f104d9632ef899d06a4c2f4f68068ee30
legacy,NEMA,5,30093006,1,3286471,3267,-1,28398,-1,measured_pair_differs_from_primary,0.44,10205,10267,10205,2280,28398,3.2832181453704834,f8d0444dbdcae018ae3fb3bd239f451f104d9632ef899d06a4c2f4f68068ee30
legacy,NEMA,6,30093007,1,3315998,3319,2110,33532,21106,accepted,0.44,4044,1526,4044,1526,33532,3.118027448654175,f8d0444dbdcae018ae3fb3bd239f451f104d9632ef899d06a4c2f4f68068ee30
legacy,NEMA,6,30093007,1,4889553,4902,3063,35115,22059,accepted,0.44,6385,1661,6385,1661,35115,4.2829999923706055,f8d0444dbdcae018ae3fb3bd239f451f104d9632ef899d06a4c2f4f68068ee30
legacy,NEMA,7,30093008,1,2315471,2379,-1,37591,-1,intermediate_or_same_crystal_interaction,0.44,7980,0,7980,1149,37591,4.552627086639404,f8d0444dbdcae018ae3fb3bd239f451f104d9632ef899d06a4c2f4f68068ee30
legacy,NEMA,9,30093010,1,3690965,3655,-1,49017,-1,first_not_crystal_compton,0.44,1138,0,10052,1161,49017,4.821582317352295,f8d0444dbdcae018ae3fb3bd239f451f104d9632ef899d06a4c2f4f68068ee30
legacy,NEMA,0,30093011,2,2154284,2106,1303,2106,1303,accepted,0.44,7527,926,7527,926,2106,6.416805267333984,1c56bcafa1f2b5288b7e5178b2673edb1ea5577acd0000817c9f23af11911f1e
legacy,NEMA,1,30093012,2,254684,245,-1,5153,-1,intermediate_or_same_crystal_interaction,0.44,4374,4374,4374,1558,5153,7.196585178375244,1c56bcafa1f2b5288b7e5178b2673edb1ea5577acd0000817c9f23af11911f1e
legacy,NEMA,2,30093013,2,428682,501,-1,10427,-1,first_energy_not_closed,0.44,698,210,698,210,10427,3.1723575592041016,1c56bcafa1f2b5288b7e5178b2673edb1ea5577acd0000817c9f23af11911f1e
legacy,NEMA,2,30093013,2,4275976,4428,2752,14354,8977,accepted,0.44,8885,306,8885,306,14354,4.691042900085449,1c56bcafa1f2b5288b7e5178b2673edb1ea5577acd0000817c9f23af11911f1e
legacy,NEMA,3,30093014,2,2687642,2777,1729,17830,11115,accepted,0.44,8507,1790,8507,1790,17830,5.480832099914551,1c56bcafa1f2b5288b7e5178b2673edb1ea5577acd0000817c9f23af11911f1e
legacy,NEMA,3,30093014,2,3913757,3992,2502,19045,11888,accepted,0.44,7613,1063,7613,1063,19045,3.0021932125091553,1c56bcafa1f2b5288b7e5178b2673edb1ea5577acd0000817c9f23af11911f1e
legacy,NEMA,3,30093014,2,4561551,4673,2958,19726,12344,accepted,0.44,7159,1001,7159,1001,19726,4.365312576293945,1c56bcafa1f2b5288b7e5178b2673edb1ea5577acd0000817c9f23af11911f1e
legacy,NEMA,4,30093015,2,1268646,1303,-1,21476,-1,intermediate_or_same_crystal_interaction,0.44,2238,0,2238,10021,21476,3.602454900741577,1c56bcafa1f2b5288b7e5178b2673edb1ea5577acd0000817c9f23af11911f1e
legacy,NEMA,4,30093015,2,2350681,2395,-1,22568,-1,measured_pair_differs_from_primary,0.44,9135,9134,9135,2257,22568,4.002477645874023,1c56bcafa1f2b5288b7e5178b2673edb1ea5577acd0000817c9f23af11911f1e
legacy,NEMA,6,30093017,2,400589,435,268,30643,19213,accepted,0.44,7023,944,7023,944,30643,3.620147228240967,1c56bcafa1f2b5288b7e5178b2673edb1ea5577acd0000817c9f23af11911f1e
legacy,NEMA,7,30093018,2,116399,120,77,35444,22227,accepted,0.44,6615,1796,6615,1796,35444,6.339047431945801,1c56bcafa1f2b5288b7e5178b2673edb1ea5577acd0000817c9f23af11911f1e
legacy,NEMA,8,30093019,2,22206,21,10,40415,25407,accepted,0.44,8863,902,8863,902,40415,3.373042583465576,1c56bcafa1f2b5288b7e5178b2673edb1ea5577acd0000817c9f23af11911f1e
legacy,NEMA,9,30093020,2,645849,690,-1,46154,-1,first_energy_not_closed,0.44,6880,602,6880,602,46154,6.5821967124938965,1c56bcafa1f2b5288b7e5178b2673edb1ea5577acd0000817c9f23af11911f1e
legacy,NEMA,0,30093021,3,519336,550,-1,550,-1,first_energy_not_closed,0.44,7768,1991,7768,1991,550,4.888828277587891,1bd5c78a098c9dc6943cd4784ac798b121f755a58529b4379bff34c00f0f7af2
legacy,NEMA,0,30093021,3,2884806,2985,-1,2985,-1,first_not_crystal_compton,0.44,9172,0,9173,2265,2985,3.350227117538452,1bd5c78a098c9dc6943cd4784ac798b121f755a58529b4379bff34c00f0f7af2
legacy,NEMA,2,30093023,3,653509,671,423,11073,6919,accepted,0.44,2911,1367,2911,1367,11073,3.191133737564087,1bd5c78a098c9dc6943cd4784ac798b121f755a58529b4379bff34c00f0f7af2
legacy,NEMA,2,30093023,3,3794700,3935,2439,14337,8935,accepted,0.44,6008,1692,6008,1692,14337,9.496811866760254,1bd5c78a098c9dc6943cd4784ac798b121f755a58529b4379bff34c00f0f7af2
legacy,NEMA,4,30093025,3,1178442,1178,-1,21949,-1,measured_pair_differs_from_primary,0.44,3041,3169,3041,1554,21949,4.837253093719482,1bd5c78a098c9dc6943cd4784ac798b121f755a58529b4379bff34c00f0f7af2
legacy,NEMA,4,30093025,3,2787937,2878,-1,23649,-1,first_not_crystal_compton,0.44,7587,0,2024,8670,23649,3.8807668685913086,1bd5c78a098c9dc6943cd4784ac798b121f755a58529b4379bff34c00f0f7af2
legacy,NEMA,5,30093026,3,4746739,4946,3137,30853,19326,accepted,0.44,3101,527,3101,527,30853,8.311504364013672,1bd5c78a098c9dc6943cd4784ac798b121f755a58529b4379bff34c00f0f7af2
legacy,NEMA,5,30093026,3,4903709,5110,3238,31017,19427,accepted,0.44,1938,294,1938,294,31017,3.750338315963745,1bd5c78a098c9dc6943cd4784ac798b121f755a58529b4379bff34c00f0f7af2
legacy,NEMA,6,30093027,3,2313099,2377,1449,33492,20940,accepted,0.44,8774,1076,8774,1076,33492,8.160231590270996,1bd5c78a098c9dc6943cd4784ac798b121f755a58529b4379bff34c00f0f7af2
legacy,NEMA,7,30093028,3,2168392,2234,1416,38499,24071,accepted,0.44,5657,1818,5657,1818,38499,5.045832633972168,1bd5c78a098c9dc6943cd4784ac798b121f755a58529b4379bff34c00f0f7af2
legacy,NEMA,7,30093028,3,2580684,2668,1702,38933,24357,accepted,0.44,1480,664,1480,664,38933,5.047917366027832,1bd5c78a098c9dc6943cd4784ac798b121f755a58529b4379bff34c00f0f7af2
legacy,NEMA,8,30093029,3,1749909,1799,-1,43195,-1,first_not_crystal_compton,0.44,0,0,957,1971,43195,4.330779075622559,1bd5c78a098c9dc6943cd4784ac798b121f755a58529b4379bff34c00f0f7af2
legacy,NEMA,8,30093029,3,2694024,2799,1777,44195,27642,accepted,0.44,2357,1589,2357,1589,44195,3.0744545459747314,1bd5c78a098c9dc6943cd4784ac798b121f755a58529b4379bff34c00f0f7af2
legacy,NEMA,9,30093030,3,3115839,3154,1995,49655,31022,accepted,0.44,3451,1484,3451,1484,49655,8.579328536987305,1bd5c78a098c9dc6943cd4784ac798b121f755a58529b4379bff34c00f0f7af2
legacy,NEMA,9,30093030,3,4418405,4492,-1,50993,-1,measured_pair_differs_from_primary,0.44,8174,8237,8174,1943,50993,7.846579074859619,1bd5c78a098c9dc6943cd4784ac798b121f755a58529b4379bff34c00f0f7af2
legacy,NEMA,9,30093030,3,4595874,4693,-1,51194,-1,intermediate_or_same_crystal_interaction,0.44,2079,2079,2079,8739,51194,4.271576404571533,1bd5c78a098c9dc6943cd4784ac798b121f755a58529b4379bff34c00f0f7af2
legacy,NEMA,1,30093032,4,3950239,4151,2643,9363,5901,accepted,0.44,5273,126,5273,126,9363,3.47725510597229,6b8c126c0819a42fbfbc03aa080451ec646d628922d31c8f450ef463d43b909f
legacy,NEMA,3,30093034,4,670641,715,431,16508,10328,accepted,0.44,1648,5480,1648,5480,16508,3.590594530105591,6b8c126c0819a42fbfbc03aa080451ec646d628922d31c8f450ef463d43b909f
legacy,NEMA,3,30093034,4,2133008,2250,-1,18043,-1,measured_pair_differs_from_primary,0.44,3142,3206,3142,624,18043,3.44301700592041,6b8c126c0819a42fbfbc03aa080451ec646d628922d31c8f450ef463d43b909f
legacy,NEMA,3,30093034,4,2350726,2481,1564,18274,11461,accepted,0.44,8175,1916,8175,1916,18274,3.5634920597076416,6b8c126c0819a42fbfbc03aa080451ec646d628922d31c8f450ef463d43b909f
legacy,NEMA,4,30093035,4,3862612,4079,2584,25082,15772,accepted,0.44,8658,2055,8658,2055,25082,13.368080139160156,6b8c126c0819a42fbfbc03aa080451ec646d628922d31c8f450ef463d43b909f
legacy,NEMA,6,30093037,4,262194,291,194,31778,20014,accepted,0.44,6606,929,6606,929,31778,3.262557029724121,6b8c126c0819a42fbfbc03aa080451ec646d628922d31c8f450ef463d43b909f
legacy,NEMA,6,30093037,4,579938,635,-1,32122,-1,first_energy_not_closed,0.44,784,234,784,234,32122,3.1059019565582275,6b8c126c0819a42fbfbc03aa080451ec646d628922d31c8f450ef463d43b909f
legacy,NEMA,0,30093041,5,1023212,1098,674,1098,674,accepted,0.44,4127,654,4127,654,1098,3.7823565006256104,d4e2fbb4c4c37147768adf7a38c85ebfca0f43bf445dbaee7df8f52ccb0622b4
legacy,NEMA,1,30093042,5,797492,895,567,6384,4004,accepted,0.44,5084,682,5084,682,6384,3.414177894592285,d4e2fbb4c4c37147768adf7a38c85ebfca0f43bf445dbaee7df8f52ccb0622b4
legacy,NEMA,1,30093042,5,1294705,1470,914,6959,4351,accepted,0.44,2093,6963,2093,6963,6959,4.307595252990723,d4e2fbb4c4c37147768adf7a38c85ebfca0f43bf445dbaee7df8f52ccb0622b4
legacy,NEMA,2,30093043,5,1587882,1804,1121,12800,7985,accepted,0.44,2640,1382,2640,1382,12800,5.530595779418945,d4e2fbb4c4c37147768adf7a38c85ebfca0f43bf445dbaee7df8f52ccb0622b4
legacy,NEMA,2,30093043,5,1667528,1886,1183,12882,8047,accepted,0.44,6866,1924,6866,1924,12882,3.4608206748962402,d4e2fbb4c4c37147768adf7a38c85ebfca0f43bf445dbaee7df8f52ccb0622b4
legacy,NEMA,2,30093043,5,2656575,2944,1799,13940,8663,accepted,0.44,7456,1966,7456,1966,13940,3.001722812652588,d4e2fbb4c4c37147768adf7a38c85ebfca0f43bf445dbaee7df8f52ccb0622b4
legacy,NEMA,4,30093045,5,950400,1015,648,22803,14255,accepted,0.44,8902,2049,8902,2049,22803,3.7536861896514893,d4e2fbb4c4c37147768adf7a38c85ebfca0f43bf445dbaee7df8f52ccb0622b4
legacy,NEMA,5,30093046,5,2658578,2933,1865,30191,18941,accepted,0.44,1459,3256,1459,3256,30191,5.71163272857666,d4e2fbb4c4c37147768adf7a38c85ebfca0f43bf445dbaee7df8f52ccb0622b4
legacy,NEMA,6,30093047,5,317571,377,228,33190,20835,accepted,0.44,7016,1754,7016,1754,33190,4.274328708648682,d4e2fbb4c4c37147768adf7a38c85ebfca0f43bf445dbaee7df8f52ccb0622b4
legacy,NEMA,6,30093047,5,2443840,2689,1681,35502,22288,accepted,0.44,6251,829,6251,829,35502,10.609273910522461,d4e2fbb4c4c37147768adf7a38c85ebfca0f43bf445dbaee7df8f52ccb0622b4
legacy,NEMA,7,30093048,5,2090699,2331,1484,40615,25541,accepted,0.44,3694,113,3694,113,40615,4.068001747131348,d4e2fbb4c4c37147768adf7a38c85ebfca0f43bf445dbaee7df8f52ccb0622b4
legacy,NEMA,7,30093048,5,2166652,2419,1541,40703,25598,accepted,0.44,8521,1631,8521,1631,40703,6.0136613845825195,d4e2fbb4c4c37147768adf7a38c85ebfca0f43bf445dbaee7df8f52ccb0622b4
legacy,NEMA,7,30093048,5,3889829,4234,-1,42518,-1,first_energy_not_closed,0.44,1077,331,1077,331,42518,3.671114206314087,d4e2fbb4c4c37147768adf7a38c85ebfca0f43bf445dbaee7df8f52ccb0622b4
legacy,NEMA,7,30093048,5,4951034,5403,3372,43687,27429,accepted,0.44,3705,643,3705,643,43687,5.827256679534912,d4e2fbb4c4c37147768adf7a38c85ebfca0f43bf445dbaee7df8f52ccb0622b4
legacy,NEMA,8,30093049,5,2320318,2582,-1,46322,-1,first_energy_not_closed,0.44,949,299,949,299,46322,3.1480188369750977,d4e2fbb4c4c37147768adf7a38c85ebfca0f43bf445dbaee7df8f52ccb0622b4
legacy,NEMA,9,30093050,5,3586459,4004,2549,53198,33479,accepted,0.44,9364,418,9364,418,53198,5.817953109741211,d4e2fbb4c4c37147768adf7a38c85ebfca0f43bf445dbaee7df8f52ccb0622b4
legacy,NEMA,6,30093057,6,80539,98,61,33647,21053,accepted,0.44,4887,1558,4887,1558,33647,4.136703968048096,31e45864dd83a0fbd4c4a814a8437778dc12faaa58a49e6bd60a8f33872fb5b7
legacy,NEMA,6,30093057,6,3988473,4460,2793,38009,23785,accepted,0.44,2123,436,2123,436,38009,3.4985175132751465,31e45864dd83a0fbd4c4a814a8437778dc12faaa58a49e6bd60a8f33872fb5b7
legacy,NEMA,7,30093058,6,4087195,4649,2947,43797,27440,accepted,0.44,5245,826,5245,826,43797,3.449606418609619,31e45864dd83a0fbd4c4a814a8437778dc12faaa58a49e6bd60a8f33872fb5b7
legacy,NEMA,7,30093058,6,4426019,5051,3190,44199,27683,accepted,0.44,2162,9453,2162,9453,44199,3.229454755783081,31e45864dd83a0fbd4c4a814a8437778dc12faaa58a49e6bd60a8f33872fb5b7
legacy,NEMA,8,30093059,6,1520460,1642,1021,46481,29110,accepted,0.44,1650,213,1650,213,46481,4.241725444793701,31e45864dd83a0fbd4c4a814a8437778dc12faaa58a49e6bd60a8f33872fb5b7
legacy,NEMA,8,30093059,6,1759482,1903,1189,46742,29278,accepted,0.44,9000,989,9000,989,46742,3.2199208736419678,31e45864dd83a0fbd4c4a814a8437778dc12faaa58a49e6bd60a8f33872fb5b7
legacy,NEMA,8,30093059,6,2416850,2669,1655,47508,29744,accepted,0.44,2762,1355,2762,1355,47508,3.4977869987487793,31e45864dd83a0fbd4c4a814a8437778dc12faaa58a49e6bd60a8f33872fb5b7
legacy,NEMA,8,30093059,6,2769360,3060,1899,47899,29988,accepted,0.44,8028,1094,8028,1094,47899,3.666123628616333,31e45864dd83a0fbd4c4a814a8437778dc12faaa58a49e6bd60a8f33872fb5b7
legacy,NEMA,8,30093059,6,3402011,3761,-1,48600,-1,measured_pair_differs_from_primary,0.44,7464,7401,7464,1826,48600,4.0137786865234375,31e45864dd83a0fbd4c4a814a8437778dc12faaa58a49e6bd60a8f33872fb5b7
legacy,NEMA,9,30093060,6,507605,561,367,50942,31930,accepted,0.44,5295,1880,5295,1880,50942,4.107008457183838,31e45864dd83a0fbd4c4a814a8437778dc12faaa58a49e6bd60a8f33872fb5b7
legacy,NEMA,9,30093060,6,1081288,1199,758,51580,32321,accepted,0.44,3160,1397,3160,1397,51580,3.304971933364868,31e45864dd83a0fbd4c4a814a8437778dc12faaa58a49e6bd60a8f33872fb5b7
legacy,NEMA,0,30093061,7,1714811,2018,1250,2018,1250,accepted,0.44,10229,2285,10229,2285,2018,5.272450923919678,ee956853f16bee5f8c5ba0f90dce6e168dbe61ac6726a627008f3a2256e6f3ab
legacy,NEMA,0,30093061,7,3735801,4268,2678,4268,2678,accepted,0.44,5267,139,5267,139,4268,3.098268985748291,ee956853f16bee5f8c5ba0f90dce6e168dbe61ac6726a627008f3a2256e6f3ab
legacy,NEMA,0,30093061,7,4254760,4854,-1,4854,-1,first_energy_not_closed,0.44,1358,95,1358,95,4854,4.931559085845947,ee956853f16bee5f8c5ba0f90dce6e168dbe61ac6726a627008f3a2256e6f3ab
legacy,NEMA,0,30093061,7,4463694,5090,3192,5090,3192,accepted,0.44,1826,944,1826,944,5090,4.943183422088623,ee956853f16bee5f8c5ba0f90dce6e168dbe61ac6726a627008f3a2256e6f3ab
legacy,NEMA,1,30093062,7,2040887,2313,-1,8054,-1,measured_pair_differs_from_primary,0.44,10463,10336,10463,1073,8054,6.349443435668945,ee956853f16bee5f8c5ba0f90dce6e168dbe61ac6726a627008f3a2256e6f3ab
legacy,NEMA,1,30093062,7,2102916,2388,1491,8129,5100,accepted,0.44,5378,787,5378,787,8129,8.206867218017578,ee956853f16bee5f8c5ba0f90dce6e168dbe61ac6726a627008f3a2256e6f3ab
legacy,NEMA,2,30093063,7,2233930,2564,-1,13911,-1,intermediate_or_same_crystal_interaction,0.44,74,0,74,2742,13911,3.257173776626587,ee956853f16bee5f8c5ba0f90dce6e168dbe61ac6726a627008f3a2256e6f3ab
legacy,NEMA,5,30093066,7,3267099,3679,2295,32189,20131,accepted,0.44,5342,1298,5342,1298,32189,3.668653964996338,ee956853f16bee5f8c5ba0f90dce6e168dbe61ac6726a627008f3a2256e6f3ab
legacy,NEMA,6,30093067,7,2111092,2431,-1,36607,-1,first_not_crystal_compton,0.44,0,0,1213,9599,36607,3.1212732791900635,ee956853f16bee5f8c5ba0f90dce6e168dbe61ac6726a627008f3a2256e6f3ab
legacy,NEMA,7,30093068,7,4045802,4776,3000,44688,27933,accepted,0.44,10319,2202,10319,2202,44688,8.537949562072754,ee956853f16bee5f8c5ba0f90dce6e168dbe61ac6726a627008f3a2256e6f3ab
legacy,NEMA,2,30093073,8,60644,88,56,11364,7121,accepted,0.44,7773,1962,7773,1962,11364,7.362973213195801,9fe3ea8bab514fcf970c1b2cfeb769fc676a0412abfd3e055b3c59e8aa1e7c9f
legacy,NEMA,3,30093074,8,1514807,1722,1103,18798,11765,accepted,0.44,3744,1534,3744,1534,18798,4.433413028717041,9fe3ea8bab514fcf970c1b2cfeb769fc676a0412abfd3e055b3c59e8aa1e7c9f
legacy,NEMA,3,30093074,8,2429049,2737,1743,19813,12405,accepted,0.44,4371,1527,4371,1527,19813,5.0008673667907715,9fe3ea8bab514fcf970c1b2cfeb769fc676a0412abfd3e055b3c59e8aa1e7c9f
legacy,NEMA,4,30093075,8,2902911,3308,2045,25937,16218,accepted,0.44,9196,1159,9196,1159,25937,3.8376874923706055,9fe3ea8bab514fcf970c1b2cfeb769fc676a0412abfd3e055b3c59e8aa1e7c9f
legacy,NEMA,6,30093077,8,2543413,2899,1818,36723,22999,accepted,0.44,3323,678,3323,678,36723,3.3324387073516846,9fe3ea8bab514fcf970c1b2cfeb769fc676a0412abfd3e055b3c59e8aa1e7c9f
legacy,NEMA,7,30093078,8,2866478,3225,-1,42783,-1,intermediate_or_same_crystal_interaction,0.44,7963,7963,7963,996,42783,3.103243112564087,9fe3ea8bab514fcf970c1b2cfeb769fc676a0412abfd3e055b3c59e8aa1e7c9f
legacy,NEMA,9,30093080,8,1901594,2149,-1,53201,-1,first_not_crystal_compton,0.44,0,0,298,1911,53201,3.34000301361084,9fe3ea8bab514fcf970c1b2cfeb769fc676a0412abfd3e055b3c59e8aa1e7c9f
legacy,NEMA,0,30093081,9,880898,1049,638,1049,638,accepted,0.44,9803,2165,9803,2165,1049,6.274667739868164,74bfc2f51d966d424849c8ded31bc7cc47833f85f9d1b8e0d801388f0f643e49
legacy,NEMA,0,30093081,9,2415153,2741,1679,2741,1679,accepted,0.44,8599,1272,8599,1272,2741,6.89401388168335,74bfc2f51d966d424849c8ded31bc7cc47833f85f9d1b8e0d801388f0f643e49
legacy,NEMA,1,30093082,9,1754636,1992,-1,7681,-1,first_energy_not_closed,0.44,1504,587,1504,587,7681,4.13511848449707,74bfc2f51d966d424849c8ded31bc7cc47833f85f9d1b8e0d801388f0f643e49
legacy,NEMA,3,30093084,9,1037383,1133,-1,18106,-1,intermediate_or_same_crystal_interaction,0.44,4260,4260,4260,1512,18106,3.8039519786834717,74bfc2f51d966d424849c8ded31bc7cc47833f85f9d1b8e0d801388f0f643e49
legacy,NEMA,3,30093084,9,1719575,1870,-1,18843,-1,intermediate_or_same_crystal_interaction,0.44,1340,0,1340,577,18843,5.550760746002197,74bfc2f51d966d424849c8ded31bc7cc47833f85f9d1b8e0d801388f0f643e49
legacy,NEMA,4,30093085,9,2189652,2568,1642,25180,15963,accepted,0.44,6583,1898,6583,1898,25180,3.0848662853240967,74bfc2f51d966d424849c8ded31bc7cc47833f85f9d1b8e0d801388f0f643e49
legacy,NEMA,5,30093086,9,2057370,2361,1453,30656,19375,accepted,0.44,6574,1788,6574,1788,30656,3.5183019638061523,74bfc2f51d966d424849c8ded31bc7cc47833f85f9d1b8e0d801388f0f643e49
legacy,NEMA,5,30093086,9,2195891,2541,1567,30836,19489,accepted,0.44,7683,1847,7683,1847,30836,3.2170357704162598,74bfc2f51d966d424849c8ded31bc7cc47833f85f9d1b8e0d801388f0f643e49
legacy,NEMA,5,30093086,9,3924255,4555,-1,32850,-1,measured_pair_differs_from_primary,0.44,3467,3592,3467,1364,32850,3.657093048095703,74bfc2f51d966d424849c8ded31bc7cc47833f85f9d1b8e0d801388f0f643e49
legacy,NEMA,7,30093088,9,1268766,1408,886,41236,25985,accepted,0.44,1919,6948,1919,6948,41236,4.23703670501709,74bfc2f51d966d424849c8ded31bc7cc47833f85f9d1b8e0d801388f0f643e49
legacy,NEMA,8,30093089,9,3488708,3973,2510,49419,31192,accepted,0.44,9409,1145,9409,1145,49419,4.443577289581299,74bfc2f51d966d424849c8ded31bc7cc47833f85f9d1b8e0d801388f0f643e49
legacy,NEMA,0,30093091,10,1621456,1789,-1,1789,-1,intermediate_or_same_crystal_interaction,0.44,1935,0,1935,1016,1789,5.323084354400635,b3d2f858976207af44b96fe663c2c28272a12a0513bf7d7840ae0e6fbcc48f90
legacy,NEMA,0,30093091,10,2287499,2548,-1,2548,-1,first_not_crystal_compton,0.44,7328,0,7328,1752,2548,3.99833083152771,b3d2f858976207af44b96fe663c2c28272a12a0513bf7d7840ae0e6fbcc48f90
legacy,NEMA,0,30093091,10,2814737,3184,1969,3184,1969,accepted,0.44,9084,1695,9084,1695,3184,7.650386333465576,b3d2f858976207af44b96fe663c2c28272a12a0513bf7d7840ae0e6fbcc48f90
legacy,NEMA,1,30093092,10,590473,647,431,6224,3908,accepted,0.44,6741,1748,6741,1748,6224,3.269547462463379,b3d2f858976207af44b96fe663c2c28272a12a0513bf7d7840ae0e6fbcc48f90
legacy,NEMA,2,30093093,10,2907694,3296,2105,14494,9197,accepted,0.44,7304,1876,7304,1876,14494,4.866155624389648,b3d2f858976207af44b96fe663c2c28272a12a0513bf7d7840ae0e6fbcc48f90
legacy,NEMA,3,30093094,10,2657597,2906,-1,19820,-1,first_energy_not_closed,0.44,7010,1847,7010,1847,19820,11.660996437072754,b3d2f858976207af44b96fe663c2c28272a12a0513bf7d7840ae0e6fbcc48f90
legacy,NEMA,7,30093098,10,161330,180,122,39482,24894,accepted,0.44,7744,382,7744,382,39482,3.3567490577697754,b3d2f858976207af44b96fe663c2c28272a12a0513bf7d7840ae0e6fbcc48f90
legacy,NEMA,7,30093098,10,1258668,1392,897,40694,25669,accepted,0.44,4914,1640,4914,1640,40694,3.612300157546997,b3d2f858976207af44b96fe663c2c28272a12a0513bf7d7840ae0e6fbcc48f90
legacy,NEMA,1,30093102,11,215417,246,158,5828,3684,accepted,0.44,2178,1115,2178,1115,5828,3.233133554458618,7483ff7805f6ceccb3729c04925c60cd910a02d35cd0e076de4ac5a0570d9b11
legacy,NEMA,1,30093102,11,4991274,5554,3509,11136,7035,accepted,0.44,9789,2190,9789,2190,11136,3.225841522216797,7483ff7805f6ceccb3729c04925c60cd910a02d35cd0e076de4ac5a0570d9b11
legacy,NEMA,2,30093103,11,340065,412,257,11563,7301,accepted,0.44,1666,5367,1666,5367,11563,3.975217580795288,7483ff7805f6ceccb3729c04925c60cd910a02d35cd0e076de4ac5a0570d9b11
legacy,NEMA,3,30093104,11,676175,781,-1,17678,-1,first_energy_not_closed,0.44,10160,2269,10160,2269,17678,7.320271968841553,7483ff7805f6ceccb3729c04925c60cd910a02d35cd0e076de4ac5a0570d9b11
legacy,NEMA,3,30093104,11,3238995,3720,2334,20617,13030,accepted,0.44,7958,1943,7958,1943,20617,4.591379642486572,7483ff7805f6ceccb3729c04925c60cd910a02d35cd0e076de4ac5a0570d9b11
legacy,NEMA,3,30093104,11,4493093,5171,3250,22068,13946,accepted,0.44,3688,1496,3688,1496,22068,3.31095814704895,7483ff7805f6ceccb3729c04925c60cd910a02d35cd0e076de4ac5a0570d9b11
legacy,NEMA,4,30093105,11,1265797,1380,851,23977,15123,accepted,0.44,10429,1211,10429,1211,23977,3.5607399940490723,7483ff7805f6ceccb3729c04925c60cd910a02d35cd0e076de4ac5a0570d9b11
legacy,NEMA,4,30093105,11,2157559,2369,1474,24966,15746,accepted,0.44,7827,267,7827,267,24966,3.2201075553894043,7483ff7805f6ceccb3729c04925c60cd910a02d35cd0e076de4ac5a0570d9b11
legacy,NEMA,4,30093105,11,4620159,5203,-1,27800,-1,first_energy_not_closed,0.44,10440,2147,10440,2147,27800,3.622879981994629,7483ff7805f6ceccb3729c04925c60cd910a02d35cd0e076de4ac5a0570d9b11
legacy,NEMA,5,30093106,11,2676326,2913,1794,31122,19649,accepted,0.44,6496,1821,6496,1821,31122,3.8998825550079346,7483ff7805f6ceccb3729c04925c60cd910a02d35cd0e076de4ac5a0570d9b11
legacy,NEMA,6,30093107,11,2668975,3026,1876,36698,23123,accepted,0.44,5370,774,5370,774,36698,3.4079298973083496,7483ff7805f6ceccb3729c04925c60cd910a02d35cd0e076de4ac5a0570d9b11
legacy,NEMA,7,30093108,11,4395863,4902,3047,44286,27862,accepted,0.44,9649,2168,9649,2168,44286,7.225973129272461,7483ff7805f6ceccb3729c04925c60cd910a02d35cd0e076de4ac5a0570d9b11
legacy,NEMA,9,30093110,11,2664862,3058,1940,53531,33734,accepted,0.44,10475,2159,10475,2159,53531,4.5717339515686035,7483ff7805f6ceccb3729c04925c60cd910a02d35cd0e076de4ac5a0570d9b11
legacy,NEMA,0,30093111,12,3538484,3962,2429,3962,2429,accepted,0.44,3186,1422,3186,1422,3962,4.483523368835449,9788dad42bb6363d9707796dbf8fcc1d38f4ead3cdc3e92d5c66a73fef4de68c
legacy,NEMA,1,30093112,12,107227,118,78,5795,3589,accepted,0.44,10342,2223,10342,2223,5795,3.1079065799713135,9788dad42bb6363d9707796dbf8fcc1d38f4ead3cdc3e92d5c66a73fef4de68c
legacy,NEMA,2,30093113,12,2212059,2447,1537,13744,8541,accepted,0.44,7251,214,7251,214,13744,5.266345500946045,9788dad42bb6363d9707796dbf8fcc1d38f4ead3cdc3e92d5c66a73fef4de68c
legacy,NEMA,2,30093113,12,3266526,3632,-1,14929,-1,first_energy_not_closed,0.44,730,166,730,166,14929,9.35426139831543,9788dad42bb6363d9707796dbf8fcc1d38f4ead3cdc3e92d5c66a73fef4de68c
legacy,NEMA,2,30093113,12,4809901,5267,3321,16564,10325,accepted,0.44,8177,378,8177,378,16564,4.421948432922363,9788dad42bb6363d9707796dbf8fcc1d38f4ead3cdc3e92d5c66a73fef4de68c
legacy,NEMA,3,30093114,12,1424967,1573,-1,18340,-1,first_energy_not_closed,0.44,624,101,624,101,18340,5.067828178405762,9788dad42bb6363d9707796dbf8fcc1d38f4ead3cdc3e92d5c66a73fef4de68c
legacy,NEMA,3,30093114,12,4360359,4893,3133,21660,13589,accepted,0.44,8824,1140,8824,1140,21660,7.772416114807129,9788dad42bb6363d9707796dbf8fcc1d38f4ead3cdc3e92d5c66a73fef4de68c
legacy,NEMA,4,30093115,12,3831514,4369,-1,26801,-1,intermediate_or_same_crystal_interaction,0.44,10459,10459,10459,2279,26801,4.9118194580078125,9788dad42bb6363d9707796dbf8fcc1d38f4ead3cdc3e92d5c66a73fef4de68c
legacy,NEMA,5,30093116,12,2227712,2606,-1,30718,-1,intermediate_or_same_crystal_interaction,0.44,689,0,689,3506,30718,3.421403408050537,9788dad42bb6363d9707796dbf8fcc1d38f4ead3cdc3e92d5c66a73fef4de68c
legacy,NEMA,5,30093116,12,2980359,3409,-1,31521,-1,intermediate_or_same_crystal_interaction,0.44,4341,0,4341,1464,31521,7.323093891143799,9788dad42bb6363d9707796dbf8fcc1d38f4ead3cdc3e92d5c66a73fef4de68c
legacy,NEMA,5,30093116,12,3747202,4269,-1,32381,-1,intermediate_or_same_crystal_interaction,0.44,3974,3974,3974,220,32381,4.187468528747559,9788dad42bb6363d9707796dbf8fcc1d38f4ead3cdc3e92d5c66a73fef4de68c
legacy,NEMA,6,30093117,12,3043493,3490,2226,37264,23480,accepted,0.44,8572,1026,8572,1026,37264,10.263933181762695,9788dad42bb6363d9707796dbf8fcc1d38f4ead3cdc3e92d5c66a73fef4de68c
legacy,NEMA,6,30093117,12,4304270,4984,-1,38758,-1,intermediate_or_same_crystal_interaction,0.44,1157,1157,1157,2190,38758,3.824533700942993,9788dad42bb6363d9707796dbf8fcc1d38f4ead3cdc3e92d5c66a73fef4de68c
legacy,NEMA,7,30093118,12,488816,568,362,40164,25314,accepted,0.44,4972,1014,4972,1014,40164,3.2216296195983887,9788dad42bb6363d9707796dbf8fcc1d38f4ead3cdc3e92d5c66a73fef4de68c
legacy,NEMA,7,30093118,12,4942258,5556,-1,45152,-1,measured_pair_differs_from_primary,0.44,7439,7564,7439,2018,45152,3.6469123363494873,9788dad42bb6363d9707796dbf8fcc1d38f4ead3cdc3e92d5c66a73fef4de68c
legacy,NEMA,9,30093120,12,3586268,4094,2576,55044,34682,accepted,0.44,1328,561,1328,561,55044,3.0544304847717285,9788dad42bb6363d9707796dbf8fcc1d38f4ead3cdc3e92d5c66a73fef4de68c
legacy,NEMA,0,30093121,13,1809279,2079,1274,2079,1274,accepted,0.44,353,8002,353,8002,2079,4.445919990539551,627c9b0babb2551c7b36eb51cca1cd5d80ec8adf48320aa9fce4edba5cfeb0ef
legacy,NEMA,2,30093123,13,2780591,3133,1952,14527,9121,accepted,0.44,9921,1088,9921,1088,14527,4.718261241912842,627c9b0babb2551c7b36eb51cca1cd5d80ec8adf48320aa9fce4edba5cfeb0ef
legacy,NEMA,2,30093123,13,3897471,4420,2779,15814,9948,accepted,0.44,7700,1898,7700,1898,15814,3.006927967071533,627c9b0babb2551c7b36eb51cca1cd5d80ec8adf48320aa9fce4edba5cfeb0ef
legacy,NEMA,2,30093123,13,4153676,4748,-1,16142,-1,first_not_crystal_compton,0.44,2239,0,2061,8952,16142,3.5601937770843506,627c9b0babb2551c7b36eb51cca1cd5d80ec8adf48320aa9fce4edba5cfeb0ef
legacy,NEMA,3,30093124,13,3083884,3533,2195,20643,12956,accepted,0.44,10156,1094,10156,1094,20643,4.2518134117126465,627c9b0babb2551c7b36eb51cca1cd5d80ec8adf48320aa9fce4edba5cfeb0ef
legacy,NEMA,3,30093124,13,4985849,5711,3547,22821,14308,accepted,0.44,694,37,694,37,22821,3.1299502849578857,627c9b0babb2551c7b36eb51cca1cd5d80ec8adf48320aa9fce4edba5cfeb0ef
legacy,NEMA,5,30093126,13,4429561,5037,3213,33599,21147,accepted,0.44,1454,710,1454,710,33599,5.5472893714904785,627c9b0babb2551c7b36eb51cca1cd5d80ec8adf48320aa9fce4edba5cfeb0ef
legacy,NEMA,5,30093126,13,4765920,5423,3463,33985,21397,accepted,0.44,2386,1313,2386,1313,33985,4.458771228790283,627c9b0babb2551c7b36eb51cca1cd5d80ec8adf48320aa9fce4edba5cfeb0ef
legacy,NEMA,8,30093129,13,1097642,1282,797,46975,29611,accepted,0.44,9146,1218,9146,1218,46975,10.68196964263916,627c9b0babb2551c7b36eb51cca1cd5d80ec8adf48320aa9fce4edba5cfeb0ef
legacy,NEMA,9,30093130,13,735679,812,-1,52180,-1,intermediate_or_same_crystal_interaction,0.44,387,0,387,2173,52180,3.126291036605835,627c9b0babb2551c7b36eb51cca1cd5d80ec8adf48320aa9fce4edba5cfeb0ef
legacy,NEMA,9,30093130,13,2158179,2471,1605,53839,34013,accepted,0.44,9554,2139,9554,2139,53839,3.813194751739502,627c9b0babb2551c7b36eb51cca1cd5d80ec8adf48320aa9fce4edba5cfeb0ef
legacy,NEMA,0,30093131,14,859594,985,618,985,618,accepted,0.44,2871,531,2871,531,985,5.663651466369629,a58ab55400ffa746632c3385beee17150fdb68f13d7d62a617afad4a3f3b9f9c
legacy,NEMA,2,30093133,14,1016310,1221,-1,12663,-1,first_energy_not_closed,0.44,1646,831,1646,831,12663,3.2094719409942627,a58ab55400ffa746632c3385beee17150fdb68f13d7d62a617afad4a3f3b9f9c
legacy,NEMA,2,30093133,14,3118753,3620,2291,15062,9494,accepted,0.44,2101,10115,2101,10115,15062,3.2420010566711426,a58ab55400ffa746632c3385beee17150fdb68f13d7d62a617afad4a3f3b9f9c
legacy,NEMA,4,30093135,14,548695,635,417,23595,14875,accepted,0.44,5675,1712,5675,1712,23595,3.7054355144500732,a58ab55400ffa746632c3385beee17150fdb68f13d7d62a617afad4a3f3b9f9c
legacy,NEMA,5,30093136,14,937229,1084,656,29749,18753,accepted,0.44,5772,1425,5772,1425,29749,3.751561164855957,a58ab55400ffa746632c3385beee17150fdb68f13d7d62a617afad4a3f3b9f9c
legacy,NEMA,5,30093136,14,963196,1124,683,29789,18780,accepted,0.44,6840,1843,6840,1843,29789,3.049795150756836,a58ab55400ffa746632c3385beee17150fdb68f13d7d62a617afad4a3f3b9f9c
legacy,NEMA,6,30093137,14,2300279,2584,-1,36905,-1,first_not_crystal_compton,0.44,7095,0,7095,352,36905,4.550227165222168,a58ab55400ffa746632c3385beee17150fdb68f13d7d62a617afad4a3f3b9f9c
legacy,NEMA,6,30093137,14,2670323,2996,-1,37317,-1,measured_pair_differs_from_primary,0.44,9506,9636,9506,793,37317,7.741458892822266,a58ab55400ffa746632c3385beee17150fdb68f13d7d62a617afad4a3f3b9f9c
legacy,NEMA,8,30093139,14,1001455,1132,726,46889,29629,accepted,0.44,7692,965,7692,965,46889,11.575606346130371,a58ab55400ffa746632c3385beee17150fdb68f13d7d62a617afad4a3f3b9f9c
legacy,NEMA,8,30093139,14,1976189,2229,-1,47986,-1,measured_pair_differs_from_primary,0.44,7579,7581,7579,1180,47986,4.719945907592773,a58ab55400ffa746632c3385beee17150fdb68f13d7d62a617afad4a3f3b9f9c
legacy,NEMA,9,30093140,14,2746827,3195,-1,54743,-1,intermediate_or_same_crystal_interaction,0.44,428,0,428,10073,54743,3.994657039642334,a58ab55400ffa746632c3385beee17150fdb68f13d7d62a617afad4a3f3b9f9c
legacy,NEMA,9,30093140,14,3786420,4421,2870,55969,35460,accepted,0.44,9952,1154,9952,1154,55969,6.177855491638184,a58ab55400ffa746632c3385beee17150fdb68f13d7d62a617afad4a3f3b9f9c
legacy,NEMA,3,30093144,15,4379273,5055,-1,22315,-1,intermediate_or_same_crystal_interaction,0.44,456,0,456,1217,22315,3.598752021789551,2974a91d9ecc17aa8c1ed298be5d7afe4b8f1fb8cf656b1f8f17e4618a58bb9c
legacy,NEMA,4,30093145,15,875772,993,-1,23999,-1,return_to_first_crystal,0.44,1431,3236,1431,3236,23999,3.8796277046203613,2974a91d9ecc17aa8c1ed298be5d7afe4b8f1fb8cf656b1f8f17e4618a58bb9c
legacy,NEMA,4,30093145,15,1134428,1307,839,24313,15359,accepted,0.44,2848,1584,2848,1584,24313,4.202388763427734,2974a91d9ecc17aa8c1ed298be5d7afe4b8f1fb8cf656b1f8f17e4618a58bb9c
legacy,NEMA,4,30093145,15,1931196,2232,-1,25238,-1,first_not_crystal_compton,0.44,1353,0,2896,1289,25238,4.041580677032471,2974a91d9ecc17aa8c1ed298be5d7afe4b8f1fb8cf656b1f8f17e4618a58bb9c
legacy,NEMA,5,30093146,15,2135472,2487,-1,31276,-1,first_energy_not_closed,0.44,2761,556,2761,556,31276,7.471876621246338,2974a91d9ecc17aa8c1ed298be5d7afe4b8f1fb8cf656b1f8f17e4618a58bb9c
legacy,NEMA,6,30093147,15,798671,881,570,35387,22412,accepted,0.44,4996,1556,4996,1556,35387,9.361902236938477,2974a91d9ecc17aa8c1ed298be5d7afe4b8f1fb8cf656b1f8f17e4618a58bb9c
legacy,NEMA,6,30093147,15,1474342,1668,1074,36174,22916,accepted,0.44,6065,1757,6065,1757,36174,3.8891570568084717,2974a91d9ecc17aa8c1ed298be5d7afe4b8f1fb8cf656b1f8f17e4618a58bb9c
legacy,NEMA,6,30093147,15,3241901,3780,-1,38286,-1,measured_pair_differs_from_primary,0.44,8689,8560,8689,25,38286,3.9734489917755127,2974a91d9ecc17aa8c1ed298be5d7afe4b8f1fb8cf656b1f8f17e4618a58bb9c
legacy,NEMA,9,30093150,15,106066,127,-1,51767,-1,first_energy_not_closed,0.44,9920,2192,9920,2192,51767,4.295372486114502,2974a91d9ecc17aa8c1ed298be5d7afe4b8f1fb8cf656b1f8f17e4618a58bb9c
legacy,NEMA,9,30093150,15,2644542,3068,-1,54708,-1,first_energy_not_closed,0.44,2092,1099,2092,1099,54708,3.897141456604004,2974a91d9ecc17aa8c1ed298be5d7afe4b8f1fb8cf656b1f8f17e4618a58bb9c
legacy,NEMA,9,30093150,15,3476106,3984,2424,55624,35144,accepted,0.44,8666,1050,8666,1050,55624,4.945337295532227,2974a91d9ecc17aa8c1ed298be5d7afe4b8f1fb8cf656b1f8f17e4618a58bb9c
legacy,NEMA,0,30093151,16,1079240,1353,-1,1353,-1,first_energy_not_closed,0.44,10420,2228,10420,2228,1353,3.877237319946289,205879f3f366c99c2d4d0b2f96f197acdc89c402b8e51c4c2732e76db64fab19
legacy,NEMA,0,30093151,16,4761123,5544,-1,5544,-1,first_energy_not_closed,0.44,10036,1054,10036,1054,5544,5.442368984222412,205879f3f366c99c2d4d0b2f96f197acdc89c402b8e51c4c2732e76db64fab19
legacy,NEMA,5,30093156,16,3968895,4448,2804,32698,20570,accepted,0.44,5932,232,5932,232,32698,3.459709405899048,205879f3f366c99c2d4d0b2f96f197acdc89c402b8e51c4c2732e76db64fab19
legacy,NEMA,6,30093157,16,3013315,3480,2154,37327,23460,accepted,0.44,7403,1883,7403,1883,37327,4.076347827911377,205879f3f366c99c2d4d0b2f96f197acdc89c402b8e51c4c2732e76db64fab19
legacy,NEMA,7,30093158,16,683587,774,473,40383,25376,accepted,0.44,5527,820,5527,820,40383,4.205643653869629,205879f3f366c99c2d4d0b2f96f197acdc89c402b8e51c4c2732e76db64fab19
legacy,NEMA,0,30093161,17,3519537,3713,2310,3713,2310,accepted,0.44,9945,1194,9945,1194,3713,7.676203727722168,56793fd8c195c22729e967a65cbd12c2f6b6ae713732199d03a86ee939baf260
legacy,NEMA,0,30093161,17,4703341,4973,3076,4973,3076,accepted,0.44,1163,361,1163,361,4973,4.3859992027282715,56793fd8c195c22729e967a65cbd12c2f6b6ae713732199d03a86ee939baf260
legacy,NEMA,1,30093162,17,146153,176,-1,5481,-1,intermediate_or_same_crystal_interaction,0.44,2247,2247,2247,10272,5481,3.833845853805542,56793fd8c195c22729e967a65cbd12c2f6b6ae713732199d03a86ee939baf260
legacy,NEMA,1,30093162,17,3878838,4216,-1,9521,-1,first_energy_not_closed,0.44,9291,1137,9291,1137,9521,11.09035587310791,56793fd8c195c22729e967a65cbd12c2f6b6ae713732199d03a86ee939baf260
legacy,NEMA,2,30093163,17,1469858,1585,993,12396,7781,accepted,0.44,7716,2028,7716,2028,12396,3.9524729251861572,56793fd8c195c22729e967a65cbd12c2f6b6ae713732199d03a86ee939baf260
legacy,NEMA,3,30093164,17,87876,96,61,16415,10327,accepted,0.44,4025,1548,4025,1548,16415,3.103269577026367,56793fd8c195c22729e967a65cbd12c2f6b6ae713732199d03a86ee939baf260
legacy,NEMA,3,30093164,17,3654460,4009,2568,20328,12834,accepted,0.44,3242,91,3242,91,20328,5.497261047363281,56793fd8c195c22729e967a65cbd12c2f6b6ae713732199d03a86ee939baf260
legacy,NEMA,3,30093164,17,4009849,4404,2835,20723,13101,accepted,0.44,5304,1646,5304,1646,20723,4.732978343963623,56793fd8c195c22729e967a65cbd12c2f6b6ae713732199d03a86ee939baf260
legacy,NEMA,4,30093165,17,278307,339,212,22125,14003,accepted,0.44,2478,587,2478,587,22125,3.018883466720581,56793fd8c195c22729e967a65cbd12c2f6b6ae713732199d03a86ee939baf260
legacy,NEMA,5,30093166,17,849094,894,547,28200,17824,accepted,0.44,2231,1212,2231,1212,28200,3.1031033992767334,56793fd8c195c22729e967a65cbd12c2f6b6ae713732199d03a86ee939baf260
legacy,NEMA,7,30093168,17,3953401,4324,2723,42254,26595,accepted,0.44,7082,186,7082,186,42254,4.274139404296875,56793fd8c195c22729e967a65cbd12c2f6b6ae713732199d03a86ee939baf260
legacy,NEMA,7,30093168,17,4975908,5470,3440,43400,27312,accepted,0.44,3325,666,3325,666,43400,5.552359104156494,56793fd8c195c22729e967a65cbd12c2f6b6ae713732199d03a86ee939baf260
legacy,NEMA,8,30093169,17,1765313,1965,1270,45401,28605,accepted,0.44,10362,1199,10362,1199,45401,3.036303997039795,56793fd8c195c22729e967a65cbd12c2f6b6ae713732199d03a86ee939baf260
legacy,NEMA,0,30093171,18,4221040,4487,2830,4487,2830,accepted,0.44,6705,1717,6705,1717,4487,5.962246417999268,0eaefe6e3f7f4e95f463c22d4d906f42bc48fedbad82a05fcbc7634204821d26
legacy,NEMA,1,30093172,18,1107691,1172,739,6554,4148,accepted,0.44,2368,533,2368,533,6554,3.752410411834717,0eaefe6e3f7f4e95f463c22d4d906f42bc48fedbad82a05fcbc7634204821d26
legacy,NEMA,3,30093174,18,1628206,1772,1090,17686,11204,accepted,0.44,4781,1639,4781,1639,17686,3.1820805072784424,0eaefe6e3f7f4e95f463c22d4d906f42bc48fedbad82a05fcbc7634204821d26
legacy,NEMA,3,30093174,18,1650451,1807,1111,17721,11225,accepted,0.44,6907,1874,6907,1874,17721,6.953769683837891,0eaefe6e3f7f4e95f463c22d4d906f42bc48fedbad82a05fcbc7634204821d26
legacy,NEMA,5,30093176,18,2779596,2951,-1,29454,-1,intermediate_or_same_crystal_interaction,0.44,3792,3792,3792,1654,29454,3.2409210205078125,0eaefe6e3f7f4e95f463c22d4d906f42bc48fedbad82a05fcbc7634204821d26
legacy,NEMA,6,30093177,18,3113378,3199,2046,35002,22018,accepted,0.44,5676,1695,5676,1695,35002,3.224107503890991,0eaefe6e3f7f4e95f463c22d4d906f42bc48fedbad82a05fcbc7634204821d26
legacy,NEMA,7,30093178,18,160372,184,103,37280,23455,accepted,0.44,8308,1016,8308,1016,37280,3.7059335708618164,0eaefe6e3f7f4e95f463c22d4d906f42bc48fedbad82a05fcbc7634204821d26
legacy,NEMA,8,30093179,18,4654013,4961,3162,47434,29897,accepted,0.44,3994,1528,3994,1528,47434,3.5424652099609375,0eaefe6e3f7f4e95f463c22d4d906f42bc48fedbad82a05fcbc7634204821d26
legacy,NEMA,9,30093180,18,1112183,1210,749,48986,30862,accepted,0.44,2082,1061,2082,1061,48986,3.4881954193115234,0eaefe6e3f7f4e95f463c22d4d906f42bc48fedbad82a05fcbc7634204821d26
legacy,NEMA,1,30093182,19,1523813,1604,1025,6778,4261,accepted,0.44,9412,2199,9412,2199,6778,3.2829020023345947,ef857ab4cae1e7a6852763c9ad2a33d222442b192b376097583d5f755aa905de
legacy,NEMA,1,30093182,19,3470278,3503,2159,8677,5395,accepted,0.44,5469,822,5469,822,8677,3.747068166732788,ef857ab4cae1e7a6852763c9ad2a33d222442b192b376097583d5f755aa905de
legacy,NEMA,1,30093182,19,4939035,5010,3137,10184,6373,accepted,0.44,816,3330,816,3330,10184,3.685602903366089,ef857ab4cae1e7a6852763c9ad2a33d222442b192b376097583d5f755aa905de
legacy,NEMA,3,30093184,19,1926883,2027,1293,17366,10891,accepted,0.44,4706,173,4706,173,17366,3.6527862548828125,ef857ab4cae1e7a6852763c9ad2a33d222442b192b376097583d5f755aa905de
legacy,NEMA,3,30093184,19,4156963,4365,2757,19704,12355,accepted,0.44,3030,1383,3030,1383,19704,5.275052547454834,ef857ab4cae1e7a6852763c9ad2a33d222442b192b376097583d5f755aa905de
legacy,NEMA,4,30093185,19,2159509,2251,1445,22832,14349,accepted,0.44,6723,1924,6723,1924,22832,8.777772903442383,ef857ab4cae1e7a6852763c9ad2a33d222442b192b376097583d5f755aa905de
legacy,NEMA,5,30093186,19,1084743,1095,700,26868,16889,accepted,0.44,1115,336,1115,336,26868,8.938587188720703,ef857ab4cae1e7a6852763c9ad2a33d222442b192b376097583d5f755aa905de
legacy,NEMA,5,30093186,19,3923382,3979,-1,29752,-1,first_energy_not_closed,0.44,4868,1498,4868,1498,29752,3.000488519668579,ef857ab4cae1e7a6852763c9ad2a33d222442b192b376097583d5f755aa905de
legacy,NEMA,6,30093187,19,4047263,4078,-1,34931,-1,first_energy_not_closed,0.44,4274,1482,4274,1482,34931,3.7200815677642822,ef857ab4cae1e7a6852763c9ad2a33d222442b192b376097583d5f755aa905de
legacy,NEMA,7,30093188,19,3056497,3184,-1,39080,-1,intermediate_or_same_crystal_interaction,0.44,1594,1594,1594,850,39080,4.245022296905518,ef857ab4cae1e7a6852763c9ad2a33d222442b192b376097583d5f755aa905de
legacy,NEMA,7,30093188,19,3151435,3295,2071,39191,24583,accepted,0.44,5127,1507,5127,1507,39191,9.37451457977295,ef857ab4cae1e7a6852763c9ad2a33d222442b192b376097583d5f755aa905de
legacy,NEMA,8,30093189,19,1314144,1400,899,42462,26658,accepted,0.44,6432,882,6432,882,42462,7.934126853942871,ef857ab4cae1e7a6852763c9ad2a33d222442b192b376097583d5f755aa905de
legacy,NEMA,9,30093190,19,1441506,1534,949,47796,30024,accepted,0.44,4767,780,4767,780,47796,3.2103984355926514,ef857ab4cae1e7a6852763c9ad2a33d222442b192b376097583d5f755aa905de
legacy,NEMA,9,30093190,19,2684214,2800,1745,49062,30820,accepted,0.44,7976,357,7976,357,49062,5.713793754577637,ef857ab4cae1e7a6852763c9ad2a33d222442b192b376097583d5f755aa905de
legacy,NEMA,3,30093194,20,3827439,3932,-1,19145,-1,first_energy_not_closed,0.44,6428,777,6428,777,19145,4.684656620025635,7afcb9a0f8c22699489d79a24dce16b96b23ba57986a8f660a5803107b767eda
legacy,NEMA,5,30093196,20,2167798,2206,1387,27640,17399,accepted,0.44,8817,2124,8817,2124,27640,4.626735210418701,7afcb9a0f8c22699489d79a24dce16b96b23ba57986a8f660a5803107b767eda
legacy,NEMA,6,30093197,20,3446277,3482,2197,33997,21412,accepted,0.44,9256,2169,9256,2169,33997,3.442333459854126,7afcb9a0f8c22699489d79a24dce16b96b23ba57986a8f660a5803107b767eda
legacy,NEMA,7,30093198,20,1659332,1689,1059,37253,23459,accepted,0.44,1575,759,1575,759,37253,9.124933242797852,7afcb9a0f8c22699489d79a24dce16b96b23ba57986a8f660a5803107b767eda
legacy,NEMA,7,30093198,20,3128169,3203,1968,38767,24368,accepted,0.44,6376,1805,6376,1805,38767,3.0653557777404785,7afcb9a0f8c22699489d79a24dce16b96b23ba57986a8f660a5803107b767eda
legacy,NEMA,8,30093199,20,2939153,3043,1917,43679,27482,accepted,0.44,3237,611,3237,611,43679,4.3480072021484375,7afcb9a0f8c22699489d79a24dce16b96b23ba57986a8f660a5803107b767eda
legacy,NEMA,8,30093199,20,3476923,3613,2271,44249,27836,accepted,0.44,8566,2088,8566,2088,44249,3.081303119659424,7afcb9a0f8c22699489d79a24dce16b96b23ba57986a8f660a5803107b767eda
