system,result_type,channel,actual_iteration,sphere_diameter_mm,crc,cnr,background_cv,integral_recovery,source_z_leakage
EHE,218 corrected single,218_SinglePhoton_CrossTalkCorrected,200,10,-0.03757392232278868,-0.15956564816886698,2.7558131708057956,1.368642879602461,0.08047386605576644
EHE,218 corrected single,218_SinglePhoton_CrossTalkCorrected,200,17,0.07916212095466885,0.35316471067672284,2.7558131708057956,1.368642879602461,0.08047386605576644
EHE,218 corrected single,218_SinglePhoton_CrossTalkCorrected,200,28,0.4495050887039984,1.6288485562057433,2.7558131708057956,1.368642879602461,0.08047386605576644
JSCC,218 corrected single,218_SinglePhoton_CrossTalkCorrected,10000,10,0.009324648893655882,0.11469113181788215,0.668601811075031,0.992914537051862,0.03031157006754397
JSCC,218 corrected single,218_SinglePhoton_CrossTalkCorrected,10000,17,0.21136307941761645,3.093302856773232,0.668601811075031,0.992914537051862,0.03031157006754397
JSCC,218 corrected single,218_SinglePhoton_CrossTalkCorrected,10000,28,0.5239597274397254,6.443148840657744,0.668601811075031,0.992914537051862,0.03031157006754397
EHE,440 single,440_SinglePhoton,200,13,0.03436085825788878,0.15045704186449554,2.7444395966905573,1.157723395801344,0.09144403500690974
EHE,440 single,440_SinglePhoton,200,22,0.5972224629875471,2.241833692431389,2.7444395966905573,1.157723395801344,0.09144403500690974
EHE,440 single,440_SinglePhoton,200,37,0.5618139241569049,2.272304308093291,2.7444395966905573,1.157723395801344,0.09144403500690974
JSCC,440 single,440_SinglePhoton,10000,13,0.18267414575840724,3.2070173517965963,0.7020972541802849,0.9943041392063162,0.06117858681304551
JSCC,440 single,440_SinglePhoton,10000,22,0.3175467744938759,5.507084315001104,0.7020972541802849,0.9943041392063162,0.06117858681304551
JSCC,440 single,440_SinglePhoton,10000,37,0.3880100544237118,5.3200770406443585,0.7020972541802849,0.9943041392063162,0.06117858681304551
JSCC,440 SC Compton,440_ComptonOnly,10000,13,-0.08921407824368058,-0.23603659286564796,2.499623706879354,0.999083204090252,0.053407580509216124
JSCC,440 SC Compton,440_ComptonOnly,10000,22,1.0015387228787058,2.3243253149071976,2.499623706879354,0.999083204090252,0.053407580509216124
JSCC,440 SC Compton,440_ComptonOnly,10000,37,0.41246797036618044,1.5182903434759056,2.499623706879354,0.999083204090252,0.053407580509216124
JSCC,440 JSCC,440_SinglePlusCompton,10000,13,0.14954572302589605,2.6874972334210088,0.6581341561125593,0.9952977230364785,0.05315801156795882
JSCC,440 JSCC,440_SinglePlusCompton,10000,22,0.40608282644052895,6.4038847896923805,0.6581341561125593,0.9952977230364785,0.05315801156795882
JSCC,440 JSCC,440_SinglePlusCompton,10000,37,0.4120725268040266,5.424610885015151,0.6581341561125593,0.9952977230364785,0.05315801156795882
EHE,dual single sum,440SinglePlus218Single,200,10,0.11229097592472047,0.09504980790416241,2.0344646875108183,1.2196932606734001,0.0878273000284852
EHE,dual single sum,440SinglePlus218Single,200,13,-0.0033310599143266295,-0.01398908878909652,2.0344646875108183,1.2196932606734001,0.0878273000284852
EHE,dual single sum,440SinglePlus218Single,200,17,-0.08387979017976688,-0.10538144116381623,2.0344646875108183,1.2196932606734001,0.0878273000284852
EHE,dual single sum,440SinglePlus218Single,200,22,0.6438190080822913,2.089632904254219,2.0344646875108183,1.2196932606734001,0.0878273000284852
EHE,dual single sum,440SinglePlus218Single,200,28,0.674963601182707,0.7674970032296008,2.0344646875108183,1.2196932606734001,0.0878273000284852
EHE,dual single sum,440SinglePlus218Single,200,37,0.5816207951500808,2.0872484353796685,2.0344646875108183,1.2196932606734001,0.0878273000284852
JSCC,dual single sum,440SinglePlus218Single,10000,10,-0.1440379876961864,-0.6290676578249116,0.5229799842957283,0.9938958589965136,0.05211847990868692
JSCC,dual single sum,440SinglePlus218Single,10000,13,0.1822623645510347,2.790041762085958,0.5229799842957283,0.9938958589965136,0.05211847990868692
JSCC,dual single sum,440SinglePlus218Single,10000,17,0.3207734066014993,1.9348222465630738,0.5229799842957283,0.9938958589965136,0.05211847990868692
JSCC,dual single sum,440SinglePlus218Single,10000,22,0.36587581484676784,5.330033729412624,0.5229799842957283,0.9938958589965136,0.05211847990868692
JSCC,dual single sum,440SinglePlus218Single,10000,28,0.7823156698768713,3.318420339807686,0.5229799842957283,0.9938958589965136,0.05211847990868692
JSCC,dual single sum,440SinglePlus218Single,10000,37,0.4572138349612247,5.236244537510095,0.5229799842957283,0.9938958589965136,0.05211847990868692
JSCC,440 JSCC + 218 single,440SingleComptonPlus218Single,10000,10,-0.14242370427439574,-0.6238573313440167,0.4999599323812831,0.9945975173889627,0.04645683993697813
JSCC,440 JSCC + 218 single,440SingleComptonPlus218Single,10000,13,0.1471410258155735,2.3465502530531293,0.4999599323812831,0.9945975173889627,0.04645683993697813
JSCC,440 JSCC + 218 single,440SingleComptonPlus218Single,10000,17,0.33270366269153856,1.9799472820290434,0.4999599323812831,0.9945975173889627,0.04645683993697813
JSCC,440 JSCC + 218 single,440SingleComptonPlus218Single,10000,22,0.45894367696671823,6.303902098568218,0.4999599323812831,0.9945975173889627,0.04645683993697813
JSCC,440 JSCC + 218 single,440SingleComptonPlus218Single,10000,28,0.7464343264792893,3.0347270553427896,0.4999599323812831,0.9945975173889627,0.04645683993697813
JSCC,440 JSCC + 218 single,440SingleComptonPlus218Single,10000,37,0.4827265787872131,5.360332166093121,0.4999599323812831,0.9945975173889627,0.04645683993697813
