system,channel,sphere_diameter_mm,saved_frame_CNR_peak_iteration,saved_frame_CNR_peak,CRC_at_CNR_peak,background_CV_at_CNR_peak,budget_endpoint_iteration,budget_endpoint_CNR,provenance
EHE,218_SinglePhoton_CrossTalkCorrected,10,10,0.3205799282351755,0.012398832198439846,0.4739043297673852,200,-0.15956564816886698,"maximum among actual saved frames, not an unsaved/global optimum or stopping prescription"
EHE,218_SinglePhoton_CrossTalkCorrected,17,10,1.2980825190652374,0.03814874603469979,0.4739043297673852,200,0.35316471067672284,"maximum among actual saved frames, not an unsaved/global optimum or stopping prescription"
EHE,218_SinglePhoton_CrossTalkCorrected,28,20,4.223251055095116,0.2915834500991366,0.6758507404486817,200,1.6288485562057433,"maximum among actual saved frames, not an unsaved/global optimum or stopping prescription"
JSCC,218_SinglePhoton_CrossTalkCorrected,10,550,0.9529654251638333,0.008313996931293113,0.36138900453935446,10000,0.11469113181788215,"maximum among actual saved frames, not an unsaved/global optimum or stopping prescription"
JSCC,218_SinglePhoton_CrossTalkCorrected,17,10000,3.093302856773232,0.21136307941761645,0.668601811075031,10000,3.093302856773232,"maximum among actual saved frames, not an unsaved/global optimum or stopping prescription"
JSCC,218_SinglePhoton_CrossTalkCorrected,28,6500,6.78363322184581,0.4537877883009547,0.5216388234334761,10000,6.443148840657744,"maximum among actual saved frames, not an unsaved/global optimum or stopping prescription"
EHE,440_SinglePhoton,13,10,0.6733935872280061,0.01829594726648219,0.48695888371314716,200,0.15045704186449554,"maximum among actual saved frames, not an unsaved/global optimum or stopping prescription"
EHE,440_SinglePhoton,22,40,4.357754724161983,0.38182147240577524,0.9987381117861233,200,2.241833692431389,"maximum among actual saved frames, not an unsaved/global optimum or stopping prescription"
EHE,440_SinglePhoton,37,20,5.912653284666819,0.3835259218332337,0.6568725233451217,200,2.272304308093291,"maximum among actual saved frames, not an unsaved/global optimum or stopping prescription"
JSCC,440_SinglePhoton,13,10000,3.2070173517965963,0.18267414575840724,0.7020972541802849,10000,3.2070173517965963,"maximum among actual saved frames, not an unsaved/global optimum or stopping prescription"
JSCC,440_SinglePhoton,22,10000,5.507084315001104,0.3175467744938759,0.7020972541802849,10000,5.507084315001104,"maximum among actual saved frames, not an unsaved/global optimum or stopping prescription"
JSCC,440_SinglePhoton,37,5900,5.782181804235647,0.31621656686779626,0.5728984394907413,10000,5.3200770406443585,"maximum among actual saved frames, not an unsaved/global optimum or stopping prescription"
JSCC,440_ComptonOnly,13,150,0.7314657169069079,0.006835072272256178,0.4322638806678716,10000,-0.23603659286564796,"maximum among actual saved frames, not an unsaved/global optimum or stopping prescription"
JSCC,440_ComptonOnly,22,3350,3.411152605249926,0.3623012149168417,0.9995505982602628,10000,2.3243253149071976,"maximum among actual saved frames, not an unsaved/global optimum or stopping prescription"
JSCC,440_ComptonOnly,37,1100,3.6394347619094454,0.18172948958675905,0.5682749637954012,10000,1.5182903434759056,"maximum among actual saved frames, not an unsaved/global optimum or stopping prescription"
JSCC,440_SinglePlusCompton,13,10000,2.6874972334210088,0.14954572302589605,0.6581341561125593,10000,2.6874972334210088,"maximum among actual saved frames, not an unsaved/global optimum or stopping prescription"
JSCC,440_SinglePlusCompton,22,10000,6.4038847896923805,0.40608282644052895,0.6581341561125593,10000,6.4038847896923805,"maximum among actual saved frames, not an unsaved/global optimum or stopping prescription"
JSCC,440_SinglePlusCompton,37,5800,5.912363820178207,0.3343195471189479,0.5094566648255238,10000,5.424610885015151,"maximum among actual saved frames, not an unsaved/global optimum or stopping prescription"
EHE,440SinglePlus218Single,10,10,0.36188308442201117,0.03668588246770034,0.35389616411698094,200,0.09504980790416241,"maximum among actual saved frames, not an unsaved/global optimum or stopping prescription"
EHE,440SinglePlus218Single,13,10,0.4424290406896342,0.01521572139004635,0.35389616411698094,200,-0.01398908878909652,"maximum among actual saved frames, not an unsaved/global optimum or stopping prescription"
EHE,440SinglePlus218Single,17,10,0.008139589054849603,0.0007102475519256922,0.35389616411698094,200,-0.10538144116381623,"maximum among actual saved frames, not an unsaved/global optimum or stopping prescription"
EHE,440SinglePlus218Single,22,40,4.206146245056854,0.41935694854688293,0.7169101387958473,200,2.089632904254219,"maximum among actual saved frames, not an unsaved/global optimum or stopping prescription"
EHE,440SinglePlus218Single,28,20,3.1666561239879956,0.45122202839658365,0.47194541871513995,200,0.7674970032296008,"maximum among actual saved frames, not an unsaved/global optimum or stopping prescription"
EHE,440SinglePlus218Single,37,20,6.194103082326154,0.4168820459571654,0.47194541871513995,200,2.0872484353796685,"maximum among actual saved frames, not an unsaved/global optimum or stopping prescription"
JSCC,440SinglePlus218Single,10,450,0.24724954705363536,0.012234433437269546,0.30458121739501126,10000,-0.6290676578249116,"maximum among actual saved frames, not an unsaved/global optimum or stopping prescription"
JSCC,440SinglePlus218Single,13,10000,2.790041762085958,0.1822623645510347,0.5229799842957283,10000,2.790041762085958,"maximum among actual saved frames, not an unsaved/global optimum or stopping prescription"
JSCC,440SinglePlus218Single,17,10000,1.9348222465630738,0.3207734066014993,0.5229799842957283,10000,1.9348222465630738,"maximum among actual saved frames, not an unsaved/global optimum or stopping prescription"
JSCC,440SinglePlus218Single,22,10000,5.330033729412624,0.36587581484676784,0.5229799842957283,10000,5.330033729412624,"maximum among actual saved frames, not an unsaved/global optimum or stopping prescription"
JSCC,440SinglePlus218Single,28,6200,3.6213657416755676,0.648784878245111,0.43643309057275786,10000,3.318420339807686,"maximum among actual saved frames, not an unsaved/global optimum or stopping prescription"
JSCC,440SinglePlus218Single,37,5700,5.792459764155046,0.36885791934692724,0.4298962768025294,10000,5.236244537510095,"maximum among actual saved frames, not an unsaved/global optimum or stopping prescription"
JSCC,440SingleComptonPlus218Single,10,250,0.29896008511179767,0.01602719145610789,0.3653192711625459,10000,-0.6238573313440167,"maximum among actual saved frames, not an unsaved/global optimum or stopping prescription"
JSCC,440SingleComptonPlus218Single,13,10000,2.3465502530531293,0.1471410258155735,0.4999599323812831,10000,2.3465502530531293,"maximum among actual saved frames, not an unsaved/global optimum or stopping prescription"
JSCC,440SingleComptonPlus218Single,17,10000,1.9799472820290434,0.33270366269153856,0.4999599323812831,10000,1.9799472820290434,"maximum among actual saved frames, not an unsaved/global optimum or stopping prescription"
JSCC,440SingleComptonPlus218Single,22,10000,6.303902098568218,0.45894367696671823,0.4999599323812831,10000,6.303902098568218,"maximum among actual saved frames, not an unsaved/global optimum or stopping prescription"
JSCC,440SingleComptonPlus218Single,28,6400,3.262736921868521,0.6345546629815842,0.4091018701604247,10000,3.0347270553427896,"maximum among actual saved frames, not an unsaved/global optimum or stopping prescription"
JSCC,440SingleComptonPlus218Single,37,5600,5.9540324444420305,0.38709264861841347,0.3942264656019171,10000,5.360332166093121,"maximum among actual saved frames, not an unsaved/global optimum or stopping prescription"
